object,shot,n_seeds,AnomalyDINO_img_AUROC,AnomalyDINO_px_AUROC,AnomalyDINO_AUPRO,SubspaceAD_img_AUROC,SubspaceAD_px_AUROC,SubspaceAD_AUPRO,delta_img_AUROC
can,1,3,44.69,73.26,9.91,44.11,77.21,11.92,-0.6
sheet_metal,1,3,82.9,85.68,48.72,79.45,91.79,34.64,-3.5
vial,1,3,67.33,91.29,62.4,74.58,92.39,62.27,7.2
wallplugs,1,3,37.98,73.62,2.15,45.65,79.67,3.93,7.7
can,2,3,50.77,72.81,8.49,41.1,75.59,14.62,-9.7
sheet_metal,2,3,83.89,86.71,49.74,79.67,91.92,33.78,-4.2
vial,2,3,75.77,91.34,63.83,74.87,93.09,66.6,-0.9
wallplugs,2,3,39.77,77.16,2.23,44.34,80.44,4.04,4.6
can,4,3,50.38,69.68,12.3,47.44,74.39,11.18,-2.9
sheet_metal,4,3,83.63,88.1,51.01,80.11,91.76,34.01,-3.5
vial,4,3,85.57,91.27,66.44,84.11,93.65,71.08,-1.5
wallplugs,4,3,42.35,80.69,3.83,47.34,81.1,3.89,5.0
can,8,3,43.1,67.11,11.91,,,,
sheet_metal,8,3,83.72,88.82,50.97,,,,
vial,8,3,89.02,91.6,68.57,,,,
wallplugs,8,3,41.27,80.69,4.0,,,,
can,16,3,45.21,65.13,13.13,,,,
sheet_metal,16,3,84.92,89.13,50.66,,,,
vial,16,3,91.25,91.97,70.76,,,,
wallplugs,16,3,41.25,80.56,4.21,,,,
can,32,3,47.29,63.52,14.67,,,,
sheet_metal,32,3,84.91,89.11,50.94,,,,
vial,32,3,89.82,92.37,70.74,,,,
wallplugs,32,3,41.08,80.68,4.27,,,,
can,64,3,47.18,62.79,13.33,,,,
sheet_metal,64,3,84.48,88.87,50.95,,,,
vial,64,3,88.65,92.38,71.33,,,,
wallplugs,64,3,41.53,81.24,4.42,,,,
