object,type,image,scene,light,group,n_patches,mean,median,p95,p99,max,img_score
sheet_metal,good,000_overexposed.png,000,overexposed,light,4096,0.07928299903869629,0.08065903186798096,0.1185852587223053,0.14242548942565927,0.21390414237976074,0.16415204107761383
sheet_metal,good,000_regular.png,000,regular,same,4096,0.07824690639972687,0.0797896683216095,0.11769802868366241,0.14298854768276215,0.21109282970428467,0.16570904850959778
sheet_metal,good,000_shift_1.png,000,shift_1,light,4096,0.1000135987997055,0.09636706113815308,0.15041691064834595,0.17750742435455324,0.24329125881195068,0.1993195116519928
sheet_metal,good,000_shift_2.png,000,shift_2,light,4096,0.10053323954343796,0.09667855501174927,0.15086869895458221,0.17429764568805736,0.2548428773880005,0.2007252275943756
sheet_metal,good,000_shift_3.png,000,shift_3,light,4096,0.10002967715263367,0.09633058309555054,0.15119312703609467,0.1792170763015747,0.2471301555633545,0.20047903060913086
sheet_metal,good,000_underexposed.png,000,underexposed,light,4096,0.0786971002817154,0.0803045928478241,0.11880345642566681,0.14428051412105564,0.2143402099609375,0.16903333365917206
sheet_metal,good,001_overexposed.png,001,overexposed,scene_light,4096,0.07656475901603699,0.0757419764995575,0.11892774701118469,0.14771826565265656,0.26897871494293213,0.16455121338367462
sheet_metal,good,001_regular.png,001,regular,scene,4096,0.0732555091381073,0.0725279450416565,0.1146443784236908,0.1423375397920609,0.2285652756690979,0.1589781790971756
sheet_metal,good,001_shift_1.png,001,shift_1,scene_light,4096,0.10508346557617188,0.10057270526885986,0.16194631159305573,0.18959134221076987,0.2592396140098572,0.2080640345811844
sheet_metal,good,001_shift_2.png,001,shift_2,scene_light,4096,0.10733984410762787,0.10268047451972961,0.16570982336997986,0.1953306317329407,0.2608602046966553,0.2159436047077179
sheet_metal,good,001_shift_3.png,001,shift_3,scene_light,4096,0.10352520644664764,0.09879720211029053,0.16126325726509094,0.18671264946460744,0.2555232644081116,0.20407089591026306
sheet_metal,good,001_underexposed.png,001,underexposed,scene_light,4096,0.07067574560642242,0.06980502605438232,0.1117522120475769,0.13835486173629766,0.2106093168258667,0.15578146278858185
sheet_metal,good,002_overexposed.png,002,overexposed,scene_light,4096,0.050705548375844955,0.048768818378448486,0.08121494948863983,0.10939898788928995,0.21610045433044434,0.13571465015411377
sheet_metal,good,002_regular.png,002,regular,scene,4096,0.05091586709022522,0.04907137155532837,0.08178606629371643,0.10998708903789538,0.202986478805542,0.13288739323616028
sheet_metal,good,002_shift_1.png,002,shift_1,scene_light,4096,0.08928409963846207,0.08789697289466858,0.13013920187950134,0.1622635632753373,0.2902851104736328,0.1976637840270996
sheet_metal,good,002_shift_2.png,002,shift_2,scene_light,4096,0.08710846304893494,0.08557593822479248,0.12783338129520416,0.15759513378143333,0.2916966676712036,0.19733195006847382
sheet_metal,good,002_shift_3.png,002,shift_3,scene_light,4096,0.09264849126338959,0.09125620126724243,0.13442903757095337,0.16661849617958083,0.29320985078811646,0.20043429732322693
sheet_metal,good,002_underexposed.png,002,underexposed,scene_light,4096,0.05322296544909477,0.05146104097366333,0.0846785455942154,0.11369449198246011,0.2129179835319519,0.13484039902687073
sheet_metal,good,003_overexposed.png,003,overexposed,scene_light,4096,0.08887727558612823,0.09041765332221985,0.1355624496936798,0.1661994129419327,0.28117334842681885,0.18874578177928925
sheet_metal,good,003_regular.png,003,regular,scene,4096,0.09049210697412491,0.09213167428970337,0.1366383135318756,0.16699479222297683,0.28110647201538086,0.19026979804039001
sheet_metal,good,003_shift_1.png,003,shift_1,scene_light,4096,0.09806287288665771,0.09418290853500366,0.1487683206796646,0.1879113048315049,0.28049540519714355,0.21140435338020325
sheet_metal,good,003_shift_2.png,003,shift_2,scene_light,4096,0.09676529467105865,0.09270387887954712,0.14794692397117615,0.18810382485389715,0.2773619294166565,0.20967325568199158
sheet_metal,good,003_shift_3.png,003,shift_3,scene_light,4096,0.09930292516946793,0.09560436010360718,0.1522015631198883,0.18966670036315933,0.2798062562942505,0.21251800656318665
sheet_metal,good,003_underexposed.png,003,underexposed,scene_light,4096,0.09377875924110413,0.09495609998703003,0.13954538106918335,0.17066418826580051,0.2862415313720703,0.19368252158164978
sheet_metal,bad,000_overexposed.png,000,overexposed,defect,36,0.232962504029274,0.19113433361053467,0.4767613708972931,0.49747368693351746,0.4982849955558777,0.4982849955558777
sheet_metal,bad,000_overexposed.png,000,overexposed,clean,4038,0.06633831560611725,0.0637480616569519,0.10530807077884669,0.1317425346374512,0.27180206775665283,0.15279224514961243
sheet_metal,bad,000_regular.png,000,regular,defect,36,0.24124230444431305,0.20602741837501526,0.46513064205646515,0.4911445915699005,0.4942026138305664,0.4942026138305664
sheet_metal,bad,000_regular.png,000,regular,clean,4038,0.06410397589206696,0.061284035444259644,0.10213776528835293,0.12997666358947763,0.2689082622528076,0.15345387160778046
sheet_metal,bad,000_shift_1.png,000,shift_1,defect,36,0.2412673383951187,0.18704980611801147,0.4156428724527359,0.4391965955495834,0.45066654682159424,0.45066654682159424
sheet_metal,bad,000_shift_1.png,000,shift_1,clean,4038,0.08820954710245132,0.08359003067016602,0.1429616868495941,0.19892422199249288,0.3479588031768799,0.24002189934253693
sheet_metal,bad,000_shift_2.png,000,shift_2,defect,36,0.23674385249614716,0.17667406797409058,0.4243544638156891,0.44754711389541624,0.45610296726226807,0.45610296726226807
sheet_metal,bad,000_shift_2.png,000,shift_2,clean,4038,0.08839614689350128,0.08360674977302551,0.14346517026424407,0.2014992094039917,0.33624136447906494,0.2408580482006073
sheet_metal,bad,000_shift_3.png,000,shift_3,defect,36,0.24514323472976685,0.19992655515670776,0.40567585825920105,0.43083159327507015,0.43850696086883545,0.43850696086883545
sheet_metal,bad,000_shift_3.png,000,shift_3,clean,4038,0.08826673030853271,0.08355304598808289,0.14249732196331008,0.1917959117889405,0.34321296215057373,0.23346111178398132
sheet_metal,bad,000_underexposed.png,000,underexposed,defect,36,0.2489538937807083,0.2305607795715332,0.4525427371263504,0.47730951607227323,0.48309338092803955,0.48309338092803955
sheet_metal,bad,000_underexposed.png,000,underexposed,clean,4038,0.06409250944852829,0.06125059723854065,0.10168181061744688,0.13202979981899268,0.26001060009002686,0.15889842808246613
sheet_metal,bad,001_overexposed.png,001,overexposed,defect,58,0.2201175093650818,0.1586827039718628,0.432646968960762,0.43998816788196565,0.4406225085258484,0.4406225085258484
sheet_metal,bad,001_overexposed.png,001,overexposed,clean,4026,0.0848390981554985,0.08170756697654724,0.136545792222023,0.179412379860878,0.2890588045120239,0.21226882934570312
sheet_metal,bad,001_regular.png,001,regular,defect,58,0.2111465036869049,0.15430542826652527,0.41262843310832975,0.41906837940216063,0.42030179500579834,0.42030179500579834
sheet_metal,bad,001_regular.png,001,regular,clean,4026,0.08226680755615234,0.07918721437454224,0.13317278027534485,0.17573405802249908,0.28252947330474854,0.20604661107063293
sheet_metal,bad,001_shift_1.png,001,shift_1,defect,58,0.25639182329177856,0.23320931196212769,0.4583660989999771,0.475114067196846,0.48264050483703613,0.48264050483703613
sheet_metal,bad,001_shift_1.png,001,shift_1,clean,4026,0.11126375198364258,0.10569769144058228,0.17688599228858948,0.22110439836978912,0.30893540382385254,0.24248676002025604
sheet_metal,bad,001_shift_2.png,001,shift_2,defect,58,0.2550460398197174,0.2329646646976471,0.46044319570064546,0.47857900023460387,0.4851185083389282,0.4851185083389282
sheet_metal,bad,001_shift_2.png,001,shift_2,clean,4026,0.11190660297870636,0.10629534721374512,0.17809905111789703,0.22218729555606842,0.31157004833221436,0.24529413878917694
sheet_metal,bad,001_shift_3.png,001,shift_3,defect,58,0.2538089156150818,0.21400991082191467,0.45285055637359617,0.4710918587446213,0.4800071120262146,0.4800071120262146
sheet_metal,bad,001_shift_3.png,001,shift_3,clean,4026,0.11054836213588715,0.1049947738647461,0.17580221593379974,0.21768441796302795,0.3028069734573364,0.2374017983675003
sheet_metal,bad,001_underexposed.png,001,underexposed,defect,58,0.19681061804294586,0.147201806306839,0.3922336995601654,0.40845293760299684,0.41597872972488403,0.41597872972488403
sheet_metal,bad,001_underexposed.png,001,underexposed,clean,4026,0.07980526983737946,0.07638746500015259,0.13052639365196228,0.17168357968330383,0.27062666416168213,0.20409002900123596
sheet_metal,bad,002_overexposed.png,002,overexposed,defect,36,0.12103092670440674,0.10994300246238708,0.18377521634101868,0.21063634455204008,0.2151164412498474,0.2151164412498474
sheet_metal,bad,002_overexposed.png,002,overexposed,clean,4038,0.07606501132249832,0.07696843147277832,0.11455767452716824,0.14237423419952394,0.2143803834915161,0.1561284065246582
sheet_metal,bad,002_regular.png,002,regular,defect,36,0.11771627515554428,0.10779497027397156,0.16819000244140625,0.1795905292034149,0.18198949098587036,0.18198949098587036
sheet_metal,bad,002_regular.png,002,regular,clean,4038,0.07615682482719421,0.07685443758964539,0.1157833844423294,0.14340220153331756,0.21497470140457153,0.15769140422344208
sheet_metal,bad,002_shift_1.png,002,shift_1,defect,36,0.1479986310005188,0.14163947105407715,0.2182963341474533,0.22820038199424741,0.23194408416748047,0.23194408416748047
sheet_metal,bad,002_shift_1.png,002,shift_1,clean,4038,0.09523429721593857,0.09205508232116699,0.14703725874423967,0.17546146154403697,0.24220550060272217,0.19389960169792175
sheet_metal,bad,002_shift_2.png,002,shift_2,defect,36,0.14948228001594543,0.1441071629524231,0.22443242371082306,0.23750980794429777,0.24350666999816895,0.24350666999816895
sheet_metal,bad,002_shift_2.png,002,shift_2,clean,4038,0.09453176707029343,0.09123152494430542,0.14561905860900876,0.17288040459156037,0.22915905714035034,0.1900586038827896
sheet_metal,bad,002_shift_3.png,002,shift_3,defect,36,0.14728039503097534,0.14492154121398926,0.2149020880460739,0.2234086602926254,0.2255561351776123,0.2255561351776123
sheet_metal,bad,002_shift_3.png,002,shift_3,clean,4038,0.0958598181605339,0.09245032072067261,0.1477617651224136,0.17678569316864015,0.2487383484840393,0.19605451822280884
sheet_metal,bad,002_underexposed.png,002,underexposed,defect,36,0.12080742418766022,0.11116412281990051,0.1722412258386612,0.1789447396993637,0.18057334423065186,0.18057334423065186
sheet_metal,bad,002_underexposed.png,002,underexposed,clean,4038,0.07769991457462311,0.07758018374443054,0.1190980255603789,0.14993292689323426,0.20682716369628906,0.16464942693710327
sheet_metal,bad,003_overexposed.png,003,overexposed,defect,28,0.31480875611305237,0.4044482111930847,0.4298919290304184,0.4333503407239914,0.4345267415046692,0.4345267415046692
sheet_metal,bad,003_overexposed.png,003,overexposed,clean,4021,0.06332328170537949,0.060420215129852295,0.09690505266189575,0.13955935239791883,0.3318275213241577,0.17904028296470642
sheet_metal,bad,003_regular.png,003,regular,defect,28,0.31009286642074585,0.39783281087875366,0.42461566030979153,0.4332438999414444,0.43534427881240845,0.43534427881240845
sheet_metal,bad,003_regular.png,003,regular,clean,4021,0.0625281110405922,0.05950796604156494,0.09784621000289917,0.13925584554672246,0.30446088314056396,0.18219785392284393
sheet_metal,bad,003_shift_1.png,003,shift_1,defect,27,0.3105453550815582,0.379510760307312,0.42291858196258547,0.4321868276596069,0.4353036880493164,0.4353036880493164
sheet_metal,bad,003_shift_1.png,003,shift_1,clean,4023,0.09159830957651138,0.08757197856903076,0.14277018904685973,0.1814740443229674,0.4139139652252197,0.22932228446006775
sheet_metal,bad,003_shift_2.png,003,shift_2,defect,27,0.31487390398979187,0.3819441795349121,0.42994492650032046,0.43742864727973935,0.43936246633529663,0.43936246633529663
sheet_metal,bad,003_shift_2.png,003,shift_2,clean,4023,0.09072138369083405,0.08618772029876709,0.14360015392303463,0.1850271725654601,0.4186049699783325,0.22688885033130646
sheet_metal,bad,003_shift_3.png,003,shift_3,defect,27,0.3039156496524811,0.3776087164878845,0.4240762531757355,0.42701276898384094,0.42720460891723633,0.42720460891723633
sheet_metal,bad,003_shift_3.png,003,shift_3,clean,4023,0.0940065085887909,0.08992183208465576,0.1447450697422027,0.1795119881629943,0.41550981998443604,0.2292550504207611
sheet_metal,bad,003_underexposed.png,003,underexposed,defect,28,0.302232950925827,0.38271909952163696,0.42003388404846187,0.43276827394962314,0.4355056881904602,0.4355056881904602
sheet_metal,bad,003_underexposed.png,003,underexposed,clean,4021,0.06234755367040634,0.05902540683746338,0.09727323055267334,0.13968105316162122,0.30061691999435425,0.18529312312602997
sheet_metal,bad,004_overexposed.png,004,overexposed,defect,120,0.25569775700569153,0.2009180784225464,0.577942556142807,0.6084431755542755,0.6168683767318726,0.6168683767318726
sheet_metal,bad,004_overexposed.png,004,overexposed,clean,3945,0.10284560173749924,0.10230255126953125,0.1467634081840515,0.17471951246261594,0.23425334692001343,0.19537651538848877
sheet_metal,bad,004_regular.png,004,regular,defect,120,0.2510905861854553,0.19835302233695984,0.5707753628492355,0.6027216649055481,0.6139657497406006,0.6139657497406006
sheet_metal,bad,004_regular.png,004,regular,clean,3945,0.10106989741325378,0.10089021921157837,0.14556593894958497,0.17689238309860228,0.2313728928565979,0.1939111053943634
sheet_metal,bad,004_shift_1.png,004,shift_1,defect,120,0.2602832019329071,0.20354583859443665,0.564226844906807,0.5820117890834808,0.5863163471221924,0.5863163471221924
sheet_metal,bad,004_shift_1.png,004,shift_1,clean,3945,0.11468731611967087,0.11351466178894043,0.16167327165603634,0.193312873840332,0.27777397632598877,0.21869422495365143
sheet_metal,bad,004_shift_2.png,004,shift_2,defect,120,0.25415608286857605,0.18514245748519897,0.5647489726543427,0.5835611248016358,0.5887500047683716,0.5887500047683716
sheet_metal,bad,004_shift_2.png,004,shift_2,clean,3945,0.11551991105079651,0.11437380313873291,0.1622655153274536,0.19384051799774157,0.2674741744995117,0.21869365870952606
sheet_metal,bad,004_shift_3.png,004,shift_3,defect,120,0.2667231261730194,0.22280967235565186,0.5707409411668778,0.5874426257610321,0.5909274816513062,0.5909274816513062
sheet_metal,bad,004_shift_3.png,004,shift_3,clean,3945,0.11584014445543289,0.1148000955581665,0.16260998249053954,0.19436350345611572,0.2822227478027344,0.22157913446426392
sheet_metal,bad,004_underexposed.png,004,underexposed,defect,120,0.2550354301929474,0.2178758978843689,0.5564793586730957,0.5853163075447083,0.6006548404693604,0.6006548404693604
sheet_metal,bad,004_underexposed.png,004,underexposed,clean,3945,0.10130716860294342,0.10129940509796143,0.1454845190048217,0.17711645126342773,0.238905131816864,0.19874687492847443
sheet_metal,bad,005_overexposed.png,005,overexposed,defect,47,0.1704189032316208,0.12426871061325073,0.33936848044395446,0.34806668162345883,0.3550195097923279,0.3550195097923279
sheet_metal,bad,005_overexposed.png,005,overexposed,clean,4018,0.07338006794452667,0.07098183035850525,0.11545115709304801,0.14853883683681485,0.23170477151870728,0.16642704606056213
sheet_metal,bad,005_regular.png,005,regular,defect,47,0.17535501718521118,0.12420451641082764,0.3541154861450195,0.37003614664077755,0.3809303045272827,0.3809303045272827
sheet_metal,bad,005_regular.png,005,regular,clean,4018,0.07222303003072739,0.07038354873657227,0.1136741131544113,0.14515801310539245,0.2287502884864807,0.1628420650959015
sheet_metal,bad,005_shift_1.png,005,shift_1,defect,47,0.25847360491752625,0.2642195224761963,0.388313889503479,0.4095214807987213,0.4241482615470886,0.4241482615470886
sheet_metal,bad,005_shift_1.png,005,shift_1,clean,4018,0.10768391191959381,0.10194015502929688,0.16836417317390442,0.1981733167171478,0.3394359350204468,0.22251109778881073
sheet_metal,bad,005_shift_2.png,005,shift_2,defect,47,0.25169217586517334,0.25569915771484375,0.3840725541114807,0.40418051838874813,0.4187123775482178,0.4187123775482178
sheet_metal,bad,005_shift_2.png,005,shift_2,clean,4018,0.10739008337259293,0.10133054852485657,0.1683485984802246,0.19808282673358918,0.3276880383491516,0.21938326954841614
sheet_metal,bad,005_shift_3.png,005,shift_3,defect,47,0.2608359158039093,0.2611333131790161,0.3937863767147064,0.4121605134010315,0.4265406131744385,0.4265406131744385
sheet_metal,bad,005_shift_3.png,005,shift_3,clean,4018,0.10815359652042389,0.10262981057167053,0.16875268518924708,0.19793515145778653,0.3479389548301697,0.22627785801887512
sheet_metal,bad,005_underexposed.png,005,underexposed,defect,47,0.18170323967933655,0.12691646814346313,0.36287656426429743,0.38561927676200863,0.39663684368133545,0.39663684368133545
sheet_metal,bad,005_underexposed.png,005,underexposed,clean,4018,0.0725807324051857,0.07101798057556152,0.11431369185447689,0.14123934388160705,0.2208496332168579,0.15864017605781555
sheet_metal,bad,006_overexposed.png,006,overexposed,defect,18,0.1792551875114441,0.16266316175460815,0.32786784470081326,0.3418653208017349,0.34536468982696533,0.34536468982696533
sheet_metal,bad,006_overexposed.png,006,overexposed,clean,4070,0.07423502951860428,0.0711965262889862,0.12114598751068113,0.1542171424627304,0.2479204535484314,0.17537924647331238
sheet_metal,bad,006_regular.png,006,regular,defect,18,0.17773035168647766,0.16612112522125244,0.32470386028289794,0.33865760326385497,0.34214603900909424,0.34214603900909424
sheet_metal,bad,006_regular.png,006,regular,clean,4070,0.07116874307394028,0.06824803352355957,0.1174293905496597,0.15044713854789732,0.234763503074646,0.17090314626693726
sheet_metal,bad,006_shift_1.png,006,shift_1,defect,18,0.2562677264213562,0.26883432269096375,0.3378030687570572,0.34114068806171416,0.3419750928878784,0.3419750928878784
sheet_metal,bad,006_shift_1.png,006,shift_1,clean,4070,0.11314032971858978,0.10604789853096008,0.1855000376701355,0.21982548236846922,0.3304603695869446,0.23861399292945862
sheet_metal,bad,006_shift_2.png,006,shift_2,defect,18,0.26265957951545715,0.27667972445487976,0.34449915289878846,0.35067439913749693,0.3522182106971741,0.3522182106971741
sheet_metal,bad,006_shift_2.png,006,shift_2,clean,4070,0.11429335176944733,0.10694888234138489,0.1860208868980407,0.22235540986061095,0.32682913541793823,0.24214282631874084
sheet_metal,bad,006_shift_3.png,006,shift_3,defect,18,0.2508758306503296,0.26392772793769836,0.3315447479486465,0.331605504155159,0.3316206932067871,0.3316206932067871
sheet_metal,bad,006_shift_3.png,006,shift_3,clean,4070,0.11301197111606598,0.1062193512916565,0.18648536205291746,0.2182640606164932,0.3228967785835266,0.23656459152698517
sheet_metal,bad,006_underexposed.png,006,underexposed,defect,18,0.1742243468761444,0.16819119453430176,0.30729431509971616,0.3203856360912323,0.32365846633911133,0.32365846633911133
sheet_metal,bad,006_underexposed.png,006,underexposed,clean,4070,0.06921444833278656,0.06624922156333923,0.11522679924964895,0.14628100693225857,0.2347722053527832,0.1673707664012909
sheet_metal,bad,007_overexposed.png,007,overexposed,defect,51,0.10981346666812897,0.09910798072814941,0.18790104985237122,0.22593766450881958,0.2492988109588623,0.2492988109588623
sheet_metal,bad,007_overexposed.png,007,overexposed,clean,4042,0.05189629644155502,0.0493219792842865,0.08785070776939391,0.12199976742267615,0.20983177423477173,0.14889535307884216
sheet_metal,bad,007_regular.png,007,regular,defect,51,0.11926473677158356,0.11391937732696533,0.20810455083847046,0.24530869722366333,0.2596735954284668,0.2596735954284668
sheet_metal,bad,007_regular.png,007,regular,clean,4042,0.05178320035338402,0.04891607165336609,0.08787491023540492,0.12075144231319433,0.22108644247055054,0.15401017665863037
sheet_metal,bad,007_shift_1.png,007,shift_1,defect,51,0.19736182689666748,0.17632430791854858,0.3247339129447937,0.33108633756637573,0.33146703243255615,0.33146703243255615
sheet_metal,bad,007_shift_1.png,007,shift_1,clean,4042,0.08414296805858612,0.08029887080192566,0.134146448969841,0.16084576964378364,0.2637653350830078,0.17994141578674316
sheet_metal,bad,007_shift_2.png,007,shift_2,defect,51,0.1931484192609787,0.17056024074554443,0.3364582061767578,0.3444021940231323,0.34848499298095703,0.34848499298095703
sheet_metal,bad,007_shift_2.png,007,shift_2,clean,4042,0.08259483426809311,0.0787566602230072,0.13229717314243314,0.1548531687259674,0.2822626829147339,0.17803409695625305
sheet_metal,bad,007_shift_3.png,007,shift_3,defect,51,0.20448213815689087,0.19160377979278564,0.3253962993621826,0.3321104049682617,0.3346503973007202,0.3346503973007202
sheet_metal,bad,007_shift_3.png,007,shift_3,clean,4042,0.08759115636348724,0.08388379216194153,0.1389086961746216,0.16645442605018623,0.2438698410987854,0.18633253872394562
sheet_metal,bad,007_underexposed.png,007,underexposed,defect,51,0.12707547843456268,0.12699437141418457,0.21969974040985107,0.2511788606643677,0.25807178020477295,0.25807178020477295
sheet_metal,bad,007_underexposed.png,007,underexposed,clean,4042,0.0523192435503006,0.04914465546607971,0.08891069591045375,0.12737812578678137,0.22697967290878296,0.16410812735557556
sheet_metal,bad,008_overexposed.png,008,overexposed,defect,18,0.27778923511505127,0.3082035779953003,0.4005119144916534,0.4048668253421783,0.40595555305480957,0.40595555305480957
sheet_metal,bad,008_overexposed.png,008,overexposed,clean,4058,0.08791407197713852,0.0849921703338623,0.13636765778064727,0.17230305552482594,0.2670310139656067,0.19215171039104462
sheet_metal,bad,008_regular.png,008,regular,defect,18,0.27022385597229004,0.2944815456867218,0.3901396214962006,0.39542075037956237,0.39674103260040283,0.39674103260040283
sheet_metal,bad,008_regular.png,008,regular,clean,4058,0.08492998033761978,0.08198550343513489,0.13362778127193448,0.1676675999164581,0.2626382112503052,0.18999715149402618
sheet_metal,bad,008_shift_1.png,008,shift_1,defect,18,0.3180995583534241,0.3427211344242096,0.3990169018507004,0.40629731118679047,0.408117413520813,0.408117413520813
sheet_metal,bad,008_shift_1.png,008,shift_1,clean,4058,0.11647575348615646,0.11030223965644836,0.18848262429237364,0.2263114458322525,0.3105499744415283,0.250809907913208
sheet_metal,bad,008_shift_2.png,008,shift_2,defect,18,0.31970977783203125,0.34713485836982727,0.4036847293376922,0.41087763190269466,0.4126758575439453,0.4126758575439453
sheet_metal,bad,008_shift_2.png,008,shift_2,clean,4058,0.11731016635894775,0.11089178919792175,0.18781967163085936,0.22880115151405328,0.3056741952896118,0.25123167037963867
sheet_metal,bad,008_shift_3.png,008,shift_3,defect,18,0.31679487228393555,0.3388969302177429,0.39311728477478025,0.4004543972015381,0.40228867530822754,0.40228867530822754
sheet_metal,bad,008_shift_3.png,008,shift_3,clean,4058,0.11533106118440628,0.1094784140586853,0.18786324262619014,0.22639227867126463,0.3085498809814453,0.24882516264915466
sheet_metal,bad,008_underexposed.png,008,underexposed,defect,18,0.2635378837585449,0.2707361876964569,0.38111652135849,0.38793499708175655,0.38963961601257324,0.38963961601257324
sheet_metal,bad,008_underexposed.png,008,underexposed,clean,4058,0.08364295214414597,0.08021664619445801,0.13577023148536674,0.1708274674415588,0.26018840074539185,0.19558969140052795
sheet_metal,bad,009_overexposed.png,009,overexposed,defect,48,0.09845542162656784,0.09662467241287231,0.16279119849205015,0.19318708181381228,0.19838595390319824,0.19838595390319824
sheet_metal,bad,009_overexposed.png,009,overexposed,clean,4001,0.05761761963367462,0.05493283271789551,0.09802031517028809,0.12766563892364502,0.2080298662185669,0.147501140832901
sheet_metal,bad,009_regular.png,009,regular,defect,48,0.09902814030647278,0.09758803248405457,0.1635560780763626,0.18844122409820557,0.1939237117767334,0.1939237117767334
sheet_metal,bad,009_regular.png,009,regular,clean,4001,0.056201085448265076,0.05357486009597778,0.09580731391906738,0.12752807140350342,0.19778215885162354,0.14627034962177277
sheet_metal,bad,009_shift_1.png,009,shift_1,defect,48,0.18853087723255157,0.18296128511428833,0.3057417571544647,0.312210898399353,0.3128455877304077,0.3128455877304077
sheet_metal,bad,009_shift_1.png,009,shift_1,clean,4001,0.10298209637403488,0.09862345457077026,0.1605023741722107,0.18755221366882324,0.2786298990249634,0.2054869681596756
sheet_metal,bad,009_shift_2.png,009,shift_2,defect,48,0.1888919621706009,0.18076181411743164,0.3018576353788376,0.3096338164806366,0.3100124001502991,0.3100124001502991
sheet_metal,bad,009_shift_2.png,009,shift_2,clean,4001,0.1028633862733841,0.09896039962768555,0.16025471687316895,0.18855464458465576,0.2711467146873474,0.20683924853801727
sheet_metal,bad,009_shift_3.png,009,shift_3,defect,48,0.19007079303264618,0.18728098273277283,0.3129098415374756,0.318198721408844,0.3211781978607178,0.3211781978607178
sheet_metal,bad,009_shift_3.png,009,shift_3,clean,4001,0.10421160608530045,0.1003313660621643,0.16053086519241333,0.19203561544418335,0.28165727853775024,0.20711037516593933
sheet_metal,bad,009_underexposed.png,009,underexposed,defect,48,0.10015919059515,0.0980488657951355,0.1612799525260925,0.18366516828536988,0.18984341621398926,0.18984341621398926
sheet_metal,bad,009_underexposed.png,009,underexposed,clean,4001,0.055736929178237915,0.0533672571182251,0.0965503454208374,0.12459969520568848,0.196913480758667,0.14091017842292786
sheet_metal,bad,010_overexposed.png,010,overexposed,defect,41,0.15924596786499023,0.16117095947265625,0.24700617790222168,0.26829555034637453,0.2756996154785156,0.2756996154785156
sheet_metal,bad,010_overexposed.png,010,overexposed,clean,4022,0.08188210427761078,0.0794897973537445,0.12179986834526062,0.15207316279411312,0.2281091809272766,0.17912493646144867
sheet_metal,bad,010_regular.png,010,regular,defect,41,0.15897029638290405,0.1547066569328308,0.23132705688476562,0.2653291702270508,0.2768198251724243,0.2768198251724243
sheet_metal,bad,010_regular.png,010,regular,clean,4022,0.08092311024665833,0.07915246486663818,0.12170145511627196,0.15100899815559382,0.2222902774810791,0.1795642375946045
sheet_metal,bad,010_shift_1.png,010,shift_1,defect,40,0.2142816036939621,0.23661985993385315,0.34092817902565004,0.36089277207851406,0.3721497654914856,0.3721497654914856
sheet_metal,bad,010_shift_1.png,010,shift_1,clean,4022,0.10084567964076996,0.09380728006362915,0.16193606853485104,0.1907053911685943,0.25744450092315674,0.2098502367734909
sheet_metal,bad,010_shift_2.png,010,shift_2,defect,40,0.21095290780067444,0.22934526205062866,0.3384897708892822,0.36111581563949585,0.3727332353591919,0.3727332353591919
sheet_metal,bad,010_shift_2.png,010,shift_2,clean,4022,0.10055209696292877,0.09367722272872925,0.16255250871181487,0.18884391784667967,0.25275206565856934,0.20837673544883728
sheet_metal,bad,010_shift_3.png,010,shift_3,defect,40,0.2173161506652832,0.2392655909061432,0.3406151473522186,0.36367367565631864,0.37333977222442627,0.37333977222442627
sheet_metal,bad,010_shift_3.png,010,shift_3,clean,4022,0.10132356733083725,0.09425878524780273,0.16360373497009276,0.1913331812620163,0.2613435387611389,0.21055388450622559
sheet_metal,bad,010_underexposed.png,010,underexposed,defect,41,0.15753133594989777,0.14935898780822754,0.2319900393486023,0.25267879962921147,0.2632333040237427,0.2632333040237427
sheet_metal,bad,010_underexposed.png,010,underexposed,clean,4022,0.07970643043518066,0.07839503884315491,0.12356753945350646,0.15187929749488827,0.23797261714935303,0.17774598300457
sheet_metal,bad,011_overexposed.png,011,overexposed,defect,1,0.22538763284683228,0.22538763284683228,0.22538763284683228,0.22538763284683228,0.22538763284683228,0.22538763284683228
sheet_metal,bad,011_overexposed.png,011,overexposed,clean,4094,0.08136509358882904,0.07404956221580505,0.1437137544155121,0.20650155961513547,0.33184003829956055,0.23423993587493896
sheet_metal,bad,011_regular.png,011,regular,defect,1,0.21018868684768677,0.21018868684768677,0.21018868684768677,0.21018868684768677,0.21018868684768677,0.21018868684768677
sheet_metal,bad,011_regular.png,011,regular,clean,4094,0.07903652638196945,0.07226303219795227,0.14041875302791595,0.20397773027420063,0.3292679786682129,0.23201899230480194
sheet_metal,bad,011_shift_1.png,011,shift_1,defect,1,0.203679621219635,0.203679621219635,0.203679621219635,0.203679621219635,0.203679621219635,0.203679621219635
sheet_metal,bad,011_shift_1.png,011,shift_1,clean,4094,0.10247993469238281,0.095857173204422,0.165763720870018,0.19983387172222142,0.25307023525238037,0.21409881114959717
sheet_metal,bad,011_shift_2.png,011,shift_2,defect,1,0.21378517150878906,0.21378517150878906,0.21378517150878906,0.21378517150878906,0.21378517150878906,0.21378517150878906
sheet_metal,bad,011_shift_2.png,011,shift_2,clean,4094,0.10267054289579391,0.09599387645721436,0.16592448353767392,0.1996381098031998,0.26455599069595337,0.21709449589252472
sheet_metal,bad,011_shift_3.png,011,shift_3,defect,1,0.19590795040130615,0.19590795040130615,0.19590795040130615,0.19590795040130615,0.19590795040130615,0.19590795040130615
sheet_metal,bad,011_shift_3.png,011,shift_3,clean,4094,0.10193777829408646,0.09569776058197021,0.1641698062419891,0.19556725502014163,0.2422276735305786,0.2112671434879303
sheet_metal,bad,011_underexposed.png,011,underexposed,defect,1,0.19494998455047607,0.19494998455047607,0.19494998455047607,0.19494998455047607,0.19494998455047607,0.19494998455047607
sheet_metal,bad,011_underexposed.png,011,underexposed,clean,4094,0.0777948796749115,0.0710093080997467,0.13686482906341552,0.20204120874404913,0.32281494140625,0.22873735427856445
sheet_metal,bad,012_overexposed.png,012,overexposed,defect,2,0.10878795385360718,0.10878795385360718,0.1289026439189911,0.13069061636924745,0.13113760948181152,0.13113760948181152
sheet_metal,bad,012_overexposed.png,012,overexposed,clean,4094,0.053505588322877884,0.05091613531112671,0.08639578819274903,0.12003067076206207,0.2320692539215088,0.1438220739364624
sheet_metal,bad,012_regular.png,012,regular,defect,2,0.11059534549713135,0.11059534549713135,0.13435070514678954,0.1364622926712036,0.13699018955230713,0.13699018955230713
sheet_metal,bad,012_regular.png,012,regular,clean,4094,0.05289812386035919,0.05054071545600891,0.08605342507362364,0.1194342976808548,0.20685768127441406,0.1373388022184372
sheet_metal,bad,012_shift_1.png,012,shift_1,defect,2,0.1862611174583435,0.1862611174583435,0.18891478776931764,0.18915066957473756,0.18920964002609253,0.18920964002609253
sheet_metal,bad,012_shift_1.png,012,shift_1,clean,4094,0.09474310278892517,0.09333246946334839,0.13833440244197845,0.16714652538299574,0.2474740743637085,0.1870117038488388
sheet_metal,bad,012_shift_2.png,012,shift_2,defect,2,0.18494105339050293,0.18494105339050293,0.185041207075119,0.18505010962486268,0.18505233526229858,0.18505233526229858
sheet_metal,bad,012_shift_2.png,012,shift_2,clean,4094,0.09301020205020905,0.0913398265838623,0.13686946034431458,0.1648462522029877,0.27636873722076416,0.18640203773975372
sheet_metal,bad,012_shift_3.png,012,shift_3,defect,2,0.17526409029960632,0.17526409029960632,0.18405553996562957,0.18483700215816498,0.18503236770629883,0.18503236770629883
sheet_metal,bad,012_shift_3.png,012,shift_3,clean,4094,0.0966956838965416,0.09539639949798584,0.14048968255519867,0.16488699972629553,0.22447139024734497,0.18558508157730103
sheet_metal,bad,012_underexposed.png,012,underexposed,defect,2,0.12255942821502686,0.12255942821502686,0.14185497164726257,0.1435701310634613,0.143998920917511,0.143998920917511
sheet_metal,bad,012_underexposed.png,012,underexposed,clean,4094,0.05495740473270416,0.052757859230041504,0.08910029530525207,0.12115148186683657,0.2268553376197815,0.13982196152210236
sheet_metal,bad,013_overexposed.png,013,overexposed,defect,197,0.18659049272537231,0.15990763902664185,0.44643034934997555,0.4890114259719848,0.4952525496482849,0.4952525496482849
sheet_metal,bad,013_overexposed.png,013,overexposed,clean,3882,0.0950179174542427,0.0923585295677185,0.14995402693748472,0.20986037969589239,0.3846142888069153,0.2901802957057953
sheet_metal,bad,013_regular.png,013,regular,defect,197,0.18940579891204834,0.16087228059768677,0.4434164047241211,0.486958909034729,0.49020087718963623,0.49020087718963623
sheet_metal,bad,013_regular.png,013,regular,clean,3882,0.0935717225074768,0.08987122774124146,0.15103912651538842,0.2173715060949326,0.3902316093444824,0.29907479882240295
sheet_metal,bad,013_shift_1.png,013,shift_1,defect,197,0.22059406340122223,0.1977347731590271,0.4368818044662475,0.46351383209228514,0.47329843044281006,0.47329843044281006
sheet_metal,bad,013_shift_1.png,013,shift_1,clean,3882,0.14139918982982635,0.1375865936279297,0.22175613641738892,0.2640048605203629,0.3325386047363281,0.28719910979270935
sheet_metal,bad,013_shift_2.png,013,shift_2,defect,197,0.21957218647003174,0.19232302904129028,0.43542188405990595,0.4555446219444274,0.4731849431991577,0.4731849431991577
sheet_metal,bad,013_shift_2.png,013,shift_2,clean,3882,0.14149689674377441,0.13829126954078674,0.21789104938507078,0.263190370798111,0.33545392751693726,0.2840683162212372
sheet_metal,bad,013_shift_3.png,013,shift_3,defect,197,0.22100284695625305,0.193373441696167,0.4444998621940613,0.4644868302345276,0.4791527986526489,0.4791527986526489
sheet_metal,bad,013_shift_3.png,013,shift_3,clean,3882,0.13993924856185913,0.13525748252868652,0.22327533960342405,0.26341334104537967,0.3460880517959595,0.2895781397819519
sheet_metal,bad,013_underexposed.png,013,underexposed,defect,197,0.19229531288146973,0.162472665309906,0.4358224153518676,0.4806365013122559,0.4808654189109802,0.4808654189109802
sheet_metal,bad,013_underexposed.png,013,underexposed,clean,3882,0.09327874332666397,0.0883050262928009,0.15519100725650783,0.23180076241493236,0.393581748008728,0.30811095237731934
sheet_metal,bad,014_overexposed.png,014,overexposed,defect,10,0.22971861064434052,0.2542441189289093,0.2977643311023712,0.30255561470985415,0.30375343561172485,0.30375343561172485
sheet_metal,bad,014_overexposed.png,014,overexposed,clean,4079,0.07123769819736481,0.06781548261642456,0.11706222891807555,0.1601194190979001,0.2444629669189453,0.190125972032547
sheet_metal,bad,014_regular.png,014,regular,defect,10,0.22972747683525085,0.2486458718776703,0.2976224690675735,0.3037383133172989,0.3052672743797302,0.3052672743797302
sheet_metal,bad,014_regular.png,014,regular,clean,4079,0.07003611326217651,0.06652456521987915,0.11694090366363524,0.159592578411102,0.279724657535553,0.1954694539308548
sheet_metal,bad,014_shift_1.png,014,shift_1,defect,9,0.24841298162937164,0.2665252089500427,0.32254672050476074,0.32590594291687014,0.32674574851989746,0.32674574851989746
sheet_metal,bad,014_shift_1.png,014,shift_1,clean,4079,0.11550769954919815,0.10870814323425293,0.18457028865814207,0.2409285676479339,0.2954280376434326,0.2577359676361084
sheet_metal,bad,014_shift_2.png,014,shift_2,defect,9,0.24962803721427917,0.2693721055984497,0.32298974990844725,0.3239634132385254,0.3242068290710449,0.3242068290710449
sheet_metal,bad,014_shift_2.png,014,shift_2,clean,4079,0.11645043641328812,0.10956722497940063,0.18519847989082336,0.24271098732948299,0.2940570116043091,0.2617154121398926
sheet_metal,bad,014_shift_3.png,014,shift_3,defect,9,0.24590134620666504,0.2601967453956604,0.32212646007537843,0.3270483160018921,0.3282787799835205,0.3282787799835205
sheet_metal,bad,014_shift_3.png,014,shift_3,clean,4079,0.1131492406129837,0.10638481378555298,0.182223105430603,0.2329727876186369,0.2895376682281494,0.2501011788845062
sheet_metal,bad,014_underexposed.png,014,underexposed,defect,10,0.23744240403175354,0.25905200839042664,0.30641102790832514,0.3163060188293457,0.31877976655960083,0.31877976655960083
sheet_metal,bad,014_underexposed.png,014,underexposed,clean,4079,0.06999899446964264,0.06607663631439209,0.11792907714843748,0.17227073907852158,0.28282850980758667,0.20399360358715057
