object,split,type,name,score,img_h,img_w
can,validation,good,000_regular.png,0.21022969484329224,1024,2232
can,validation,good,001_regular.png,0.20377078652381897,1024,2232
can,validation,good,002_regular.png,0.2172744870185852,1024,2232
can,validation,good,003_regular.png,0.2923891246318817,1024,2232
can,validation,good,004_regular.png,0.3202851116657257,1024,2232
can,validation,good,005_regular.png,0.2241799682378769,1024,2232
can,validation,good,006_regular.png,0.32874956727027893,1024,2232
can,validation,good,007_regular.png,0.33433547616004944,1024,2232
can,validation,good,008_regular.png,0.19927607476711273,1024,2232
can,validation,good,009_regular.png,0.1980031430721283,1024,2232
can,validation,good,010_regular.png,0.18767929077148438,1024,2232
can,validation,good,011_regular.png,0.2180248647928238,1024,2232
can,validation,good,012_regular.png,0.24559427797794342,1024,2232
can,validation,good,013_regular.png,0.22730450332164764,1024,2232
can,validation,good,014_regular.png,0.2281695306301117,1024,2232
can,validation,good,015_regular.png,0.21919220685958862,1024,2232
can,validation,good,016_regular.png,0.21931923925876617,1024,2232
can,validation,good,017_regular.png,0.27323463559150696,1024,2232
can,validation,good,018_regular.png,0.31576773524284363,1024,2232
can,validation,good,019_regular.png,0.18135924637317657,1024,2232
can,validation,good,020_regular.png,0.2340293824672699,1024,2232
can,validation,good,021_regular.png,0.17926965653896332,1024,2232
can,validation,good,022_regular.png,0.2967119514942169,1024,2232
can,validation,good,023_regular.png,0.36393120884895325,1024,2232
can,validation,good,024_regular.png,0.33794328570365906,1024,2232
can,validation,good,025_regular.png,0.33992841839790344,1024,2232
can,validation,good,026_regular.png,0.24969027936458588,1024,2232
can,validation,good,027_regular.png,0.19478297233581543,1024,2232
can,validation,good,028_regular.png,0.2449706643819809,1024,2232
can,validation,good,029_regular.png,0.206441730260849,1024,2232
can,validation,good,030_regular.png,0.1668809950351715,1024,2232
can,validation,good,031_regular.png,0.19712018966674805,1024,2232
can,validation,good,032_regular.png,0.24285006523132324,1024,2232
can,validation,good,033_regular.png,0.22266453504562378,1024,2232
can,validation,good,034_regular.png,0.2631497085094452,1024,2232
can,validation,good,035_regular.png,0.3586983382701874,1024,2232
can,validation,good,036_regular.png,0.299573689699173,1024,2232
can,validation,good,037_regular.png,0.17855121195316315,1024,2232
can,validation,good,038_regular.png,0.23339177668094635,1024,2232
can,validation,good,039_regular.png,0.29285886883735657,1024,2232
can,validation,good,040_regular.png,0.21197248995304108,1024,2232
can,validation,good,041_regular.png,0.16766542196273804,1024,2232
can,validation,good,042_regular.png,0.1762566715478897,1024,2232
can,validation,good,043_regular.png,0.18279556930065155,1024,2232
can,validation,good,044_regular.png,0.269509494304657,1024,2232
can,validation,good,045_regular.png,0.1676119863986969,1024,2232
can,test_public,good,000_overexposed.png,0.16563357412815094,1024,2232
can,test_public,good,000_regular.png,0.16402274370193481,1024,2232
can,test_public,good,000_shift_1.png,0.19471655786037445,1024,2232
can,test_public,good,000_shift_2.png,0.3541961908340454,1024,2232
can,test_public,good,000_shift_3.png,0.3587704598903656,1024,2232
can,test_public,good,000_underexposed.png,0.17233772575855255,1024,2232
can,test_public,good,001_overexposed.png,0.24963116645812988,1024,2232
can,test_public,good,001_regular.png,0.2513405978679657,1024,2232
can,test_public,good,001_shift_1.png,0.2499774843454361,1024,2232
can,test_public,good,001_shift_2.png,0.2845427989959717,1024,2232
can,test_public,good,001_shift_3.png,0.280301034450531,1024,2232
can,test_public,good,001_underexposed.png,0.24499425292015076,1024,2232
can,test_public,good,002_overexposed.png,0.3227107524871826,1024,2232
can,test_public,good,002_regular.png,0.32950127124786377,1024,2232
can,test_public,good,002_shift_1.png,0.3400968909263611,1024,2232
can,test_public,good,002_shift_2.png,0.3596861660480499,1024,2232
can,test_public,good,002_shift_3.png,0.35207119584083557,1024,2232
can,test_public,good,002_underexposed.png,0.3514362573623657,1024,2232
can,test_public,good,003_overexposed.png,0.1624533087015152,1024,2232
can,test_public,good,003_regular.png,0.16736620664596558,1024,2232
can,test_public,good,003_shift_1.png,0.1603311151266098,1024,2232
can,test_public,good,003_shift_2.png,0.2644476592540741,1024,2232
can,test_public,good,003_shift_3.png,0.24869060516357422,1024,2232
can,test_public,good,003_underexposed.png,0.16317671537399292,1024,2232
can,test_public,good,004_overexposed.png,0.24898070096969604,1024,2232
can,test_public,good,004_regular.png,0.24684156477451324,1024,2232
can,test_public,good,004_shift_1.png,0.2684914469718933,1024,2232
can,test_public,good,004_shift_2.png,0.33635106682777405,1024,2232
can,test_public,good,004_shift_3.png,0.3401767909526825,1024,2232
can,test_public,good,004_underexposed.png,0.25026044249534607,1024,2232
can,test_public,good,005_overexposed.png,0.30744990706443787,1024,2232
can,test_public,good,005_regular.png,0.32051464915275574,1024,2232
can,test_public,good,005_shift_1.png,0.3364681303501129,1024,2232
can,test_public,good,005_shift_2.png,0.344859778881073,1024,2232
can,test_public,good,005_shift_3.png,0.3326919376850128,1024,2232
can,test_public,good,005_underexposed.png,0.33161333203315735,1024,2232
can,test_public,good,006_overexposed.png,0.2013840526342392,1024,2232
can,test_public,good,006_regular.png,0.207506000995636,1024,2232
can,test_public,good,006_shift_1.png,0.21634401381015778,1024,2232
can,test_public,good,006_shift_2.png,0.3326782286167145,1024,2232
can,test_public,good,006_shift_3.png,0.327859491109848,1024,2232
can,test_public,good,006_underexposed.png,0.21332073211669922,1024,2232
can,test_public,good,007_overexposed.png,0.29911118745803833,1024,2232
can,test_public,good,007_regular.png,0.31528154015541077,1024,2232
can,test_public,good,007_shift_1.png,0.32203686237335205,1024,2232
can,test_public,good,007_shift_2.png,0.3512861430644989,1024,2232
can,test_public,good,007_shift_3.png,0.33343079686164856,1024,2232
can,test_public,good,007_underexposed.png,0.33158138394355774,1024,2232
can,test_public,good,008_overexposed.png,0.2259582132101059,1024,2232
can,test_public,good,008_regular.png,0.22409524023532867,1024,2232
can,test_public,good,008_shift_1.png,0.21801896393299103,1024,2232
can,test_public,good,008_shift_2.png,0.35106033086776733,1024,2232
can,test_public,good,008_shift_3.png,0.3508477210998535,1024,2232
can,test_public,good,008_underexposed.png,0.21373529732227325,1024,2232
can,test_public,good,009_overexposed.png,0.21166567504405975,1024,2232
can,test_public,good,009_regular.png,0.2176857441663742,1024,2232
can,test_public,good,009_shift_1.png,0.26642006635665894,1024,2232
can,test_public,good,009_shift_2.png,0.31395772099494934,1024,2232
can,test_public,good,009_shift_3.png,0.3241621255874634,1024,2232
can,test_public,good,009_underexposed.png,0.24960309267044067,1024,2232
can,test_public,good,010_overexposed.png,0.3248887360095978,1024,2232
can,test_public,good,010_regular.png,0.33833393454551697,1024,2232
can,test_public,good,010_shift_1.png,0.33291295170783997,1024,2232
can,test_public,good,010_shift_2.png,0.3472481071949005,1024,2232
can,test_public,good,010_shift_3.png,0.3488210439682007,1024,2232
can,test_public,good,010_underexposed.png,0.3529476821422577,1024,2232
can,test_public,good,011_overexposed.png,0.19762854278087616,1024,2232
can,test_public,good,011_regular.png,0.19935542345046997,1024,2232
can,test_public,good,011_shift_1.png,0.21763771772384644,1024,2232
can,test_public,good,011_shift_2.png,0.3403718173503876,1024,2232
can,test_public,good,011_shift_3.png,0.34120267629623413,1024,2232
can,test_public,good,011_underexposed.png,0.20946727693080902,1024,2232
can,test_public,bad,000_overexposed.png,0.194266214966774,1024,2232
can,test_public,bad,000_regular.png,0.18766039609909058,1024,2232
can,test_public,bad,000_shift_1.png,0.19880570471286774,1024,2232
can,test_public,bad,000_shift_2.png,0.23330530524253845,1024,2232
can,test_public,bad,000_shift_3.png,0.22659769654273987,1024,2232
can,test_public,bad,000_underexposed.png,0.2037639170885086,1024,2232
can,test_public,bad,001_overexposed.png,0.2626328766345978,1024,2232
can,test_public,bad,001_regular.png,0.27727067470550537,1024,2232
can,test_public,bad,001_shift_1.png,0.2516845464706421,1024,2232
can,test_public,bad,001_shift_2.png,0.2831948399543762,1024,2232
can,test_public,bad,001_shift_3.png,0.2718489468097687,1024,2232
can,test_public,bad,001_underexposed.png,0.29187339544296265,1024,2232
can,test_public,bad,002_overexposed.png,0.2066265046596527,1024,2232
can,test_public,bad,002_regular.png,0.20592470467090607,1024,2232
can,test_public,bad,002_shift_1.png,0.21676653623580933,1024,2232
can,test_public,bad,002_shift_2.png,0.35572052001953125,1024,2232
can,test_public,bad,002_shift_3.png,0.3588821291923523,1024,2232
can,test_public,bad,002_underexposed.png,0.2160787731409073,1024,2232
can,test_public,bad,003_overexposed.png,0.2410721629858017,1024,2232
can,test_public,bad,003_regular.png,0.23983244597911835,1024,2232
can,test_public,bad,003_shift_1.png,0.2590569257736206,1024,2232
can,test_public,bad,003_shift_2.png,0.26417848467826843,1024,2232
can,test_public,bad,003_shift_3.png,0.2733752429485321,1024,2232
can,test_public,bad,003_underexposed.png,0.23641452193260193,1024,2232
can,test_public,bad,004_overexposed.png,0.16669951379299164,1024,2232
can,test_public,bad,004_regular.png,0.1674719899892807,1024,2232
can,test_public,bad,004_shift_1.png,0.1624075323343277,1024,2232
can,test_public,bad,004_shift_2.png,0.3230206370353699,1024,2232
can,test_public,bad,004_shift_3.png,0.32752183079719543,1024,2232
can,test_public,bad,004_underexposed.png,0.17568974196910858,1024,2232
can,test_public,bad,005_overexposed.png,0.21314412355422974,1024,2232
can,test_public,bad,005_regular.png,0.21108794212341309,1024,2232
can,test_public,bad,005_shift_1.png,0.22254876792430878,1024,2232
can,test_public,bad,005_shift_2.png,0.2693156898021698,1024,2232
can,test_public,bad,005_shift_3.png,0.2676932215690613,1024,2232
can,test_public,bad,005_underexposed.png,0.21957631409168243,1024,2232
can,test_public,bad,006_overexposed.png,0.183945894241333,1024,2232
can,test_public,bad,006_regular.png,0.18688517808914185,1024,2232
can,test_public,bad,006_shift_1.png,0.21587704122066498,1024,2232
can,test_public,bad,006_shift_2.png,0.24182701110839844,1024,2232
can,test_public,bad,006_shift_3.png,0.24937881529331207,1024,2232
can,test_public,bad,006_underexposed.png,0.19858068227767944,1024,2232
can,test_public,bad,007_overexposed.png,0.1846754550933838,1024,2232
can,test_public,bad,007_regular.png,0.1856038123369217,1024,2232
can,test_public,bad,007_shift_1.png,0.18725067377090454,1024,2232
can,test_public,bad,007_shift_2.png,0.33410966396331787,1024,2232
can,test_public,bad,007_shift_3.png,0.3356912136077881,1024,2232
can,test_public,bad,007_underexposed.png,0.19283799827098846,1024,2232
can,test_public,bad,008_overexposed.png,0.34231582283973694,1024,2232
can,test_public,bad,008_regular.png,0.34995225071907043,1024,2232
can,test_public,bad,008_shift_1.png,0.34783604741096497,1024,2232
can,test_public,bad,008_shift_2.png,0.3952927589416504,1024,2232
can,test_public,bad,008_shift_3.png,0.36774876713752747,1024,2232
can,test_public,bad,008_underexposed.png,0.36196720600128174,1024,2232
can,test_public,bad,009_overexposed.png,0.24675317108631134,1024,2232
can,test_public,bad,009_regular.png,0.25629913806915283,1024,2232
can,test_public,bad,009_shift_1.png,0.2667296826839447,1024,2232
can,test_public,bad,009_shift_2.png,0.2922478914260864,1024,2232
can,test_public,bad,009_shift_3.png,0.2741677165031433,1024,2232
can,test_public,bad,009_underexposed.png,0.27875956892967224,1024,2232
can,test_public,bad,010_overexposed.png,0.16748753190040588,1024,2232
can,test_public,bad,010_regular.png,0.17235268652439117,1024,2232
can,test_public,bad,010_shift_1.png,0.18549633026123047,1024,2232
can,test_public,bad,010_shift_2.png,0.2742542624473572,1024,2232
can,test_public,bad,010_shift_3.png,0.2689301371574402,1024,2232
can,test_public,bad,010_underexposed.png,0.1744472086429596,1024,2232
can,test_public,bad,011_overexposed.png,0.17045222222805023,1024,2232
can,test_public,bad,011_regular.png,0.16725601255893707,1024,2232
can,test_public,bad,011_shift_1.png,0.1790897250175476,1024,2232
can,test_public,bad,011_shift_2.png,0.29655662178993225,1024,2232
can,test_public,bad,011_shift_3.png,0.2725781500339508,1024,2232
can,test_public,bad,011_underexposed.png,0.17975150048732758,1024,2232
can,test_public,bad,012_overexposed.png,0.21301013231277466,1024,2232
can,test_public,bad,012_regular.png,0.21692471206188202,1024,2232
can,test_public,bad,012_shift_1.png,0.20304392278194427,1024,2232
can,test_public,bad,012_shift_2.png,0.3488626778125763,1024,2232
can,test_public,bad,012_shift_3.png,0.34649908542633057,1024,2232
can,test_public,bad,012_underexposed.png,0.21677018702030182,1024,2232
can,test_public,bad,013_overexposed.png,0.18110328912734985,1024,2232
can,test_public,bad,013_regular.png,0.174285426735878,1024,2232
can,test_public,bad,013_shift_1.png,0.2023007720708847,1024,2232
can,test_public,bad,013_shift_2.png,0.3713841140270233,1024,2232
can,test_public,bad,013_shift_3.png,0.3767308294773102,1024,2232
can,test_public,bad,013_underexposed.png,0.20734788477420807,1024,2232
can,test_public,bad,014_overexposed.png,0.33326154947280884,1024,2232
can,test_public,bad,014_regular.png,0.3382520377635956,1024,2232
can,test_public,bad,014_shift_1.png,0.3404570519924164,1024,2232
can,test_public,bad,014_shift_2.png,0.3600267171859741,1024,2232
can,test_public,bad,014_shift_3.png,0.3461008369922638,1024,2232
can,test_public,bad,014_underexposed.png,0.35075923800468445,1024,2232
