dataset,layer,n_ctx,n_positions,cos_mean,cos_median,cos_p10,feature_rel_error,nn_spearman
mvtec,final,5,480,0.44028649997587005,0.41139084100723267,0.3155333250761032,1.0574480295181274,0.004317958773921403
mvtec,final,7,480,0.5816760797053575,0.6089777648448944,0.4599660485982895,0.894074946641922,0.0414207400970762
mvtec,final,9,480,0.6265761157497763,0.6611162424087524,0.5272445380687714,0.8234226703643799,0.1666094907719731
mvtec,final,11,480,0.7044692064945897,0.7425690293312073,0.6066520810127258,0.7181501984596252,0.17073455069231977
mvtec,final,13,480,0.7497537046670913,0.788226455450058,0.6493053138256073,0.6556074917316437,0.16386203073484965
mvtec,final,15,480,0.7913785448297859,0.8229073286056519,0.7091549634933472,0.6016575396060944,0.23591555330536612
mvtec,final,17,480,0.8228702435890833,0.8446998596191406,0.7535198628902435,0.5629423558712006,0.3013244416907158
mvtec,final,19,480,0.8405445259064436,0.8649960160255432,0.775213211774826,0.5194716155529022,0.34767137873380816
mvtec,final,21,480,0.853693525865674,0.8783976435661316,0.7814865708351135,0.49522094428539276,0.3569503055170602
mvtec,final,23,480,0.8645983134706815,0.8884359300136566,0.7873221337795258,0.47299404442310333,0.38931584551538573
mvtec,final,25,480,0.8783932663500309,0.9019804000854492,0.8067147731781006,0.44602029025554657,0.399197704700281
mvtec,final,27,480,0.8894208406408628,0.9110349714756012,0.8151516914367676,0.42289914190769196,0.431418716625614
mvtec,final,29,480,0.8989965174347162,0.9222646951675415,0.8278975486755371,0.39839115738868713,0.45840146359512074
mvtec,final,31,480,0.9075008062024911,0.9310862421989441,0.8401050269603729,0.3740210086107254,0.47757430615962465
mvtec,final,33,480,0.9153291586786508,0.9392724931240082,0.8483397662639618,0.3481886088848114,0.4914538711872964
mvtec,mid,5,480,0.4510888070488969,0.43984514474868774,0.2636376619338989,0.9671860635280609,0.07828374304308625
mvtec,mid,7,480,0.6156247904524207,0.621619701385498,0.4881606698036194,0.8093628883361816,0.2221835164153624
mvtec,mid,9,480,0.6744269091635943,0.6904236078262329,0.5476188659667969,0.7467953860759735,0.25035871605018817
mvtec,mid,11,480,0.7437394349525372,0.7574456334114075,0.6418580710887909,0.6662145555019379,0.28726670009449573
mvtec,mid,13,480,0.7808941394090653,0.7902247309684753,0.6942617893218994,0.6216228604316711,0.32165007827945785
mvtec,mid,15,480,0.8086268063634634,0.8168051540851593,0.7239116728305817,0.5845992565155029,0.3756039820849209
mvtec,mid,17,480,0.8259165840844314,0.8320089280605316,0.7461543083190918,0.5607991814613342,0.4255347244080845
mvtec,mid,19,480,0.841978824386994,0.8479366898536682,0.7700230181217194,0.5363288819789886,0.4470427881117876
mvtec,mid,21,480,0.8535538058727979,0.858244925737381,0.788110762834549,0.5196386873722076,0.4560792043750314
mvtec,mid,23,480,0.8636507789293925,0.8673293888568878,0.8045703172683716,0.5036279559135437,0.4609229483050736
mvtec,mid,25,480,0.8736394935597976,0.8767994046211243,0.8212575614452362,0.48560313880443573,0.4652826834678327
mvtec,mid,27,480,0.8820997541149457,0.8847711682319641,0.8346723020076752,0.47014299035072327,0.4701197860752867
mvtec,mid,29,480,0.8893232734253009,0.8912649750709534,0.8460778594017029,0.4567435681819916,0.5007955728818104
mvtec,mid,31,480,0.8955965424577396,0.8973335325717926,0.8561163246631622,0.4467189759016037,0.5047456081333462
mvtec,mid,33,480,0.901505054285129,0.9026490449905396,0.865129828453064,0.43520067632198334,0.5133042854236679
mvtec,midlate,5,480,0.4269805125892162,0.4287838041782379,0.2816929221153259,0.9816874265670776,0.16008979681236626
mvtec,midlate,7,480,0.571321699830393,0.5722112655639648,0.44140447676181793,0.8618986308574677,0.204142471276254
mvtec,midlate,9,480,0.6416514823834102,0.6496642231941223,0.5353376567363739,0.7957292795181274,0.2382329964964993
mvtec,midlate,11,480,0.7171162155767282,0.7266177833080292,0.6200950741767883,0.7114695608615875,0.280441102048679
mvtec,midlate,13,480,0.7518893988182147,0.7638485133647919,0.6566521525382996,0.6622835099697113,0.32365630059733796
mvtec,midlate,15,480,0.7923811037093401,0.8026119768619537,0.7159350514411926,0.6100015342235565,0.3434232077536899
mvtec,midlate,17,480,0.8186157832543055,0.8300610482692719,0.7484167814254761,0.5698083341121674,0.36324331526003445
mvtec,midlate,19,480,0.8348664950579405,0.849033772945404,0.7662734985351562,0.53767129778862,0.367936778621622
mvtec,midlate,21,480,0.8450915511697531,0.8618118464946747,0.777136892080307,0.5181514024734497,0.3593892821702738
mvtec,midlate,23,480,0.8546353239566088,0.8704904913902283,0.7890383899211884,0.5018536448478699,0.37695455022797064
mvtec,midlate,25,480,0.8652155287563801,0.880290687084198,0.8056485950946808,0.4826294481754303,0.4263385977332016
mvtec,midlate,27,480,0.874042351047198,0.8891337811946869,0.8159435093402863,0.4654148072004318,0.4514885412755812
mvtec,midlate,29,480,0.8815117008984089,0.8960529863834381,0.8249154686927795,0.4513641446828842,0.4790080986490632
mvtec,midlate,31,480,0.8881182276954254,0.9033448398113251,0.8348694145679474,0.4358517974615097,0.5058006725010823
mvtec,midlate,33,480,0.8935865194847187,0.9095146358013153,0.8422806859016418,0.4219931811094284,0.5237409979711887
visa,final,5,384,0.3773116529531156,0.3418668210506439,0.25020962953567505,1.1088343262672424,0.04979711368061441
visa,final,7,384,0.5266975542763248,0.501680850982666,0.3708236515522003,0.9809660911560059,0.10233776757036175
visa,final,9,384,0.5845147048433622,0.5723428130149841,0.4323524236679077,0.903210312128067,0.07953788601590057
visa,final,11,384,0.6655418949667364,0.6951768398284912,0.5350126624107361,0.7729573547840118,0.16122168368972198
visa,final,13,384,0.7231767374711732,0.7759938836097717,0.6321026980876923,0.6667356491088867,0.18860031445145242
visa,final,15,384,0.7695517007571956,0.8296806514263153,0.6988542675971985,0.5832951068878174,0.26782802808078154
visa,final,17,384,0.798403586105754,0.8533979952335358,0.7300826013088226,0.5421355664730072,0.2958379646992063
visa,final,19,384,0.8154479647055268,0.8680520057678223,0.7333018183708191,0.5117320716381073,0.35244914294698754
visa,final,21,384,0.8284262167289853,0.8783084452152252,0.7472470700740814,0.49185803532600403,0.391974311099873
visa,final,23,384,0.8428406853539249,0.8906732499599457,0.771016925573349,0.4707527309656143,0.4160862632116657
visa,final,25,384,0.858548128977418,0.9020248651504517,0.7962707281112671,0.44361449778079987,0.4447762027955314
visa,final,27,384,0.8699974442521731,0.9092737138271332,0.8096890449523926,0.4288956820964813,0.4546206533499671
visa,final,29,384,0.8795153556081156,0.9164447784423828,0.8217617273330688,0.4104163646697998,0.47555629772685293
visa,final,31,384,0.8877891612549623,0.9236688911914825,0.8367550075054169,0.39284464716911316,0.49906585061135966
visa,final,33,384,0.894053228199482,0.9287017285823822,0.8468795716762543,0.3791861832141876,0.5159298965897379
visa,mid,5,384,0.4081434819381684,0.4111991226673126,0.23613906651735306,0.9807133674621582,0.09125940595927312
visa,mid,7,384,0.566565432275335,0.5741833746433258,0.4350648522377014,0.8470994532108307,0.15520048770032427
visa,mid,9,384,0.6217812720375756,0.6402243077754974,0.47379443049430847,0.7964851260185242,0.17292182340464182
visa,mid,11,384,0.6887155224879583,0.7011707723140717,0.5618380308151245,0.7294697165489197,0.17808791177529296
visa,mid,13,384,0.7240319134046634,0.73194420337677,0.6114621162414551,0.6927675902843475,0.1904391655571787
visa,mid,15,384,0.7480156848517557,0.7560237050056458,0.6342900693416595,0.6650606691837311,0.20079105475346085
visa,mid,17,384,0.7638789100262026,0.7714615762233734,0.656508594751358,0.6477274596691132,0.2372685593014523
visa,mid,19,384,0.7785780834965408,0.7849915623664856,0.6804609596729279,0.6299266219139099,0.25159503259621524
visa,mid,21,384,0.7893399984265367,0.7934812307357788,0.6995091736316681,0.6177809834480286,0.26755201819383556
visa,mid,23,384,0.7993605487669507,0.801994115114212,0.7142044305801392,0.6053423583507538,0.2748329718632463
visa,mid,25,384,0.8095772049079338,0.8114296495914459,0.7292360961437225,0.5935234427452087,0.2873444149982953
visa,mid,27,384,0.8185350281807283,0.8205136358737946,0.7445729374885559,0.5828030407428741,0.2969453061164481
visa,mid,29,384,0.8260679148758451,0.8274840116500854,0.7577450275421143,0.570580005645752,0.2976889620674512
visa,mid,31,384,0.8326286145796379,0.8343345522880554,0.7669226229190826,0.5583319962024689,0.29837470394544696
visa,mid,33,384,0.8383659288908044,0.8403623700141907,0.7740676403045654,0.5491654276847839,0.29825230115777734
visa,midlate,5,384,0.37782574351876974,0.3867637664079666,0.2389385625720024,1.0146681070327759,0.08151176364660993
visa,midlate,7,384,0.5168734438872585,0.5338935852050781,0.38623280823230743,0.8929707705974579,0.138007488557441
visa,midlate,9,384,0.5848269425332546,0.5969720482826233,0.450316846370697,0.8447837233543396,0.14312941643676497
visa,midlate,11,384,0.6556803467683494,0.6714214086532593,0.531233012676239,0.7715522348880768,0.1784133597322846
visa,midlate,13,384,0.6859388441468278,0.7073706090450287,0.5669374465942383,0.728126734495163,0.177658056609474
visa,midlate,15,384,0.7226471155881882,0.7392337024211884,0.6089088916778564,0.6895385384559631,0.20349822689952382
visa,midlate,17,384,0.7472306739849349,0.7632069885730743,0.6353695690631866,0.6595567166805267,0.2556881665846233
visa,midlate,19,384,0.7618001434020698,0.7785850167274475,0.6529916226863861,0.6408234238624573,0.27581767994167505
visa,midlate,21,384,0.7719613097918531,0.7924499809741974,0.6591329574584961,0.6244401335716248,0.3002386677357965
visa,midlate,23,384,0.7833885794195036,0.805613249540329,0.6770899593830109,0.6105868816375732,0.3032512963917546
visa,midlate,25,384,0.7969212823857864,0.8180404901504517,0.6970387399196625,0.5917014181613922,0.30606203588385217
visa,midlate,27,384,0.8072568938756982,0.8282155990600586,0.7148771286010742,0.5756545066833496,0.30960785140837443
visa,midlate,29,384,0.8159492510991792,0.8359118700027466,0.7222899794578552,0.5627161860466003,0.3120534377812449
visa,midlate,31,384,0.823432891163975,0.8436489105224609,0.7298303842544556,0.5491673946380615,0.3115523547371418
visa,midlate,33,384,0.8298778513756891,0.8511781394481659,0.736733078956604,0.5376727879047394,0.3144010588449363
