dataset,object,shot,split,n_images,n_triggered,m_mean,m_max
mvtec,bottle,8,0,83,6,1.6506024096385543,51
mvtec,cable,8,0,150,63,5.8133333333333335,155
mvtec,capsule,8,0,132,87,2.909090909090909,24
mvtec,carpet,8,0,117,80,4.213675213675214,26
mvtec,grid,8,0,78,36,1.3076923076923077,8
mvtec,hazelnut,8,0,110,33,3.1454545454545455,66
mvtec,leather,8,0,124,43,1.1290322580645162,14
mvtec,metal_nut,8,0,115,65,3.652173913043478,24
mvtec,pill,8,0,167,112,9.844311377245509,255
mvtec,screw,8,0,160,23,1.15,21
mvtec,tile,8,0,117,52,8.581196581196581,81
mvtec,toothbrush,8,0,42,9,1.0238095238095237,18
mvtec,transistor,8,0,100,30,8.76,192
mvtec,wood,8,0,79,40,4.620253164556962,40
mvtec,zipper,8,0,151,100,3.2317880794701987,23
visa,candle,8,0,200,111,2.71,23
visa,capsules,8,0,160,104,3.39375,21
visa,cashew,8,0,150,91,3.2066666666666666,53
visa,chewinggum,8,0,150,95,5.886666666666667,51
visa,fryum,8,0,150,95,4.713333333333333,67
visa,macaroni1,8,0,200,112,2.91,21
visa,macaroni2,8,0,200,117,5.025,47
visa,pcb1,8,0,200,68,2.9,73
visa,pcb2,8,0,200,96,2.475,24
visa,pcb3,8,0,201,111,5.641791044776119,99
visa,pcb4,8,0,201,107,2.557213930348259,15
visa,pipe_fryum,8,0,150,101,6.16,119
