dataset,object,shot,split,n_images,m_mean,m_max,m_zero
mvtec,bottle,8,0,83,1.6506024096385543,51,77
mvtec,bottle,8,0,83,1.6506024096385543,51,77
mvtec,bottle,8,0,83,1.6506024096385543,51,77
mvtec,bottle,8,0,83,1.6506024096385543,51,77
mvtec,bottle,8,0,83,1.6506024096385543,51,77
mvtec,bottle,8,0,83,1.6506024096385543,51,77
mvtec,bottle,8,0,83,1.6506024096385543,51,77
mvtec,bottle,8,0,83,1.6506024096385543,51,77
mvtec,bottle,8,0,83,1.6506024096385543,51,77
mvtec,bottle,8,0,83,1.6506024096385543,51,77
mvtec,bottle,8,0,83,1.6506024096385543,51,77
mvtec,bottle,8,0,83,1.6506024096385543,51,77
mvtec,bottle,8,0,83,1.6506024096385543,51,77
mvtec,bottle,8,0,83,1.6506024096385543,51,77
mvtec,bottle,8,0,83,1.6506024096385543,51,77
mvtec,capsule,8,0,132,2.909090909090909,24,45
mvtec,capsule,8,0,132,2.909090909090909,24,45
mvtec,capsule,8,0,132,2.909090909090909,24,45
mvtec,capsule,8,0,132,2.909090909090909,24,45
mvtec,capsule,8,0,132,2.909090909090909,24,45
mvtec,capsule,8,0,132,2.909090909090909,24,45
mvtec,capsule,8,0,132,2.909090909090909,24,45
mvtec,capsule,8,0,132,2.909090909090909,24,45
mvtec,capsule,8,0,132,2.909090909090909,24,45
mvtec,capsule,8,0,132,2.909090909090909,24,45
mvtec,capsule,8,0,132,2.909090909090909,24,45
mvtec,capsule,8,0,132,2.909090909090909,24,45
mvtec,capsule,8,0,132,2.909090909090909,24,45
mvtec,capsule,8,0,132,2.909090909090909,24,45
mvtec,capsule,8,0,132,2.909090909090909,24,45
visa,pcb2,1,0,200,10.07,81,25
visa,pcb2,1,0,200,10.07,81,25
visa,pcb2,1,0,200,10.07,81,25
visa,pcb2,1,0,200,10.07,81,25
visa,pcb2,1,0,200,10.07,81,25
visa,pcb2,1,0,200,10.07,81,25
visa,pcb2,1,0,200,10.07,81,25
visa,pcb2,1,0,200,10.07,81,25
visa,pcb2,1,0,200,10.07,81,25
visa,pcb2,1,0,200,10.07,81,25
visa,pcb2,1,0,200,10.07,81,25
visa,pcb2,1,0,200,10.07,81,25
visa,pcb2,1,0,200,10.07,81,25
visa,pcb2,1,0,200,10.07,81,25
visa,pcb2,1,0,200,10.07,81,25
visa,macaroni1,1,0,200,6.74,26,22
visa,macaroni1,1,0,200,6.74,26,22
visa,macaroni1,1,0,200,6.74,26,22
visa,macaroni1,1,0,200,6.74,26,22
visa,macaroni1,1,0,200,6.74,26,22
visa,macaroni1,1,0,200,6.74,26,22
visa,macaroni1,1,0,200,6.74,26,22
visa,macaroni1,1,0,200,6.74,26,22
visa,macaroni1,1,0,200,6.74,26,22
visa,macaroni1,1,0,200,6.74,26,22
visa,macaroni1,1,0,200,6.74,26,22
visa,macaroni1,1,0,200,6.74,26,22
visa,macaroni1,1,0,200,6.74,26,22
visa,macaroni1,1,0,200,6.74,26,22
visa,macaroni1,1,0,200,6.74,26,22
