object,radius,donor_rank,layer_index,n_bad,drift_diff_mean,frac_pos,q05,q50,q95,wilcoxon_p
bottle,0,0,0,40,0.00013804141936663762,0.7,-0.00010145217699272347,1.4419897828102509e-05,0.0010074902188307226,0.01998793531311094
bottle,0,0,1,40,0.00014504106100045078,0.95,4.503883549962542e-06,6.267470174253659e-05,0.0004975323122076418,2.000888343900442e-10
bottle,0,0,2,40,0.00027406208141652635,1.0,6.231405853517546e-05,0.00019662620979938363,0.0007862118662159865,1.8189894035458565e-12
bottle,0,0,3,40,0.0008009372024086282,1.0,0.00019741921702617836,0.0006628151374267651,0.0019209850855986441,1.8189894035458565e-12
bottle,0,0,4,40,0.0013443377354633384,1.0,0.00029406874552172506,0.0011239314674943166,0.0034093482429549747,1.8189894035458565e-12
bottle,0,0,5,40,0.0027100473529571905,1.0,0.0006201615469763434,0.0022575394080679833,0.006491910091911807,1.8189894035458565e-12
bottle,0,0,6,40,0.004129569990861158,1.0,0.0010860383335967116,0.00349043327150865,0.01047435456421226,1.8189894035458565e-12
bottle,0,0,7,40,0.007358276515878963,1.0,0.0021133804732622564,0.006779058506557117,0.018667228885654676,1.8189894035458565e-12
bottle,0,0,8,40,0.007310297162378748,1.0,0.002223285576716722,0.006656479730736467,0.017327092946895047,1.8189894035458565e-12
bottle,0,0,9,40,0.009078166620020053,1.0,0.0027677229886951525,0.008330523831925084,0.021393185073975442,1.8189894035458565e-12
bottle,0,0,10,40,0.01275761025948062,1.0,0.004132160202910512,0.011629496565243851,0.02992880117769048,1.8189894035458565e-12
bottle,0,0,11,40,0.018932962828936688,1.0,0.004268024452418722,0.016513276340750352,0.0470455474259021,1.8189894035458565e-12
bottle,0,1,0,40,0.00012266582863938456,0.65,-0.00010149485830572486,7.627455185380916e-06,0.0007590059280119212,0.049760567819248536
bottle,0,1,1,40,0.00013315233143581089,0.875,-1.0044683343339009e-05,7.983756950124999e-05,0.00040613790594458925,4.320099833421409e-09
bottle,0,1,2,40,0.0002582828100760833,1.0,5.691503065456276e-05,0.0001835172224673516,0.000680108715217428,1.8189894035458565e-12
bottle,0,1,3,40,0.0008231691159380671,1.0,0.0001644889204422979,0.000669442215439591,0.001936433683537557,1.8189894035458565e-12
bottle,0,1,4,40,0.0013698624146248548,1.0,0.000269183392811045,0.0011555597593542167,0.003434189366331939,1.8189894035458565e-12
bottle,0,1,5,40,0.002701221569198724,1.0,0.0005934929630408435,0.002218346756611367,0.006394291275258446,1.8189894035458565e-12
bottle,0,1,6,40,0.004136854663859893,1.0,0.0009778211271623,0.00357723462123735,0.010164707737082338,1.8189894035458565e-12
bottle,0,1,7,40,0.007418349781316169,1.0,0.0017354999038312914,0.006768668962952983,0.018061207756788187,1.8189894035458565e-12
bottle,0,1,8,40,0.0074494257753637255,1.0,0.001847242917089457,0.0065088072248423836,0.017105551174608987,1.8189894035458565e-12
bottle,0,1,9,40,0.009349408344617885,1.0,0.0023960801234352985,0.008536466896960833,0.021708724787458777,1.8189894035458565e-12
bottle,0,1,10,40,0.013248881639932129,1.0,0.003588431263536555,0.011736149346688752,0.030365056682300492,1.8189894035458565e-12
bottle,0,1,11,40,0.01954015376613825,1.0,0.004988787702556417,0.017050555121386465,0.04706462297472166,1.8189894035458565e-12
bottle,2,0,0,40,7.015631671643835e-05,0.575,-0.0005274346566087525,2.051036941945895e-05,0.0008772960181279158,0.17008811905543553
bottle,2,0,1,40,7.101632809279718e-05,0.675,-0.00014440099124235538,3.079300586249758e-05,0.0003627544191355132,0.0033575435081729665
bottle,2,0,2,40,0.00011243096948115373,0.8,-7.42257940146038e-05,7.198582049267234e-05,0.00035978601372337624,4.5276301534613594e-06
bottle,2,0,3,40,0.00037918753247747256,0.925,-9.046062041348338e-06,0.0003060514354729333,0.0009553179460150917,4.547473508864641e-11
bottle,2,0,4,40,0.000530776501545921,0.925,-2.1836040347528398e-05,0.0004228788311593166,0.0011805541134284328,6.002665031701326e-11
bottle,2,0,5,40,0.0010372772126478035,0.95,0.00011044041020797662,0.00078044860371545,0.002697164903899357,9.094947017729282e-12
bottle,2,0,6,40,0.0018386485942755825,0.975,0.00019079379659772843,0.0014961368772976832,0.004915836346723788,3.637978807091713e-12
bottle,2,0,7,40,0.003835130231163923,1.0,0.0008682233902314966,0.0033245545346289665,0.009472324509018398,1.8189894035458565e-12
bottle,2,0,8,40,0.0040640701956969364,1.0,0.0008970761885090448,0.003397674998268517,0.010097922229518462,1.8189894035458565e-12
bottle,2,0,9,40,0.0055083277082303575,1.0,0.0012553004955406953,0.0048223407357,0.012537212937604694,1.8189894035458565e-12
bottle,2,0,10,40,0.008285691196215339,1.0,0.001732532800330492,0.0072801475180312835,0.01846289754224321,1.8189894035458565e-12
bottle,2,0,11,40,0.017005324700342793,1.0,0.0030599677896437473,0.013658306173359332,0.03849037767698366,1.8189894035458565e-12
bottle,2,1,0,40,6.889986166621224e-05,0.625,-0.00039593191604579974,1.7171614369218736e-05,0.0006389963935967767,0.17869641572360706
bottle,2,1,1,40,7.881777795167484e-05,0.8,-4.395430551080936e-05,4.184196829250225e-05,0.00038686048404396826,0.00011535796875250526
bottle,2,1,2,40,0.00011319886983375584,0.9,-2.674892130012963e-05,7.039130408273997e-05,0.0003400016316543015,1.03669663076289e-07
bottle,2,1,3,40,0.00040738628661832167,1.0,2.670013345780328e-05,0.00032312250308068335,0.0009716038388433363,1.8189894035458565e-12
bottle,2,1,4,40,0.0005579312800061125,0.975,5.473259225251331e-05,0.00039186410140243334,0.0011912269333455277,3.637978807091713e-12
bottle,2,1,5,40,0.0010815305293363144,1.0,0.00026205116688897515,0.0008368921699002499,0.0026480649044970253,1.8189894035458565e-12
bottle,2,1,6,40,0.001859657828269216,1.0,0.0004510345762052383,0.0015049823947871832,0.004723284030721236,1.8189894035458565e-12
bottle,2,1,7,40,0.0039005213708151105,1.0,0.00118164351830876,0.003111079121784633,0.009135657279208858,1.8189894035458565e-12
bottle,2,1,8,40,0.0042039525336197755,1.0,0.0015739088567594314,0.0036735661560669663,0.008947871173343913,1.8189894035458565e-12
bottle,2,1,9,40,0.005791826541341537,1.0,0.0018189710254470017,0.004948517831508067,0.011513390073863162,1.8189894035458565e-12
bottle,2,1,10,40,0.008881719242587374,1.0,0.00252886231367784,0.007724056408430151,0.01755325812846425,1.8189894035458565e-12
bottle,2,1,11,40,0.018621962340936677,1.0,0.003251652984181416,0.01722860219888388,0.04793706228180475,1.8189894035458565e-12
bottle,4,0,0,40,8.116420625962751e-05,0.575,-0.0006249023930043093,2.3588459346975243e-05,0.0009399448679081113,0.3138070678778604
bottle,4,0,1,40,7.094684478943243e-05,0.7,-0.00017666411198050637,3.9972126008563924e-05,0.00043152407840053327,0.017157761747512268
bottle,4,0,2,40,0.00011885663589055713,0.825,-9.180834507177772e-05,8.151091606126666e-05,0.00036634036174896124,5.371159204514697e-06
bottle,4,0,3,40,0.00037198022000666084,0.925,-5.205412162461666e-05,0.0003133440914098,0.0007714760771098579,6.002665031701326e-11
bottle,4,0,4,40,0.0005124587277047443,0.925,-4.780577777028169e-05,0.0004389474149017167,0.0010946410552908545,1.000444171950221e-10
bottle,4,0,5,40,0.0008948060649951633,0.95,4.0558116355239964e-05,0.0007675625189828501,0.002120709747153644,4.547473508864641e-11
bottle,4,0,6,40,0.0017127758522595584,0.95,0.0002206004011289417,0.0014993275593344834,0.004340267608252683,1.8189894035458565e-11
bottle,4,0,7,40,0.003528302322956729,0.95,0.0007222102450517605,0.0030603621465464166,0.008568647387437548,9.094947017729282e-12
bottle,4,0,8,40,0.0037174027316117047,0.975,0.0005734585943476147,0.003156332415528584,0.009178482741117482,3.637978807091713e-12
bottle,4,0,9,40,0.005081160312208033,0.975,0.0006492063558350284,0.004150046035647333,0.011101734677019219,3.637978807091713e-12
bottle,4,0,10,40,0.007723079984619583,0.975,0.0009514572137656185,0.006517794604102784,0.016836370682964716,3.637978807091713e-12
bottle,4,0,11,40,0.017155648083038003,1.0,0.0024603641126304853,0.014418565512945233,0.041116198866317684,1.8189894035458565e-12
bottle,4,1,0,40,7.248837140043435e-05,0.6,-0.0003653349601032436,2.5588719836378004e-05,0.0008025629591429466,0.2213606056466233
bottle,4,1,1,40,7.728704992283027e-05,0.7,-6.596346162652187e-05,3.9685933491700934e-05,0.00030658279647462677,0.0005698828390450217
bottle,4,1,2,40,0.00010869131031844108,0.8,-3.988558540488668e-05,6.806663441241668e-05,0.00032611715529734997,4.299272404750809e-07
bottle,4,1,3,40,0.00037949089200993083,0.925,-4.111531428259497e-05,0.00032007430612185004,0.0009314352336029448,6.002665031701326e-11
bottle,4,1,4,40,0.0004985167096795808,0.925,-7.029434976480504e-05,0.00041653673785426663,0.0010539678041823215,2.000888343900442e-10
bottle,4,1,5,40,0.0008760921802604584,0.95,-2.6017796093201406e-06,0.0007215506727030835,0.0020912231683420084,7.821654435247183e-11
bottle,4,1,6,40,0.0015964590895843351,0.975,0.00015387581661343663,0.001281045610085183,0.003902163535046092,1.2732925824820995e-11
bottle,4,1,7,40,0.0034289084821163287,0.975,0.0007631080904198834,0.00268818088807165,0.007927525159902866,3.637978807091713e-12
bottle,4,1,8,40,0.003726613438144956,1.0,0.0011628990158594268,0.003151975378083734,0.008153322828002305,1.8189894035458565e-12
bottle,4,1,9,40,0.0052782978008811664,1.0,0.0012105841694089036,0.004515369771979784,0.010272151022218177,1.8189894035458565e-12
bottle,4,1,10,40,0.0082671406349012,1.0,0.0018646713229827456,0.007174971668670599,0.01612749008151394,1.8189894035458565e-12
bottle,4,1,11,40,0.019054282924237977,1.0,0.0023284825923231937,0.018559635539228753,0.04276609153797232,1.8189894035458565e-12
bottle,8,0,0,40,6.049692857837386e-05,0.575,-0.000554964606999404,1.1123710161582811e-05,0.000739362256475294,0.5448004511072213
bottle,8,0,1,40,6.395513501047882e-05,0.575,-0.00015624226386234,4.1281526743351695e-05,0.0003970655202768263,0.11814906760264421
bottle,8,0,2,40,0.00010246304306444085,0.675,-9.438538472748007e-05,5.161469501520001e-05,0.00040434336842736835,0.0015980837451934349
bottle,8,0,3,40,0.00032721395630991334,0.9,-4.1153332373756695e-05,0.00026707672805058335,0.000798257746888998,4.320099833421409e-09
bottle,8,0,4,40,0.0004669833152244476,0.925,-5.2770510471058305e-05,0.00044864345303113326,0.0011693275533616316,1.6443664208054543e-09
bottle,8,0,5,40,0.0007565247816576966,0.925,-5.756863004844484e-05,0.0006535111169796331,0.001825522258877718,3.765308065339923e-10
bottle,8,0,6,40,0.001575566212219815,0.925,-4.396811709739003e-05,0.001431950057546333,0.003824248199816734,3.456079866737127e-11
bottle,8,0,7,40,0.003422181178272389,0.925,-0.00027516310801731827,0.0032172085484489833,0.008002101141028093,2.546585164964199e-11
bottle,8,0,8,40,0.003455319347752568,0.95,2.582971161853151e-05,0.003399056537697716,0.007701557820352358,1.8189894035458565e-11
bottle,8,0,9,40,0.004654395265970374,0.925,-0.00015580536564813342,0.00481460344356795,0.008631086970369042,2.546585164964199e-11
bottle,8,0,10,40,0.0069030259037390325,0.925,-0.00016362010501325523,0.006929762273406,0.012360312129991736,3.456079866737127e-11
bottle,8,0,11,40,0.01629572536912748,0.95,0.0007137525671471929,0.01377815008163455,0.03864753337887426,9.094947017729282e-12
bottle,8,1,0,40,2.6637102443300424e-05,0.475,-0.00034320483052097003,-5.658815401434428e-06,0.0007040357499742324,0.8890015714441688
bottle,8,1,1,40,6.924201710111039e-05,0.675,-7.110010265020329e-05,4.258596163709999e-05,0.00032402593569717147,0.0025129065124929184
bottle,8,1,2,40,9.363229194908416e-05,0.7,-4.1589467825055046e-05,7.651042687939999e-05,0.0003310816687492417,2.8431650207494386e-05
bottle,8,1,3,40,0.00034772921438464417,0.925,-2.8432191659649807e-06,0.0002679410730100333,0.000851802644319833,1.000444171950221e-10
bottle,8,1,4,40,0.0004838197477511167,0.925,-4.7309455112513347e-05,0.00039589890123655,0.0012929409528927346,6.002665031701326e-11
bottle,8,1,5,40,0.0008156614363542692,0.95,6.0494196562410046e-05,0.0006770193382787165,0.0021672382834367126,3.456079866737127e-11
bottle,8,1,6,40,0.0014823838660959164,0.975,0.00020096255078294194,0.0012300946982577833,0.0035797299700788703,3.637978807091713e-12
bottle,8,1,7,40,0.0032855825925556365,0.975,0.0006771467276848786,0.0031218988588080166,0.007166884117759777,3.637978807091713e-12
bottle,8,1,8,40,0.003534068640631928,1.0,0.000600778893567596,0.003412120277062067,0.007183722771393701,1.8189894035458565e-12
bottle,8,1,9,40,0.0050057825690601075,0.975,0.0009702208723562786,0.004760907109205917,0.009594609006308005,3.637978807091713e-12
bottle,8,1,10,40,0.007856459554750478,0.975,0.0017189732131858567,0.007472770831858117,0.013509312442814326,3.637978807091713e-12
bottle,8,1,11,40,0.019700133226190998,0.975,0.004594926435189955,0.018598912594219034,0.047027962965269884,3.637978807091713e-12
bottle,16,0,0,40,7.074680440078462e-05,0.475,-0.0003894196338175117,-3.141537793755001e-05,0.0007050039251528479,0.42021225081225566
bottle,16,0,1,40,6.85005380849675e-05,0.575,-0.00018501747569342003,2.0526502339633337e-05,0.00042283596170209663,0.07033917775879672
bottle,16,0,2,40,8.372936869516501e-05,0.625,-0.00018171161743032164,3.783766442210002e-05,0.0003994096548316131,0.048164484947847086
bottle,16,0,3,40,0.0002446147870311183,0.825,-0.0001214477563431767,0.00021063785728375002,0.0007715535350144167,3.489894879749045e-07
bottle,16,0,4,40,0.0002777468838758092,0.85,-0.00010321991867386508,0.00031548024950703334,0.0007673034616649632,2.6917405193671584e-08
bottle,16,0,5,40,0.00039812571230868576,0.85,-0.00016163573891393184,0.00040824142342900003,0.0008801223608316216,3.480272425804287e-08
bottle,16,0,6,40,0.0005880340087363291,0.925,-2.609209186632166e-05,0.0005217064099269501,0.0014076543894285763,2.4920154828578234e-10
bottle,16,0,7,40,0.0017038519317187132,1.0,0.00032326386232547666,0.0016821133031044166,0.003060720231345208,1.8189894035458565e-12
bottle,16,0,8,40,0.0015440381963950842,0.975,0.0003647284388232082,0.0014284134182768501,0.0024639220874329917,3.637978807091713e-12
bottle,16,0,9,40,0.00219511616257175,0.975,0.000559683149913305,0.0021349391123900666,0.003671845005980372,3.637978807091713e-12
bottle,16,0,10,40,0.003046727905166337,0.975,0.0007268929271958735,0.0029047173253881667,0.005145030457060789,5.4569682106375694e-12
bottle,16,0,11,40,0.01762019828311167,1.0,0.0027689845766872404,0.015281641196149085,0.03907404154694323,1.8189894035458565e-12
bottle,16,1,0,40,-4.720549016678e-06,0.45,-0.0004806468192934333,-1.4657906528283354e-05,0.0006024273345246396,0.6850159026034817
bottle,16,1,1,40,3.691581596284815e-05,0.525,-0.00011916798454575679,7.793258797986132e-06,0.00027838949099530017,0.20641296513713314
bottle,16,1,2,40,7.297872107300655e-05,0.625,-0.00010390085129377505,2.4922973049516616e-05,0.0003776639792097848,0.02407598106947262
bottle,16,1,3,40,0.0002581133108227167,0.925,-5.943967844355342e-05,0.0002010891524454333,0.0007020084878604965,5.029505700804293e-09
bottle,16,1,4,40,0.0002882976938659976,0.9,-2.090853377008996e-05,0.0002581514127087,0.0006588486750843315,3.701643436215818e-09
bottle,16,1,5,40,0.00046258876142626167,0.925,-4.157658743984179e-05,0.0004431069294999667,0.0010618332734642025,1.9444996723905206e-09
bottle,16,1,6,40,0.000569022093865585,0.95,-8.20913507290137e-06,0.0004967323426778167,0.0013383146947793076,2.000888343900442e-10
bottle,16,1,7,40,0.0017239088093144,0.95,0.0004154287492080165,0.0016340246511390166,0.0030667070949372214,9.094947017729282e-12
bottle,16,1,8,40,0.0016736556353862367,0.95,0.0005102588019023532,0.0014189778254755168,0.002826662396546432,9.094947017729282e-12
bottle,16,1,9,40,0.002550715077571412,1.0,0.0005316510175665183,0.00214806300937195,0.004552386553647624,1.8189894035458565e-12
bottle,16,1,10,40,0.0036691276943505067,0.975,0.0002884455219221682,0.0031439135976445666,0.0075522247352637645,3.637978807091713e-12
bottle,16,1,11,40,0.02120931746709782,1.0,0.003960530273616321,0.0207060263492167,0.04443081362793844,1.8189894035458565e-12
cable,0,0,0,49,0.0001040677283682188,0.673469387755102,-0.00020998015218838117,1.1239001196372556e-05,0.0006772961471142137,0.03159934938326714
cable,0,0,1,49,0.00012949623511166798,0.8367346938775511,-2.785298614369999e-05,5.976129493006777e-05,0.0004837613067744537,4.103956996459601e-08
cable,0,0,2,49,0.00019856547675901784,0.9591836734693877,5.751887025933326e-06,0.00011799250933106324,0.0005614947003777731,3.211653165635653e-12
cable,0,0,3,49,0.00033991044907130213,0.9591836734693877,4.2062356078489114e-05,0.00020898752457773346,0.0009359049067521791,3.907985046680551e-13
cable,0,0,4,49,0.0005024579458760701,0.9387755102040817,-4.8927951138473254e-05,0.00039871177674890006,0.0014269316064504658,4.616040882865491e-11
cable,0,0,5,49,0.0007802176687804641,0.9183673469387755,-0.00014567150113482,0.0006321227798859666,0.0022159550649423986,3.232401013519848e-10
cable,0,0,6,49,0.0010929963141434243,0.9183673469387755,-0.00012450703264522657,0.0007734489627182668,0.003104845620691755,6.973479571570351e-10
cable,0,0,7,49,0.001751967295956777,0.8979591836734694,-0.00022220776105919349,0.001416335580870566,0.004713705678780837,1.7678445374258445e-09
cable,0,0,8,49,0.001808178826705655,0.8979591836734694,-0.0002581584422538734,0.001472735467056467,0.0054960041927794275,1.9532286898993334e-09
cable,0,0,9,49,0.00247546808428264,0.8979591836734694,-0.0004401392303406935,0.002162380144000033,0.008212428198506472,5.605791386642522e-09
cable,0,0,10,49,0.003896916017085193,0.9183673469387755,-0.00038299417744080684,0.003175036438430333,0.01239062914003926,1.9532286898993334e-09
cable,0,0,11,49,0.007451567989116736,0.9183673469387755,-0.0011012062430382065,0.0043583467292289,0.02207810226827861,2.2930635168449953e-10
cable,0,1,0,49,9.68545026356265e-05,0.5918367346938775,-0.00018424045993012451,4.644388203208413e-06,0.0005269273941545196,0.24690004936483234
cable,0,1,1,49,0.00014299188557191463,0.8367346938775511,-6.579706290113998e-05,5.862116813653621e-05,0.0006691568482589829,2.389665318958123e-07
cable,0,1,2,49,0.00023762284700397303,0.8979591836734694,-2.3618632500673334e-05,0.0001223778235726333,0.0008398544547768594,4.517843876783445e-10
cable,0,1,3,49,0.00038381890725122387,0.9591836734693877,1.0006036609380014e-05,0.00026289203863900007,0.0011473097101164463,3.552713678800501e-14
cable,0,1,4,49,0.0005636887376289279,0.9795918367346939,3.184711094949338e-05,0.0004363519547041333,0.0014392513354929796,4.973799150320701e-14
cable,0,1,5,49,0.0008562189197408517,0.9387755102040817,6.708813210366533e-06,0.0006869294350810999,0.0022126003401353646,1.9539925233402755e-13
cable,0,1,6,49,0.0012069534051840265,0.8979591836734694,-3.7673286472713386e-05,0.0009202929213643334,0.0032386167440563553,1.588063014423824e-12
cable,0,1,7,49,0.001975689031465654,0.9183673469387755,-8.866077599422695e-05,0.0016857203251371667,0.004995305618892127,8.988365607365267e-13
cable,0,1,8,49,0.0019960000554296135,0.9183673469387755,-0.00010860301554203291,0.0016734617141385996,0.00563571609867115,2.2737367544323206e-12
cable,0,1,9,49,0.0026915679778032535,0.8979591836734694,-0.00026547807889680736,0.002244515577331167,0.008205134607851477,6.178169087434071e-12
cable,0,1,10,49,0.0042075901858502195,0.9387755102040817,-0.00016476223245261395,0.0033516989399989,0.01293316303441919,1.3180567748349858e-12
cable,0,1,11,49,0.008177833254868795,0.9387755102040817,6.474573165175351e-05,0.005409452831372633,0.02470674542710178,4.973799150320701e-14
cable,2,0,0,49,0.00024138255628799681,0.6122448979591837,-0.00019301652743398457,1.627853634992111e-05,0.0020012921241382934,0.12884437305203988
cable,2,0,1,49,0.00010885274055834264,0.6122448979591837,-0.00013562134311840732,1.846722443583332e-05,0.0006180421099997994,0.015135308663623448
cable,2,0,2,49,0.0001396648474924595,0.6530612244897959,-0.00013335122300000665,4.588891169983336e-05,0.0006870899000204667,0.0016815916442318724
cable,2,0,3,49,0.0002212004255357721,0.8163265306122449,-0.00013732369601106,7.886711197600013e-05,0.0010425571119412726,2.460843699836346e-05
cable,2,0,4,49,0.00026295473640720136,0.7142857142857143,-0.00022868902112047344,8.60351137816997e-05,0.001411030961511046,0.00031164438825115326
cable,2,0,5,49,0.00034765013533986255,0.6122448979591837,-0.00031430771729601306,0.00015289604198193336,0.0019585658330470105,0.0011974561115302151
cable,2,0,6,49,0.00038957396949020545,0.5918367346938775,-0.0008241291468341864,7.457130899026637e-05,0.002315238630399113,0.023638067457600442
cable,2,0,7,49,0.0006781883211489578,0.6122448979591837,-0.00127318340043226,0.0005739174472788669,0.003584263039131952,0.00606133108838236
cable,2,0,8,49,0.0007185846761971449,0.6122448979591837,-0.001233214233070593,0.0005531359929591669,0.004168521023044967,0.003809813482895663
cable,2,0,9,49,0.0010301902887037673,0.6122448979591837,-0.0019976451992988592,0.0009360549350579672,0.005685605139782026,0.0056807936174259055
cable,2,0,10,49,0.0015991052880338311,0.6530612244897959,-0.0031041699772079595,0.0011218879371881312,0.007988568892081604,0.006464182108839367
cable,2,0,11,49,0.004624291496560425,0.6530612244897959,-0.005281297862529774,0.0020418393736083666,0.01875103612740838,0.001292570680803351
cable,2,1,0,49,0.00015189152709106204,0.4489795918367347,-0.00036700701457447523,-8.967765703952559e-06,0.0016769670649713143,0.8053281892871524
cable,2,1,1,49,7.40209328623243e-05,0.46938775510204084,-0.00017722511741643995,-6.561701108333533e-07,0.0006341432463765532,0.42375505603421004
cable,2,1,2,49,0.00012405526773413085,0.673469387755102,-0.00023215490509753998,3.7188826051299964e-05,0.0006731902249157855,0.00482025217967319
cable,2,1,3,49,0.00017548629144510338,0.6530612244897959,-0.0001838033165161934,7.665390148759994e-05,0.0009179559342252724,0.0033212684940941983
cable,2,1,4,49,0.00021963727860046395,0.6326530612244898,-0.0002638774264293331,0.00013896341746056674,0.0010645605934162996,0.0025991540039882466
cable,2,1,5,49,0.0002738140285059551,0.673469387755102,-0.00045004834731419345,0.0002022746872777665,0.0013866625881443862,0.003809813482895663
cable,2,1,6,49,0.00034980292013865176,0.673469387755102,-0.0006406237604096871,0.00026398540164036723,0.001857025766124324,0.005498561674396996
cable,2,1,7,49,0.0006185158798914607,0.673469387755102,-0.0010822963900863924,0.0005976466151575333,0.0031928517545262674,0.002789570318793011
cable,2,1,8,49,0.0006874861709653171,0.673469387755102,-0.0011646745416025403,0.0005558185900251004,0.003379405320932461,0.0023352991113441135
cable,2,1,9,49,0.0009438532553486475,0.5918367346938775,-0.002038864108423387,0.0007556256217261664,0.005132968133936309,0.012341029425098071
cable,2,1,10,49,0.0015922762155786232,0.673469387755102,-0.0030007577501237263,0.0012599993497133324,0.0076592018206914116,0.006674315245536633
cable,2,1,11,49,0.004952599716588189,0.6938775510204082,-0.005389845371246314,0.003190612575660135,0.014954327854017447,0.0001457221137037834
cable,4,0,0,49,0.00018322456560868408,0.42857142857142855,-0.0005308728490490533,-1.8765075462050956e-05,0.0018113944679499006,0.9136584118174866
cable,4,0,1,49,8.812089572220339e-05,0.5306122448979592,-0.0003244374781692,1.2120581232033328e-05,0.0005923257306373329,0.08348906325065641
cable,4,0,2,49,9.920670501222992e-05,0.5306122448979592,-0.00030357132200150666,3.6383862607266724e-05,0.0007999421873440193,0.10318385616753645
cable,4,0,3,49,0.00019048977972699113,0.5510204081632653,-0.0004050585092045533,0.00012996303848923315,0.0010508060144881453,0.023007538413544637
cable,4,0,4,49,0.00023035462834828087,0.5510204081632653,-0.0006101529191558732,4.394670637943303e-05,0.0013057158949474506,0.03682012930302392
cable,4,0,5,49,0.0002575029308597252,0.5714285714285714,-0.0009066385061790867,0.0001519545524691665,0.0016159402051320057,0.08905527743770847
cable,4,0,6,49,0.0002832516052183646,0.5102040816326531,-0.0015447809360921326,7.125781849026593e-05,0.002472699433565107,0.24285068376930496
cable,4,0,7,49,0.00045373021992442444,0.46938775510204084,-0.002201368814955132,-8.906827618679856e-05,0.0035117185364166798,0.3180278927763851
cable,4,0,8,49,0.00036156923212364594,0.4897959183673469,-0.002519631758332286,-1.4444037030100082e-05,0.0039513993076980055,0.44118856037852794
cable,4,0,9,49,0.00033205084591394644,0.4897959183673469,-0.003926760330796228,-0.0003301592854162332,0.0053757478172580375,0.7300182899389576
cable,4,0,10,49,0.0005695005897812687,0.5102040816326531,-0.005922226545711313,0.0002686142300566338,0.008124833554029499,0.560479793561278
cable,4,0,11,49,0.0027150868748625086,0.5102040816326531,-0.008207206428051015,0.00016618954638640202,0.016786533718307822,0.19092828477869617
cable,4,1,0,49,2.1432464217514337e-05,0.42857142857142855,-0.0008848638302879176,-2.9332019039426566e-05,0.001011793443224899,0.3277633323525144
cable,4,1,1,49,-9.619791934197956e-06,0.42857142857142855,-0.00048580873214328,-1.2646987064199989e-05,0.0005210448153472587,0.48339570952497724
cable,4,1,2,49,2.433151946336463e-05,0.4489795918367347,-0.0005293045464592599,-2.6222240800700025e-05,0.0005173145676963197,0.9293119985947342
cable,4,1,3,49,0.00011243002543061086,0.4897959183673469,-0.0003180284751579132,-2.112672276176667e-05,0.0009475735637048989,0.3529225223167778
cable,4,1,4,49,0.00017525002892528372,0.5102040816326531,-0.0004931217835595068,2.6240323980700198e-05,0.0009749751072377195,0.1214072197630145
cable,4,1,5,49,0.00017713443740415786,0.4897959183673469,-0.0007494249070684398,-1.724716275926675e-05,0.0012588108579317722,0.4590183521749509
cable,4,1,6,49,0.0002978882383314375,0.5102040816326531,-0.0009173957165330732,9.871639000869981e-05,0.0018323148135095972,0.24285068376930496
cable,4,1,7,49,0.0004949749282681584,0.5510204081632653,-0.0011974121133486737,0.00018322421237823312,0.0032296754419803503,0.1842216832212209
cable,4,1,8,49,0.0004485233902272347,0.5714285714285714,-0.0014981166149178999,0.00014779437333343505,0.0031670993814865798,0.337686529201072
cable,4,1,9,49,0.00040575339883363524,0.4897959183673469,-0.0028505843443175053,-1.3482756912668384e-05,0.004983378574252112,0.8283069181203153
cable,4,1,10,49,0.0006428626365959618,0.4897959183673469,-0.004974196727077185,-7.29039311403272e-06,0.00777926550557213,0.7300182899389576
cable,4,1,11,49,0.0026772761856820354,0.5918367346938775,-0.010082651240130275,0.001466373602549264,0.01771310946593679,0.150372683231776
cable,8,0,0,49,0.00021577888223038233,0.5306122448979592,-0.00050188700164048,1.3876012720466621e-05,0.0011553937472247667,0.09292621869365192
cable,8,0,1,49,0.0001385842806732544,0.5510204081632653,-0.00035731063690041994,5.642730199420011e-05,0.0010006736129677867,0.10318385616753645
cable,8,0,2,49,0.00012753961717101907,0.5102040816326531,-0.0005318027765800267,1.0094527776066545e-05,0.0012127196959530664,0.3580945704181815
cable,8,0,3,49,0.00017715520447208973,0.5306122448979592,-0.0007404670274506264,6.263264610123324e-05,0.0016458976703385125,0.23884737889513374
cable,8,0,4,49,0.0002064359973051707,0.5306122448979592,-0.0009851954101274532,3.736893025539992e-05,0.0018974478822201934,0.3529225223167778
cable,8,0,5,49,0.00020424665591748986,0.5102040816326531,-0.0015729977594067727,4.269524166983316e-05,0.002597198666383879,0.60109554348535
cable,8,0,6,49,0.00023360469942392594,0.5510204081632653,-0.002493660120914373,5.7043197254365297e-05,0.0035048113204538566,0.6149181670740234
cable,8,0,7,49,0.0003963494736726568,0.5714285714285714,-0.004318487954636446,0.0008035575350126035,0.005144776155551261,0.5212176151805004
cable,8,0,8,49,0.0001991603263736177,0.5102040816326531,-0.004512112090984985,0.0001469217240810325,0.0057870917022228305,0.7900989608611368
cable,8,0,9,49,-0.00020230609644837947,0.5102040816326531,-0.007088222851355867,6.462385257086437e-05,0.007501864681641248,0.6787370632633305
cable,8,0,10,49,-0.00040631638016222846,0.4489795918367347,-0.01164768561720845,-0.0001486452917257991,0.011359396701057697,0.7300182899389576
cable,8,0,11,49,-0.0005923075487419003,0.42857142857142855,-0.01701532031099001,-0.0009932778775691986,0.019785263886054314,0.6079896611658668
cable,8,1,0,49,-4.6882021607554426e-05,0.3877551020408163,-0.0008309959705608132,-0.00013603617359570007,0.0010514201538171727,0.21951705091493778
cable,8,1,1,49,-3.316782044285578e-05,0.40816326530612246,-0.0004737953888252532,-3.750457350783329e-05,0.0003962349263019331,0.3132306564466525
cable,8,1,2,49,-2.946921419922313e-05,0.4489795918367347,-0.00055696929339318,-3.0157524937133424e-05,0.0005941386877869198,0.4590183521749509
cable,8,1,3,49,-7.059558161666734e-05,0.40816326530612246,-0.0009931805233160669,-6.311041458196675e-05,0.0009607551929851592,0.23097843430327103
cable,8,1,4,49,-2.3404580578972117e-05,0.4489795918367347,-0.0012916321245332798,-9.629231256746713e-05,0.001834241409475598,0.46504850070737547
cable,8,1,5,49,-9.614354566525164e-05,0.4897959183673469,-0.0018031231127679267,-0.00015777240817746625,0.0025072181597352123,0.30377721953336945
cable,8,1,6,49,-1.1737987424446478e-05,0.42857142857142855,-0.0025304594077170256,-0.0001086772729953344,0.003325927661110926,0.5671576100562277
cable,8,1,7,49,-9.127885901502867e-05,0.4489795918367347,-0.003989804536104194,-0.0010057322991391653,0.004541164139906578,0.48339570952497724
cable,8,1,8,49,-7.289802009354551e-05,0.46938775510204084,-0.003207264778514694,-0.00034295084575816474,0.004848593411346268,0.5212176151805004
cable,8,1,9,49,-0.00045602793051373016,0.3877551020408163,-0.005243807782729499,-0.0006153558691343354,0.0064627268041173545,0.2721696974895842
cable,8,1,10,49,-0.0006926815234580773,0.42857142857142855,-0.00845550211767355,-0.0014083149532477038,0.011315775290131589,0.21210233030761216
cable,8,1,11,49,-0.0014421488380148284,0.3673469387755102,-0.017354085793097794,-0.005598448216915165,0.0249828697492678,0.1120089871408716
cable,16,0,0,49,0.0002373611087456225,0.6122448979591837,-0.0005761232537527797,0.0001317425291442,0.001653045664230979,0.1097497912347869
cable,16,0,1,49,0.0003335815442561197,0.673469387755102,-0.0007421065587549933,0.00018955315075189997,0.0019476941864316588,0.0040772696910522654
cable,16,0,2,49,0.00042433360730912166,0.6938775510204082,-0.0013848726948102,0.00026499315087376665,0.0027483935157457985,0.004509766689196226
cable,16,0,3,49,0.0005910158898605326,0.6530612244897959,-0.0025127986446023204,0.0003352687538912,0.005118664974967626,0.016490706021031087
cable,16,0,4,49,0.0006797796663302389,0.6326530612244898,-0.0032940723622838465,0.0006759556320806662,0.008517276619871453,0.0909745073926338
cable,16,0,5,49,0.0004982172454498216,0.5714285714285714,-0.005925184674561005,0.0005507090439398656,0.007680537675817793,0.21210233030761216
cable,16,0,6,49,0.0006751832457221293,0.5510204081632653,-0.009495234986146257,0.0004947874695063002,0.016347459703683828,0.3633131704607564
cable,16,0,7,49,0.001422691988904454,0.5102040816326531,-0.012361102799574562,0.0013253974417845003,0.02339231943090755,0.3529225223167778
cable,16,0,8,49,0.001997372845099089,0.5306122448979592,-0.008571235587199572,0.0010575819760561336,0.018864608680208554,0.1842216832212209
cable,16,0,9,49,0.0027500791031689936,0.5306122448979592,-0.009142304956913016,0.0010624441007773648,0.021614788224299766,0.13139909585993337
cable,16,0,10,49,0.005057545214080493,0.5714285714285714,-0.011854965239763262,0.0027251678208510613,0.041042956461509045,0.054356216488653075
cable,16,0,11,49,0.0043815796573956735,0.6326530612244898,-0.01936158289511998,0.004463421801726,0.042385351161162044,0.15615299909227076
cable,16,1,0,49,-0.0002794392235881238,0.2857142857142857,-0.0013117997596661598,-0.0002834990931054331,0.0011212159142208861,0.0035580797394239028
cable,16,1,1,49,-0.00011190648949355988,0.32653061224489793,-0.0013127977649370934,-0.00019616090382136673,0.0013452880239734797,0.0654047554918229
cable,16,1,2,49,-0.00031152551361759187,0.32653061224489793,-0.0026288607157767,-0.0002734593193357668,0.0020596126715342004,0.011629919877584882
cable,16,1,3,49,-0.0008279544738482533,0.30612244897959184,-0.004821802179018661,-0.0005713020606587672,0.0026473089742163392,0.00436128202619912
cable,16,1,4,49,-0.0012045895687120692,0.32653061224489793,-0.007973137994607261,-0.0011502016956607321,0.006913352136810629,0.013478387291879557
cable,16,1,5,49,-0.00218561961676698,0.3469387755102041,-0.014296317224701255,-0.0018766528616348671,0.009426391373078002,0.010313875523515037
cable,16,1,6,49,-0.0029565365351483146,0.3673469387755102,-0.0190432048092286,-0.002584383512536665,0.009910497193535154,0.02239138563494336
cable,16,1,7,49,-0.004245102405548095,0.3469387755102041,-0.03130721847216286,-0.0038996761043866048,0.01721393043796217,0.020065414176343666
cable,16,1,8,49,-0.0032669291989941137,0.3469387755102041,-0.02762370146811006,-0.002181386575102841,0.013995689153671264,0.029231753203390554
cable,16,1,9,49,-0.0032997975239948303,0.32653061224489793,-0.027065333972374588,-0.003392969568570499,0.01485970951616761,0.030792849170467207
cable,16,1,10,49,-0.004101242185855404,0.32653061224489793,-0.03406794915596642,-0.004822357247273132,0.020124168197313955,0.03159934938326714
cable,16,1,11,49,-0.0041574647485399015,0.3673469387755102,-0.02841720307866732,-0.005026854574680321,0.0343666687607764,0.04170385423242351
chewinggum,0,0,0,87,1.0093859056505164e-05,0.8275862068965517,-9.891546445336036e-07,2.8123450140545483e-06,4.6482348015312436e-05,1.5152821052820546e-11
chewinggum,0,0,1,87,4.2746189858677025e-05,0.9425287356321839,-5.944507999326258e-07,3.1561428841087036e-05,0.00012887948094725133,1.12636710440383e-14
chewinggum,0,0,2,87,0.0001697948937057308,0.9885057471264368,1.8349873562328865e-05,0.00011534027362353097,0.000441797810284043,6.060441105672324e-16
chewinggum,0,0,3,87,0.0004155940198825116,0.9655172413793104,5.8070991023383295e-05,0.0003277759484868718,0.0009686263663752111,6.725620602826e-16
chewinggum,0,0,4,87,0.0008310811477308957,0.9655172413793104,0.00012073497152108664,0.0007357676622631686,0.00179706708343779,6.725620602826e-16
chewinggum,0,0,5,87,0.0013597965944740942,0.9655172413793104,0.00021390382995977665,0.0011899163218913333,0.0028434916098679635,7.208519885748474e-16
chewinggum,0,0,6,87,0.002008272886777027,0.9655172413793104,0.00030341349968994994,0.0017158741732904667,0.00428067867566524,7.208519885748474e-16
chewinggum,0,0,7,87,0.0034390262687732406,0.9770114942528736,0.0004982613919613133,0.0028453844715841,0.007633653822510214,6.725620602826e-16
chewinggum,0,0,8,87,0.0031789348252658197,0.9770114942528736,0.0004301771012251333,0.0025209207548565226,0.007097116132111581,6.496268876353403e-16
chewinggum,0,0,9,87,0.0041517282800344855,0.9770114942528736,0.00068978258641435,0.0034032306866720336,0.00935488130392819,6.962946652626571e-16
chewinggum,0,0,10,87,0.005416344238764743,0.9770114942528736,0.0008034882436428966,0.004368683265056433,0.013250863101954261,6.725620602826e-16
chewinggum,0,0,11,87,0.008513004876905383,0.9770114942528736,0.0010306605479854783,0.005514843680430214,0.02094931631581858,6.725620602826e-16
chewinggum,0,1,0,87,9.942817385068387e-06,0.8505747126436781,-7.538004278255054e-07,3.1151328888275503e-06,4.1176412692796806e-05,6.268917877034973e-12
chewinggum,0,1,1,87,4.455840109843356e-05,0.9655172413793104,2.454290173166859e-06,3.0119033757121844e-05,0.00012206647173413651,1.5920225184702367e-15
chewinggum,0,1,2,87,0.0001772339569905425,0.9885057471264368,1.3644911632582081e-05,0.00012827988272562255,0.0004616857818594236,6.060441105672324e-16
chewinggum,0,1,3,87,0.00043332649521387305,0.9885057471264368,7.288526515666e-05,0.00032514653109195406,0.0009722433016577147,5.8534626484401155e-16
chewinggum,0,1,4,87,0.0008627165909162868,0.9885057471264368,0.00015504502128657,0.0007405868442825738,0.0018208037358514399,5.8534626484401155e-16
chewinggum,0,1,5,87,0.0014103564633814358,1.0,0.0002605698799016,0.0012615187940051393,0.003002688886287281,5.460181414946209e-16
chewinggum,0,1,6,87,0.0020932463626003673,1.0,0.00041790418229840676,0.0017648999152394668,0.004392831796819074,5.460181414946209e-16
chewinggum,0,1,7,87,0.003569202021486259,1.0,0.0007804909138940032,0.002978065565306033,0.007693807171502457,5.460181414946209e-16
chewinggum,0,1,8,87,0.0033024752329727414,1.0,0.0007865191311187054,0.0025934359291568333,0.007143095486874961,5.460181414946209e-16
chewinggum,0,1,9,87,0.0043213457087738615,1.0,0.0008645867708158117,0.0033357564049462667,0.00954745441364749,5.460181414946209e-16
chewinggum,0,1,10,87,0.005628568064936585,1.0,0.0011572446671683386,0.004201544788278,0.012926394793127323,5.460181414946209e-16
chewinggum,0,1,11,87,0.008766410877887772,1.0,0.000927785959599234,0.005661259793366001,0.02153039391657022,5.460181414946209e-16
chewinggum,2,0,0,87,1.1812678073647598e-05,0.6436781609195402,-1.701884032929711e-05,5.677167412917091e-06,6.392251987108466e-05,0.000199009576137842
chewinggum,2,0,1,87,2.2929370516065152e-05,0.6436781609195402,-2.884722307495035e-05,4.872688502170302e-06,0.000124492848408379,0.00016255616833948252
chewinggum,2,0,2,87,7.143694690763852e-05,0.7701149425287356,-3.373196183623334e-05,4.514240814989685e-05,0.00023651653585444335,2.6333349409556037e-10
chewinggum,2,0,3,87,0.0001694843218968673,0.8160919540229885,-7.009234444316665e-05,0.0001132343071124,0.0005532253853744667,9.185133363930994e-11
chewinggum,2,0,4,87,0.0003101879466990587,0.7701149425287356,-0.00015593731368427008,0.00022229920917503333,0.0010921835103848768,2.295869309612871e-10
chewinggum,2,0,5,87,0.0005384909741868592,0.8275862068965517,-0.0003260346983249235,0.0004127358358042998,0.001762132379614397,4.2795017101529734e-11
chewinggum,2,0,6,87,0.0008212009001473266,0.8275862068965517,-0.00044047934934498347,0.0006149879191070331,0.003059410309651914,1.3207135331561065e-10
chewinggum,2,0,7,87,0.0015082789553325766,0.8275862068965517,-0.0006563432262434502,0.0012697887917359667,0.0050756474840454565,1.1993649430104751e-11
chewinggum,2,0,8,87,0.0015502831630116137,0.8390804597701149,-0.0006010418563770602,0.0013374113089715334,0.004669172823196246,3.0591870650002567e-12
chewinggum,2,0,9,87,0.002231557609092344,0.8735632183908046,-0.0007812938885763299,0.0017683523862312665,0.006226288445759547,1.0551729418613693e-12
chewinggum,2,0,10,87,0.003137261216471618,0.8850574712643678,-0.0008877489405374131,0.0024428976466879335,0.007896432660830531,2.0855295279401175e-13
chewinggum,2,0,11,87,0.007224014935697438,0.9195402298850575,-0.00019584628753361,0.005293663280705633,0.019382676016539317,4.88177858690266e-15
chewinggum,2,1,0,87,1.0731131933351406e-05,0.735632183908046,-1.3474613206199138e-05,6.104788345358732e-06,5.515016577343583e-05,5.818233392264676e-06
chewinggum,2,1,1,87,2.183192081354714e-05,0.7126436781609196,-1.96998166454349e-05,1.2337586516271891e-05,0.00011445163260449547,7.539213904323744e-06
chewinggum,2,1,2,87,7.622454807902186e-05,0.8045977011494253,-3.4151038077314094e-05,5.379914364316666e-05,0.00024487805446071336,1.3579628068256197e-10
chewinggum,2,1,3,87,0.00019143365196534537,0.8735632183908046,-6.022236436059334e-05,0.00014993776858316662,0.0005494925319605702,2.9684368846188734e-12
chewinggum,2,1,4,87,0.00033509095229067434,0.8160919540229885,-0.00011395936744520344,0.00025744157998513334,0.0010642679272374702,1.3482904246004869e-11
chewinggum,2,1,5,87,0.0005803323897575057,0.8850574712643678,-0.00020299896229213998,0.00045546722443156663,0.001665829984510014,3.0591870650002567e-12
chewinggum,2,1,6,87,0.0008995851520332923,0.8505747126436781,-0.0002442077073889267,0.0006328829331323335,0.0028545393201056513,5.907381065007945e-12
chewinggum,2,1,7,87,0.001638543659373328,0.8735632183908046,-0.0004570429950642133,0.0011385130928829668,0.004807053770249075,7.289070291458361e-13
chewinggum,2,1,8,87,0.001665401805153873,0.896551724137931,-0.0003228482557460433,0.0012724084469178665,0.0048742594469028235,3.141821392191447e-13
chewinggum,2,1,9,87,0.002415776307608981,0.9080459770114943,-0.00042793317309890687,0.0017135722252229991,0.006778930125680423,9.711108555102685e-14
chewinggum,2,1,10,87,0.0033918173171462035,0.9310344827586207,-0.0004972553113475804,0.0026342283623914,0.008908424281980833,3.8043849693996894e-14
chewinggum,2,1,11,87,0.007320896030128914,0.9310344827586207,-0.00047318321885541964,0.0051734421867877,0.018656703131273412,3.0419282541253943e-15
chewinggum,4,0,0,87,1.7316202133611296e-05,0.5632183908045977,-5.45467632036564e-05,2.792665630598396e-06,0.00012406186209164023,0.09795202392256848
chewinggum,4,0,1,87,3.790189928001721e-05,0.6091954022988506,-6.183336736280069e-05,6.122621319567159e-06,0.00022041850946448923,0.0023747857211728314
chewinggum,4,0,2,87,9.665602782002928e-05,0.7471264367816092,-5.138735189878667e-05,5.358791774296668e-05,0.0004498726887201568,3.327508760710984e-08
chewinggum,4,0,3,87,0.00021145860682387702,0.7586206896551724,-0.00013260152675990998,0.00012687587877736672,0.0008342004487833934,7.986311095477171e-09
chewinggum,4,0,4,87,0.0003797935690575525,0.7241379310344828,-0.0003183143950688833,0.00023152124291910003,0.00159716398726839,1.645692236668096e-07
chewinggum,4,0,5,87,0.0006704969665925935,0.7126436781609196,-0.00038367750821638013,0.00036593650778136673,0.002968786862523634,5.630487480386676e-08
chewinggum,4,0,6,87,0.0010363175250479298,0.7011494252873564,-0.0007179183846649901,0.0006078478181734334,0.00424721956951545,1.931218730720397e-07
chewinggum,4,0,7,87,0.0019110060172954802,0.6896551724137931,-0.0010618633280197664,0.0011807064681003338,0.007120290646950413,1.9982977186048772e-08
chewinggum,4,0,8,87,0.0019477061326062404,0.7241379310344828,-0.0009527104906737468,0.0011865446964899667,0.007682782675450046,2.9598405250182775e-09
chewinggum,4,0,9,87,0.0027932411022270178,0.735632183908046,-0.0012740444314355702,0.0017038867032776331,0.01031240671873094,1.2851166808369568e-09
chewinggum,4,0,10,87,0.0038537925119972094,0.7701149425287356,-0.0015571802854538197,0.0026427341314653996,0.013451720712085575,2.295869309612871e-10
chewinggum,4,0,11,87,0.007825097543726253,0.8275862068965517,-0.0013643842656165862,0.005432839815815266,0.02723269956186414,2.631107487449117e-12
chewinggum,4,1,0,87,1.9970761617495244e-05,0.5402298850574713,-6.526009189351588e-05,3.7283889469108544e-06,0.00013466805903584694,0.04667658419104726
chewinggum,4,1,1,87,3.823115271205413e-05,0.6206896551724138,-4.658558076093592e-05,1.4103563444238596e-05,0.00019406353664325277,0.00046493334047045776
chewinggum,4,1,2,87,9.268164622772406e-05,0.7126436781609196,-6.54917273399e-05,4.6429920378923396e-05,0.0003754951928082334,6.803042045551888e-08
chewinggum,4,1,3,87,0.00023614122349209849,0.8045977011494253,-0.0001281766608978533,0.00015604224366443326,0.0008272427968525336,7.361040713942414e-10
chewinggum,4,1,4,87,0.00039677155639894664,0.7471264367816092,-0.00027186843702415003,0.0002276066904111667,0.001500197950129717,2.6126349480465778e-08
chewinggum,4,1,5,87,0.0006757760325659034,0.7011494252873564,-0.0003749305925642897,0.0004407404533898333,0.0024963999361110505,1.4163360825957354e-08
chewinggum,4,1,6,87,0.001052790458565689,0.7126436781609196,-0.0005646150947237466,0.0005677279162531667,0.004238865322743896,3.5767108516349624e-08
chewinggum,4,1,7,87,0.001950165507975976,0.7471264367816092,-0.0007507063681259306,0.001184389150391,0.0071071144503851704,1.5858167031143077e-09
chewinggum,4,1,8,87,0.001961346391866778,0.7931034482758621,-0.0009774954407475768,0.0012841143955787332,0.006876276154071078,1.5601627602860377e-10
chewinggum,4,1,9,87,0.002815720056526185,0.8735632183908046,-0.0011325296092157162,0.0018663078856964999,0.009394058088461542,9.207310825610108e-12
chewinggum,4,1,10,87,0.003915190540603808,0.8850574712643678,-0.001133041487385813,0.002511349196235367,0.012235791794955713,1.829100961969215e-12
chewinggum,4,1,11,87,0.007924852064022098,0.896551724137931,-0.0007792673384150328,0.005844859095911202,0.021773901535198113,3.564341147927056e-14
chewinggum,8,0,0,87,2.5790398561587127e-05,0.5172413793103449,-0.00016650347315587332,2.626691032922763e-06,0.0002812718341980485,0.7605702389364445
chewinggum,8,0,1,87,4.783959010989614e-05,0.5632183908045977,-0.00013409110542854334,1.63957544524333e-05,0.0003482386634762901,0.055742921678968715
chewinggum,8,0,2,87,0.0001235234447874406,0.735632183908046,-8.760107254295998e-05,7.370252084603333e-05,0.0004572538513457669,9.670403350765172e-08
chewinggum,8,0,3,87,0.000252290145459264,0.735632183908046,-0.00019305187355104323,0.00015001662541176675,0.0008637074225892999,2.9491274521312542e-08
chewinggum,8,0,4,87,0.0004621618121801731,0.7471264367816092,-0.00039889352240911634,0.00020394784708816643,0.0015969308714071473,9.016381018869306e-08
chewinggum,8,0,5,87,0.000814387707487535,0.7471264367816092,-0.0007475234956170233,0.0004540299220631332,0.0033325067372061597,4.15016196031481e-07
chewinggum,8,0,6,87,0.0012483538183744045,0.7471264367816092,-0.0010629563126712666,0.0006167441606521329,0.005811000700729589,5.177540800065574e-07
chewinggum,8,0,7,87,0.0025066429172853053,0.7471264367816092,-0.0018448099338759757,0.0012884208311637665,0.010954218264669214,4.230612485078307e-08
chewinggum,8,0,8,87,0.0025903079087821034,0.7586206896551724,-0.0017575474844004064,0.0015218610254427003,0.010874325130134845,1.724936517222738e-08
chewinggum,8,0,9,87,0.0035191758480493944,0.7701149425287356,-0.002092052297666699,0.0022208029404283004,0.013211938630168646,9.282014843643776e-09
chewinggum,8,0,10,87,0.0048762022649648015,0.735632183908046,-0.0028666519249478904,0.0031435691441099017,0.01756400978192688,4.6952732111683174e-09
chewinggum,8,0,11,87,0.008482047279946994,0.7126436781609196,-0.004173061375816674,0.005602366601427367,0.03278029540864131,2.2578300091934235e-08
chewinggum,8,1,0,87,2.7471528186946598e-05,0.5057471264367817,-0.00012236896982354653,3.3916815785535944e-06,0.0002655789367660243,0.567747105063727
chewinggum,8,1,1,87,3.786127097388614e-05,0.5287356321839081,-0.00010333469836043335,3.718821972142905e-06,0.0003433285572100537,0.2958380348214731
chewinggum,8,1,2,87,8.240118386380997e-05,0.6206896551724138,-0.00013720743736488338,3.417714712363335e-05,0.0005228801969982468,0.003691121604456897
chewinggum,8,1,3,87,0.00023408890483272646,0.7471264367816092,-0.00018295812769796014,0.00015274809751033333,0.0009674265127008366,4.6364800478947516e-07
chewinggum,8,1,4,87,0.00038656670202312217,0.6551724137931034,-0.0004303842744168802,0.00021866480043776656,0.0021320194083576456,3.6819824687895496e-05
chewinggum,8,1,5,87,0.0006659874323241671,0.7011494252873564,-0.0008102378497521,0.00035519960025946675,0.003622590719411792,2.14421274515161e-05
chewinggum,8,1,6,87,0.001056759991108577,0.735632183908046,-0.0011016326801230466,0.0005383137613535001,0.006094073217051708,1.3558206543144998e-05
chewinggum,8,1,7,87,0.0022283042986231435,0.7586206896551724,-0.0016985380711654501,0.0013623228296637674,0.011408012391378513,3.71324356376904e-07
chewinggum,8,1,8,87,0.002269852536255884,0.7586206896551724,-0.00162382714139914,0.0013194391503929996,0.011030446489651994,1.0131685980639127e-07
chewinggum,8,1,9,87,0.0033271524928495918,0.7816091954022989,-0.0013431596569717331,0.0022488074998060666,0.013777353009209,2.810934405792226e-09
chewinggum,8,1,10,87,0.0046572740264665125,0.7701149425287356,-0.0015246848265329648,0.003377188617984467,0.017415804509073443,1.855311420839584e-09
chewinggum,8,1,11,87,0.009389377220523087,0.8505747126436781,-0.0034179311556120496,0.006182892558475336,0.029987836799894776,6.085518683010205e-12
chewinggum,16,0,0,87,9.201566999380572e-05,0.5057471264367817,-0.0006496303753616666,1.7241395350233325e-05,0.0010443245080144236,0.19093831351320545
chewinggum,16,0,1,87,8.512962392310462e-05,0.5402298850574713,-0.00036198450640465674,1.0330540438533353e-05,0.0007807029517910934,0.1756200671087058
chewinggum,16,0,2,87,0.00022924839555985257,0.6666666666666666,-0.00031514961738140335,0.00010977375010649999,0.0012585277727339317,7.99376061817883e-05
chewinggum,16,0,3,87,0.000452786386530437,0.7126436781609196,-0.0005379360984079366,0.00022885513802373397,0.0027424344016859915,4.9534812758253735e-06
chewinggum,16,0,4,87,0.0008047628038031163,0.7586206896551724,-0.001112686392540757,0.0003721111764510331,0.00495937389011183,1.1387936765775167e-05
chewinggum,16,0,5,87,0.0012605828241983963,0.6896551724137931,-0.0022990304355819963,0.000668143853545201,0.008116502974492842,0.0001324554512695507
chewinggum,16,0,6,87,0.0016387222616637135,0.632183908045977,-0.0035763095598667994,0.0007759799870351329,0.011064643179997792,0.0017115205587237494
chewinggum,16,0,7,87,0.003184222582356568,0.7011494252873564,-0.0058213798329233915,0.0016820815702279363,0.021767364628613072,0.00016815985945209437
chewinggum,16,0,8,87,0.003063089101864347,0.6896551724137931,-0.004817408819993369,0.001298813770214735,0.020106293462837772,0.00010580936193769255
chewinggum,16,0,9,87,0.0038352689413189683,0.6781609195402298,-0.005288019093374385,0.001654501693944167,0.02399152989188836,2.3122146449375142e-05
chewinggum,16,0,10,87,0.005538443356780942,0.632183908045977,-0.0077047870183984644,0.0020770126332839284,0.03319410358866064,0.000109550025880121
chewinggum,16,0,11,87,0.009204034732790285,0.6781609195402298,-0.009441552435358356,0.005184554184476501,0.053054431825876255,5.054425434280705e-06
chewinggum,16,1,0,87,5.531877090719479e-05,0.5172413793103449,-0.0003170313400914534,2.7686134368666766e-06,0.0005717067819204901,0.25490642095035576
chewinggum,16,1,1,87,6.335887381533637e-05,0.4942528735632184,-0.00038849374589820335,-4.215277537366691e-06,0.0007849694331525602,0.7509179408626602
chewinggum,16,1,2,87,0.0001288716866629483,0.5517241379310345,-0.0003774544728609098,1.3899213324000334e-05,0.001127894878542701,0.21182790955112674
chewinggum,16,1,3,87,0.00025296503752898194,0.5402298850574713,-0.0006105792437059098,5.8433661858200286e-05,0.002735741032908358,0.12238927879313712
chewinggum,16,1,4,87,0.00036108511066513556,0.5057471264367817,-0.0014931625220924263,1.5400660534667376e-05,0.0044378186576068575,0.3650780568103822
chewinggum,16,1,5,87,0.0006441164233675467,0.4827586206896552,-0.0019012908451259002,-3.6559843768665425e-05,0.007388286471056427,0.59091298046844
chewinggum,16,1,6,87,0.0010702277915516597,0.5172413793103449,-0.0029439672517279783,4.944174240030172e-05,0.010746000303576428,0.4188681754804705
chewinggum,16,1,7,87,0.0025502733736373984,0.5862068965517241,-0.0040045181599755696,0.0006069336086511994,0.0203061867505312,0.014774642508950468
chewinggum,16,1,8,87,0.0027160003221097817,0.6436781609195402,-0.003786860530575133,0.0008706875766316662,0.019589756941422846,0.0009919533527930572
chewinggum,16,1,9,87,0.004069324019026026,0.7011494252873564,-0.0029819960085054314,0.0019564237445592984,0.02490796133254966,3.2473637978777074e-07
chewinggum,16,1,10,87,0.005965539400547854,0.7011494252873564,-0.0054386511445045915,0.002678889781236631,0.03219401538372043,3.0366426789119185e-06
chewinggum,16,1,11,87,0.012050921568411525,0.7586206896551724,-0.004235508541266112,0.00719525168339414,0.05808552354574211,1.1563918835780302e-09
macaroni2,0,0,0,90,1.5564832525993422e-06,0.7555555555555555,-9.82404811011861e-07,2.40115284692403e-07,6.32040283221613e-06,2.2611658195660582e-07
macaroni2,0,0,1,90,4.811858526762889e-06,0.7,-4.450715061921074e-06,3.5866500430377836e-06,2.0256661256704924e-05,1.2563760827304543e-06
macaroni2,0,0,2,90,1.3394843805329645e-05,0.8444444444444444,-3.5855245490286782e-06,1.0008039907916103e-05,4.0842958984891686e-05,1.4874264414801948e-12
macaroni2,0,0,3,90,2.0932605693979397e-05,0.7888888888888889,-2.0835778332170754e-05,1.780419961505686e-05,6.75119421429946e-05,1.281218587038643e-09
macaroni2,0,0,4,90,3.118448625492521e-05,0.7333333333333333,-4.453423871378692e-05,2.767134318067595e-05,0.0001414266214548274,1.1821618387261255e-06
macaroni2,0,0,5,90,5.552061141449569e-05,0.7444444444444445,-8.026075314165053e-05,4.8505936092624324e-05,0.00024945317236409957,3.856997694310567e-07
macaroni2,0,0,6,90,7.936919452932336e-05,0.8,-0.00013847955536526,7.150004239519784e-05,0.00032928730494553496,1.4019181827813017e-07
macaroni2,0,0,7,90,0.00018044704308217184,0.8444444444444444,-0.00015302176325348834,0.00017849586644534714,0.0005259249298736346,8.921892776743423e-11
macaroni2,0,0,8,90,0.00017059894502614577,0.8555555555555555,-0.00010517101763979165,0.00015955579146971458,0.0005017075455422542,7.794103899751079e-12
macaroni2,0,0,9,90,0.000249683269989687,0.8777777777777778,-0.00012818562972824506,0.00024074979395050832,0.0006969870687801732,1.3871809714343864e-13
macaroni2,0,0,10,90,0.00033463887332090366,0.8888888888888888,-9.374400542582345e-05,0.00030277568718395874,0.0009839960058646382,2.898808838758462e-14
macaroni2,0,0,11,90,0.00044593369618974266,0.8888888888888888,-8.630296943009993e-05,0.00038657835830230834,0.0011116101314352367,2.3307384084990544e-14
macaroni2,0,1,0,90,1.5787983878336445e-06,0.8,-5.763377709892361e-07,2.0835913616679136e-07,7.0044467577190474e-06,4.187848664516345e-09
macaroni2,0,1,1,90,5.229801249918689e-06,0.7111111111111111,-3.980854696313445e-06,3.81644173330642e-06,2.1593134590602848e-05,1.8212660022036883e-07
macaroni2,0,1,2,90,1.9017174836081144e-05,0.8444444444444444,-2.614512709442353e-06,1.205315993502154e-05,4.2913260616235976e-05,4.88153293454649e-13
macaroni2,0,1,3,90,2.403842266942195e-05,0.8,-2.283019220307999e-05,1.9204785606537676e-05,8.98933881823222e-05,8.02378553447992e-09
macaroni2,0,1,4,90,3.0197985379502755e-05,0.7555555555555555,-5.161389174954336e-05,2.5283092554673203e-05,0.00018606291026415541,2.631633260509171e-06
macaroni2,0,1,5,90,4.907571051598078e-05,0.7444444444444445,-8.053887698531504e-05,4.789928122287771e-05,0.00026693494874053007,4.1972145270353146e-07
macaroni2,0,1,6,90,7.230202186964622e-05,0.7666666666666667,-0.00015242649290785672,7.908271209087016e-05,0.0003298067080928348,3.662082071849277e-08
macaroni2,0,1,7,90,0.0001699425636043261,0.8777777777777778,-0.00016540461365369003,0.00018864755111279875,0.0005346079023487312,1.1641297137982908e-10
macaroni2,0,1,8,90,0.00016041181838266115,0.8888888888888888,-8.231070047866e-05,0.00016000982850525476,0.0004907609715397764,2.4336525898041053e-11
macaroni2,0,1,9,90,0.00024071192444553283,0.9111111111111111,-4.494751798726997e-05,0.00023897034498076127,0.0006002969816714847,4.429386028733807e-12
macaroni2,0,1,10,90,0.00032054941719722793,0.9,-6.854208525816993e-05,0.0003101371936887685,0.0008373130630692196,3.331173325039401e-12
macaroni2,0,1,11,90,0.0004283641062405081,0.9222222222222223,-0.00010306652378247997,0.00040776217034967,0.0011087712161194697,1.2493858875771132e-12
macaroni2,2,0,0,90,1.1211889131311434e-05,0.6444444444444445,-2.646686187593635e-05,5.1306459075324985e-06,4.5167583260763394e-05,0.0031226450260724574
macaroni2,2,0,1,90,2.91342594580144e-05,0.7444444444444445,-2.567123307621984e-05,2.6960538889373805e-05,9.962860782856492e-05,8.02378553447992e-09
macaroni2,2,0,2,90,4.573934296515881e-05,0.8111111111111111,-4.644993878172261e-05,4.085757367040853e-05,0.00013272285647568155,7.936889884476121e-10
macaroni2,2,0,3,90,6.48189873943394e-05,0.7,-0.00018108508787309836,6.094500713516664e-05,0.00024872563371900836,6.909020247972503e-06
macaroni2,2,0,4,90,8.901451227656718e-05,0.6444444444444445,-0.00037654453893381655,9.518549389516667e-05,0.00046646270760297833,0.0007857444920602946
macaroni2,2,0,5,90,0.00010516792727113167,0.5888888888888889,-0.0006503268125622565,9.225999626019996e-05,0.0008227025968760012,0.010928300948845924
macaroni2,2,0,6,90,9.655570958987076e-05,0.5555555555555556,-0.0011067893365786083,8.26962641440332e-05,0.001141853408868575,0.10107729905456435
macaroni2,2,0,7,90,0.00015427007601828997,0.5666666666666667,-0.0017925933575801,0.0001722736827407999,0.0019199673362891398,0.1381463421221853
macaroni2,2,0,8,90,0.00014022260290437038,0.5444444444444444,-0.0015532994933892018,9.851060652486636e-05,0.0015187741679255442,0.13081516961219972
macaroni2,2,0,9,90,0.0002905938740392822,0.6222222222222222,-0.0018917734152637735,0.00019451548966273346,0.0021620025494485428,0.007148715126833073
macaroni2,2,0,10,90,0.00039841170062707105,0.6444444444444445,-0.0018717231966244748,0.00025237219718596596,0.0024802433889514947,0.003289495547999788
macaroni2,2,0,11,90,0.0005997980599069533,0.6777777777777778,-0.0020627191755920537,0.0005192309035919668,0.004116034286562311,0.0009898732285660277
macaroni2,2,1,0,90,1.4411310113851544e-05,0.7444444444444445,-1.0420383591736026e-05,7.874236018778902e-06,4.12861971028633e-05,1.986272282122238e-07
macaroni2,2,1,1,90,3.399594581793734e-05,0.8,-2.9397692408868654e-05,2.9500657546990712e-05,0.00010909443223376756,2.9173454658268397e-10
macaroni2,2,1,2,90,6.0321558912266336e-05,0.8111111111111111,-5.94405886658636e-05,5.76529212897147e-05,0.0001898803572960608,5.416385632864075e-10
macaroni2,2,1,3,90,9.757618959324281e-05,0.7888888888888889,-0.00014034232081030004,8.953816723076665e-05,0.0002976912580682632,7.649498724324725e-09
macaroni2,2,1,4,90,0.00015323137798717735,0.7555555555555555,-0.0002738288826852333,0.0001666334671123667,0.0005029965153274866,1.8212660022036883e-07
macaroni2,2,1,5,90,0.00021423370169401407,0.7555555555555555,-0.000518163656912845,0.0002324010420124833,0.0008957012316386933,1.5687495445163253e-06
macaroni2,2,1,6,90,0.00027748593253177815,0.7555555555555555,-0.0008236904478205117,0.00028071545724133324,0.0011559208054677233,7.040893892526689e-06
macaroni2,2,1,7,90,0.0004412412197173848,0.7111111111111111,-0.001154881801145765,0.0005421680786336665,0.0017818083617991282,5.935843913905816e-06
macaroni2,2,1,8,90,0.0003821239989419074,0.7222222222222222,-0.0009628052503103569,0.00047405628720298334,0.0015879220494146979,5.823851631668884e-06
macaroni2,2,1,9,90,0.0005650459974141863,0.7333333333333333,-0.0011818959290394965,0.0008000524054902165,0.0021137981234157148,1.4184754001955945e-06
macaroni2,2,1,10,90,0.0007383887062099308,0.7333333333333333,-0.001602952833248627,0.000983525028762717,0.0028585729771293997,1.2563760827304543e-06
macaroni2,2,1,11,90,0.0009631083029994942,0.7666666666666667,-0.0018981795040114613,0.0011606679569619502,0.0033528655864453875,6.791118753816901e-07
macaroni2,4,0,0,90,1.45206127584664e-05,0.5444444444444444,-6.112971780868641e-05,3.977939438007938e-06,0.00011481499899063784,0.0929787066210059
macaroni2,4,0,1,90,3.2334833842991114e-05,0.6888888888888889,-5.136399195175484e-05,2.257863161505787e-05,0.00013391035963646747,1.4541286679191591e-05
macaroni2,4,0,2,90,6.327376800914986e-05,0.7,-8.74135349780183e-05,5.814864562126668e-05,0.00022510775009624084,4.7623869554619857e-07
macaroni2,4,0,3,90,0.00010082884915323703,0.6555555555555556,-0.00019475310643123997,0.0001081485049023,0.000447137928495075,4.165067001395504e-05
macaroni2,4,0,4,90,0.00015653627655140808,0.6333333333333333,-0.000431769459585995,0.0001423774325909333,0.0008241748020130399,0.0006590948987683077
macaroni2,4,0,5,90,0.0002544105492739193,0.6222222222222222,-0.0007942566725736251,0.00020391222399966668,0.0015393093402963033,0.0035550335678488443
macaroni2,4,0,6,90,0.00028072031219145675,0.5777777777777777,-0.0012027342570945566,0.0003221895700941668,0.002067877604470888,0.029344486930355396
macaroni2,4,0,7,90,0.0003792634294195886,0.5777777777777777,-0.002044505711334443,0.0005123322674384164,0.003454959411950193,0.10024296644613803
macaroni2,4,0,8,90,0.0003790484689590024,0.5888888888888889,-0.0016335695632733217,0.0004654208508630339,0.003038338044037391,0.05469246144043668
macaroni2,4,0,9,90,0.00047870278617160813,0.6,-0.0020572725450620413,0.0006599200617832669,0.004075731569901136,0.04075186996929314
macaroni2,4,0,10,90,0.0005920843460545307,0.5777777777777777,-0.0024856229584353275,0.0007693264633416995,0.005082452859884743,0.038059666290928384
macaroni2,4,0,11,90,0.0008700926027140021,0.6111111111111112,-0.003006202153240633,0.0010643921947728003,0.005719430144138953,0.007062990088257573
macaroni2,4,1,0,90,1.993460600630992e-05,0.6111111111111112,-5.1748041778392466e-05,1.2010010626302876e-05,0.0001270617968808438,0.005007934849256674
macaroni2,4,1,1,90,3.79915466341712e-05,0.6666666666666666,-5.58016530703462e-05,3.293933817376113e-05,0.00017507337482432363,4.809685250711742e-06
macaroni2,4,1,2,90,7.576302885825736e-05,0.7555555555555555,-0.000124035210319575,6.713313147578331e-05,0.00025092179421331364,6.747108983291447e-08
macaroni2,4,1,3,90,0.0001263286116968415,0.7666666666666667,-0.0002204833843279884,0.0001038085368539666,0.0004941366855442934,1.2820953433990426e-06
macaroni2,4,1,4,90,0.00020373759314814072,0.7555555555555555,-0.0005312805102827883,0.0002168797752043668,0.0008378291036934098,1.1238696866420087e-05
macaroni2,4,1,5,90,0.0003472289269902148,0.7666666666666667,-0.0010337696391312697,0.00037636582662044997,0.0014214592190304567,1.3026063332778907e-05
macaroni2,4,1,6,90,0.00045158245958628636,0.6666666666666666,-0.001436187171687693,0.0005062469863333001,0.0020848586243421914,0.00010938272839926957
macaroni2,4,1,7,90,0.0005982722789566512,0.6777777777777778,-0.002289910203156385,0.0006722651499634334,0.0030774472552972244,0.000535412259982432
macaroni2,4,1,8,90,0.0005469084794943552,0.6888888888888889,-0.0020218080724589433,0.0005640698752055664,0.0027115566520175462,0.0004018980617217697
macaroni2,4,1,9,90,0.0006912532773437997,0.7,-0.00260940482063835,0.0006412362757449667,0.00352780522662217,0.0004271108928523531
macaroni2,4,1,10,90,0.0008930482815399266,0.6777777777777778,-0.0032230993461173836,0.0008137531500930009,0.004683217018221778,0.0006494472069521086
macaroni2,4,1,11,90,0.0011770039426024848,0.6666666666666666,-0.0034831636352464436,0.0011532379624744334,0.0058969293488189386,0.0003292318822519537
macaroni2,8,0,0,90,-2.38144029598984e-05,0.3333333333333333,-0.0001278826724349502,-2.9902092743810677e-05,0.00011169390296950054,0.003990024409349835
macaroni2,8,0,1,90,-2.6915804941113424e-05,0.36666666666666664,-0.00019168645958416832,-2.3321561457157828e-05,0.00013165461496102835,0.014509694346057742
macaroni2,8,0,2,90,-1.9239996456447774e-05,0.4222222222222222,-0.00023394422508622823,-2.5542064880333237e-05,0.0002224629895257116,0.14803249448251146
macaroni2,8,0,3,90,8.648391748358524e-06,0.4888888888888889,-0.0004307980125304349,-1.2123132667799983e-05,0.0004378504701889931,0.6220819215649475
macaroni2,8,0,4,90,3.427419880474374e-05,0.5222222222222223,-0.0009537888923659998,3.4021446481333206e-05,0.0008877004011689498,0.26763460447435106
macaroni2,8,0,5,90,0.00010807321135265294,0.5666666666666667,-0.001317628391552665,0.0001846284527952497,0.0013919004045116565,0.1036135242937697
macaroni2,8,0,6,90,0.0001235669013112789,0.5888888888888889,-0.0023633250190566047,0.00024948727029063325,0.0019987895386294014,0.1170616925308526
macaroni2,8,0,7,90,3.3011454743920043e-05,0.5111111111111111,-0.003988389143099381,0.00012294373785458335,0.002865751615415048,0.45058407180604343
macaroni2,8,0,8,90,4.469741187575299e-05,0.5333333333333333,-0.0034091476816684083,0.0002913088537752494,0.0026910805065805455,0.4481724571464035
macaroni2,8,0,9,90,7.184996804291712e-05,0.5444444444444444,-0.004197693530780596,0.0002193269319832507,0.003351168578956336,0.47261643987271906
macaroni2,8,0,10,90,2.6811702452870382e-05,0.5333333333333333,-0.00494221273499234,0.0003000379850467,0.004030666911664084,0.767427787493266
macaroni2,8,0,11,90,0.0005519780002672384,0.5444444444444444,-0.005550643072153133,0.0002537720526257659,0.006238246972983063,0.1381463421221853
macaroni2,8,1,0,90,-2.075819083310199e-05,0.4,-0.00011566380938647583,-1.8919391247103705e-05,9.185574357009156e-05,0.019088469782606338
macaroni2,8,1,1,90,-3.995844499849989e-05,0.34444444444444444,-0.00015722795020944503,-4.654765264908332e-05,8.004052433531665e-05,1.1032487504976744e-05
macaroni2,8,1,2,90,-3.0419578629168886e-05,0.4444444444444444,-0.0003083097074219834,-2.506903062260001e-05,0.0002730338679005416,0.05996178428514936
macaroni2,8,1,3,90,3.4823512477307376e-06,0.5111111111111111,-0.0005376727718006266,6.473632917399863e-06,0.00042810974118769485,0.820160603099727
macaroni2,8,1,4,90,1.5619421524381468e-05,0.5111111111111111,-0.0009701810020487815,2.6299094315599954e-05,0.0007834715574669234,0.6918591310155648
macaroni2,8,1,5,90,6.848854892368926e-05,0.5555555555555556,-0.0014609644849163498,0.0001463827987512002,0.0013055320479906784,0.3903087627616869
macaroni2,8,1,6,90,7.627794898495067e-05,0.5555555555555556,-0.002314783085603265,0.00016543851234020017,0.0020392966068660083,0.4800902704330421
macaroni2,8,1,7,90,-2.3929884277830224e-05,0.5333333333333333,-0.0040012381893272005,0.00020538705090685037,0.0036619045150776963,0.8578951823756382
macaroni2,8,1,8,90,-2.1621469339287377e-05,0.5111111111111111,-0.003421259985770993,0.00013293302617965047,0.0032617944486749697,0.9278636732650996
macaroni2,8,1,9,90,4.089600406587866e-06,0.5333333333333333,-0.0045508130143085915,0.00012225106668971655,0.004314245625088652,0.7766632417334194
macaroni2,8,1,10,90,2.48731665865152e-05,0.5333333333333333,-0.005684514607613282,9.463339423139991e-05,0.005353782333744063,0.7521091007933789
macaroni2,8,1,11,90,0.0004504042608594432,0.6,-0.007118067999059958,0.0008293092250823988,0.007171052368357753,0.16204345447170831
macaroni2,16,0,0,90,-3.445444028194891e-05,0.4222222222222222,-0.00035613397946384826,-3.255715273553335e-05,0.00027679673124417496,0.0921983373522881
macaroni2,16,0,1,90,-6.302598135166631e-05,0.36666666666666664,-0.00044552084485379,-9.344327069506664e-05,0.0004252553393598682,0.028459135175876855
macaroni2,16,0,2,90,-0.0001078909142287837,0.3,-0.0006877656172340134,-0.00011387570217871675,0.00048482231504750657,0.008965002162530385
macaroni2,16,0,3,90,-0.00019915525055558964,0.3333333333333333,-0.0013702628435566717,-0.00017510727047921658,0.0006280793187518849,0.003419919145167456
macaroni2,16,0,4,90,-0.0003449069016992544,0.36666666666666664,-0.0022168640124922076,-0.00028798081135999955,0.0012146608166707256,0.005956048468764784
macaroni2,16,0,5,90,-0.00029428158369329706,0.4111111111111111,-0.003215909392262506,-0.00033895780021948266,0.0025581545041252793,0.13081516961219972
macaroni2,16,0,6,90,-0.000633170604015944,0.37777777777777777,-0.004412848036736275,-0.0005772861962517343,0.0036395427926132927,0.012394022324880061
macaroni2,16,0,7,90,-0.0007895857302678965,0.4,-0.006972161028534175,-0.0005805627442896167,0.005665299917260806,0.04796899046159692
macaroni2,16,0,8,90,-0.0005452588907684407,0.43333333333333335,-0.0063063847987602,-0.00023654662072656457,0.004386927373707276,0.12576603576161768
macaroni2,16,0,9,90,-9.670945022393074e-05,0.5222222222222223,-0.007035339390859,0.00040341416994730053,0.0053405355351666545,0.9695082536924369
macaroni2,16,0,10,90,-3.3409376111294214e-05,0.5444444444444444,-0.00859076979880533,0.0006528462593753809,0.006875775133570059,0.963093120587932
macaroni2,16,0,11,90,0.001276299284978048,0.6,-0.01085495877390106,0.0019089945902426644,0.010368639541169004,0.03695302869495058
macaroni2,16,1,0,90,4.488409494685726e-06,0.4444444444444444,-0.0003404711744223967,-1.680992378773333e-05,0.00039429513950987324,0.9342605528691736
macaroni2,16,1,1,90,1.1388360225183321e-05,0.4777777777777778,-0.0005993387632770234,-4.750435861451666e-05,0.00068177975093327,0.7521091007933789
macaroni2,16,1,2,90,7.5808093512266805e-06,0.4111111111111111,-0.0008869333997911867,-0.0001092663539263167,0.0012398236081935482,0.445768191092072
macaroni2,16,1,3,90,-7.094400395914225e-05,0.4,-0.0010133629470752733,-0.0001888829283416167,0.0014891551477679613,0.14467876295540988
macaroni2,16,1,4,90,-7.49033116908037e-05,0.4,-0.0017069577355868918,-0.00025545371075471625,0.002165926934685547,0.29455986206918494
macaroni2,16,1,5,90,3.01555549311993e-05,0.4777777777777778,-0.003330333554185906,-0.00011131570984921658,0.003938094472202143,0.8295588838077856
macaroni2,16,1,6,90,-0.00019059534943490546,0.4444444444444444,-0.0049695141691093545,-0.0003187100713451666,0.005097957995409787,0.3992492488532766
macaroni2,16,1,7,90,-0.0005461599574320902,0.4222222222222222,-0.009084523438165583,-0.0008106667858858684,0.007394052793582265,0.2344396527747883
macaroni2,16,1,8,90,-0.0005012033472734421,0.43333333333333335,-0.0074454445081452054,-0.0009895917028188515,0.005604689529476125,0.23762153061054614
macaroni2,16,1,9,90,-4.694389903711062e-05,0.4888888888888889,-0.008355172257870445,-0.00027498556300998254,0.00815337500534948,0.9118927534234438
macaroni2,16,1,10,90,2.7925536657370836e-05,0.5111111111111111,-0.010637523730595917,8.122126261391957e-05,0.011404926065976437,0.9983947815033373
macaroni2,16,1,11,90,0.000997305704556688,0.5111111111111111,-0.015723280981183092,0.0006761363862703169,0.017296881570170328,0.3836839277188564
screw,0,0,0,113,0.00010126125552339853,0.6017699115044248,-7.466203169315122e-06,5.011509074392961e-07,0.00023488453938773227,0.0035246056489905615
screw,0,0,1,113,3.611111141331278e-05,0.5221238938053098,-4.429066539159668e-05,3.5621433198684826e-06,0.000135368571924694,0.22176202901423536
screw,0,0,2,113,-3.460320318979475e-05,0.21238938053097345,-0.0001692193764028885,-3.728617351346925e-05,6.178065814315324e-05,8.985023186839851e-10
screw,0,0,3,113,-0.00017488135781175486,0.168141592920354,-0.00047042964336775335,-0.00015533597130952813,5.11983632653265e-05,3.595063245263463e-15
screw,0,0,4,113,-0.00045489050940902766,0.10619469026548672,-0.0012476297716299332,-0.0003548559713332667,5.4234894923880054e-05,7.660988600519354e-18
screw,0,0,5,113,-0.000982867181060732,0.07079646017699115,-0.002536045988866414,-0.0008458206333064999,3.756568767129978e-05,1.7394994130432029e-19
screw,0,0,6,113,-0.0013360387435023932,0.035398230088495575,-0.0032407649559900004,-0.001140945532824867,-3.536095997941351e-05,1.9825280732640324e-19
screw,0,0,7,113,-0.001879816116402159,0.05309734513274336,-0.00459150513634082,-0.0015576026635244667,5.150112944333039e-06,6.211806266335861e-19
screw,0,0,8,113,-0.0015205770260202738,0.09734513274336283,-0.0037530096286597465,-0.0012121530210909334,0.00015407114212091994,5.262471417179038e-18
screw,0,0,9,113,-0.0015575286799347796,0.168141592920354,-0.004678983008488994,-0.0012051463515187334,0.0004911632820343058,1.0319599520632903e-15
screw,0,0,10,113,-0.0018588759394709028,0.18584070796460178,-0.005710236231485986,-0.0015253703265141,0.0007941897177563976,1.913712192397033e-14
screw,0,0,11,113,-0.002381547283247984,0.25663716814159293,-0.009754528850316956,-0.0016799260241289666,0.001967312092892852,4.762423194489428e-10
screw,0,1,0,113,9.630858164782978e-05,0.5752212389380531,-2.2165596343863094e-05,5.92522913696788e-07,0.00023544920984666466,0.013914273258672075
screw,0,1,1,113,2.630025417623544e-05,0.415929203539823,-5.59711752430303e-05,-5.683560933296881e-06,0.00013499691473643248,0.2571949465701874
screw,0,1,2,113,-3.64456476031783e-05,0.2743362831858407,-0.0001862373081772837,-3.31923147314e-05,6.250371419202134e-05,4.562840734200763e-08
screw,0,1,3,113,-0.00016968598580758784,0.20353982300884957,-0.0005511072832936133,-0.0001468015737676,0.00011759212866307503,2.2597587584147474e-12
screw,0,1,4,113,-0.00044809577764326757,0.168141592920354,-0.0014325681006690531,-0.00036250559302669996,0.00014427379937844624,7.448778904421565e-15
screw,0,1,5,113,-0.0009592042403648659,0.10619469026548672,-0.002732915730060407,-0.0007899918515855668,0.0001893808997313857,7.018230364115098e-17
screw,0,1,6,113,-0.0013347535051926108,0.09734513274336283,-0.003584356047213074,-0.0011336239210019668,0.0002933046567098588,1.7825230018879075e-17
screw,0,1,7,113,-0.0018935450806026937,0.10619469026548672,-0.005460869202700773,-0.0016380078159272669,0.0005167404112095533,2.988995182641996e-17
screw,0,1,8,113,-0.0015143080190226637,0.11504424778761062,-0.004507688308755607,-0.0011478826636448663,0.0004942669843634065,1.7117020106229207e-16
screw,0,1,9,113,-0.0015243843184429705,0.1504424778761062,-0.005019335580679246,-0.0010510882517944004,0.0008036099451904126,1.3381216462197064e-14
screw,0,1,10,113,-0.0018371221783521495,0.20353982300884957,-0.006010759994387632,-0.0011908424785360666,0.0011018696396301196,1.9023070619482497e-13
screw,0,1,11,113,-0.0022680513516300594,0.25663716814159293,-0.009601452659505103,-0.0014956545395155329,0.002484619415675619,2.047572683299342e-08
screw,2,0,0,113,5.242874782590138e-05,0.30973451327433627,-0.0002553702193835731,-2.4632419808800018e-05,0.00035448543349045315,0.0054784456080651765
screw,2,0,1,113,-0.00018353686011059834,0.21238938053097345,-0.0007323136145715,-0.0001390361455074667,0.0001986500714944126,5.4147526008006335e-11
screw,2,0,2,113,-0.00039836522720181576,0.10619469026548672,-0.0009937249628516269,-0.0003519695795451332,8.802861169289334e-05,8.05324639346808e-18
screw,2,0,3,113,-0.0007504278593123164,0.07964601769911504,-0.0016174636102126467,-0.0007344204544399999,0.00012578266905617985,2.7827504431713293e-19
screw,2,0,4,113,-0.0011873670119983172,0.12389380530973451,-0.0029753340136570196,-0.0011092176040013997,0.0002731600427068657,2.532950278941183e-18
screw,2,0,5,113,-0.002079268253891202,0.09734513274336283,-0.00534436609596018,-0.001977142412215468,0.0005633393613000594,5.533265626595874e-18
screw,2,0,6,113,-0.0024962745885746583,0.13274336283185842,-0.007169750146567819,-0.0022484534420072998,0.0010815130779519802,1.0087442226110428e-16
screw,2,0,7,113,-0.0032358040945923137,0.18584070796460178,-0.011441809458968494,-0.0025610948602357714,0.0019542494167884314,1.3195293514926838e-13
screw,2,0,8,113,-0.002461624090871588,0.25663716814159293,-0.010092696888993185,-0.001643992650012166,0.0024332767042020585,1.3088394106528619e-09
screw,2,0,9,113,-0.00207703243607963,0.39823008849557523,-0.01289778067730366,-0.001056254841387265,0.005165170319378384,0.0005711112839562107
screw,2,0,10,113,-0.0022712161432770404,0.415929203539823,-0.01632173393542568,-0.0008782716467976674,0.006305617714921652,0.004882131961848459
screw,2,0,11,113,0.000747576631690794,0.5221238938053098,-0.02341343488854666,0.0006650689368446327,0.02101644997795427,0.5017071951031954
screw,2,1,0,113,3.394257093699708e-05,0.26548672566371684,-0.00030650421807267215,-3.276342946871106e-05,0.0003385113222368612,5.729721241957287e-05
screw,2,1,1,113,-0.00016649725441423863,0.21238938053097345,-0.0006015115335078584,-0.00014088436728350003,0.00022677628924915993,2.495095823791993e-11
screw,2,1,2,113,-0.0003623004050767097,0.10619469026548672,-0.0008495754911564601,-0.0003225864105236667,3.344350067592667e-05,1.9675002140170373e-17
screw,2,1,3,113,-0.0006560188771625909,0.13274336283185842,-0.00157680064439774,-0.0005987415012593,0.0001089570578187797,8.465314131244131e-18
screw,2,1,4,113,-0.0009771252023866575,0.22123893805309736,-0.003203614180286713,-0.0008902138409515336,0.00039480980485680624,3.51367644606774e-15
screw,2,1,5,113,-0.0016373035214308392,0.168141592920354,-0.005477672846366959,-0.0012514876822630667,0.0009736562768617977,6.03478434976937e-14
screw,2,1,6,113,-0.0019856986512806363,0.18584070796460178,-0.00720611074939368,-0.001390475314110566,0.0010813145277400662,3.0434250714980254e-13
screw,2,1,7,113,-0.002426388010706833,0.25663716814159293,-0.010817519854754173,-0.0015868317956726358,0.0024889240041375375,1.899846956318181e-09
screw,2,1,8,113,-0.0016774807788450883,0.3185840707964602,-0.009791678426942514,-0.000821314752101867,0.0030740781687200046,2.490944474079927e-05
screw,2,1,9,113,-0.0008880501196810377,0.504424778761062,-0.012303498915086185,2.631514022739985e-05,0.005174098908901186,0.39246475503113976
screw,2,1,10,113,-0.0008084976542219103,0.5221238938053098,-0.0159317092116301,0.00042648396144306586,0.006681099782387426,0.8894936462753749
screw,2,1,11,113,0.003489595999292876,0.6371681415929203,-0.02017954699695109,0.003316276706755132,0.02033728801955784,0.0008944290330057957
screw,4,0,0,113,-0.00017076507059791987,0.21238938053097345,-0.0009187770784289332,-0.0001595029510402312,0.0002847993668789633,4.762423194489428e-10
screw,4,0,1,113,-0.0007988879136287154,0.07079646017699115,-0.002160474623087773,-0.0006314351339824334,2.08302478616131e-05,4.880627861245647e-18
screw,4,0,2,113,-0.0013167702853556036,0.017699115044247787,-0.0026858599429639596,-0.0011380089369292005,-0.0003247241916445404,3.5646073981150623e-20
screw,4,0,3,113,-0.0019843875663870148,0.017699115044247787,-0.0037751214423527336,-0.0019030952050040333,-0.0006521461997181335,3.2038072941936045e-20
screw,4,0,4,113,-0.0024687073136484775,0.017699115044247787,-0.004808069750045747,-0.0022484960500150667,-0.00041831377893689417,3.5646073981150623e-20
screw,4,0,5,113,-0.0035723023615217026,0.07964601769911504,-0.008630009305973872,-0.0029488690197467995,0.0005287980039914261,6.211806266335861e-19
screw,4,0,6,113,-0.0038720744615283313,0.1415929203539823,-0.01174809418929118,-0.002858909778296932,0.0013636141394575269,1.5684916835649838e-15
screw,4,0,7,113,-0.004346991771046388,0.2920353982300885,-0.01716778064146642,-0.0031437712411085707,0.004596779495477709,6.750657149588102e-09
screw,4,0,8,113,-0.003283611949324438,0.336283185840708,-0.016119893391927063,-0.0016489010304212345,0.005904703401029138,2.0309925023194535e-05
screw,4,0,9,113,-0.002779884506319165,0.39823008849557523,-0.020512544456869328,-0.0011670083428422344,0.011699869421621168,0.01962633301752547
screw,4,0,10,113,-0.002976232921913446,0.4247787610619469,-0.02683346165964998,-0.0014574195568760658,0.016367572235564377,0.06442069924154795
screw,4,0,11,113,0.001656258899092146,0.5398230088495575,-0.04215586073696614,0.0018965937197208335,0.04594196751713752,0.4434705212899288
screw,4,1,0,113,-0.00015199397474503055,0.168141592920354,-0.0007923811387929943,-0.00018266008798189997,0.0004512745804580444,8.985023186839851e-10
screw,4,1,1,113,-0.0007549162733581173,0.07079646017699115,-0.0019187504056996198,-0.0006930445573137667,7.82026986902067e-05,3.430766655035332e-18
screw,4,1,2,113,-0.0012366465469039352,0.017699115044247787,-0.0023619893511446673,-0.0011228921745593,-0.0002857698593288935,3.759786750444779e-20
screw,4,1,3,113,-0.0018945839499009414,0.017699115044247787,-0.00341635629689944,-0.0018484628138442996,-0.0002813895388195472,3.119401262155685e-20
screw,4,1,4,113,-0.0021539233170949704,0.05309734513274336,-0.004601818136870854,-0.0020380453982701335,1.3831164687886707e-05,1.0563301002936773e-19
screw,4,1,5,113,-0.002848202738688389,0.11504424778761062,-0.0075676964906354685,-0.0024382080882787323,0.0006020516157150072,2.916556512402525e-17
screw,4,1,6,113,-0.0027889690978677873,0.22123893805309736,-0.009815958204368742,-0.0022018067538738355,0.0022803189232945566,6.234121960925802e-12
screw,4,1,7,113,-0.002583912101225345,0.34513274336283184,-0.013225550639132682,-0.002028374622265499,0.006117745613058396,3.587792647004928e-05
screw,4,1,8,113,-0.0017153177311462582,0.3893805309734513,-0.012192725871379193,-0.0012456836799780348,0.006298585608601578,0.006754526592600085
screw,4,1,9,113,-0.0005966061341595512,0.504424778761062,-0.015220390384395906,0.0003462834283709682,0.011547556581596532,0.6726129920485122
screw,4,1,10,113,-0.00015475249376729943,0.5221238938053098,-0.0206947006906072,0.00023591270049406338,0.016815973445773107,0.9942855109863487
screw,4,1,11,113,0.007939625628962894,0.6283185840707964,-0.02601526028787091,0.006756432354450274,0.043551156421502424,0.0010966124150799846
screw,8,0,0,113,-0.0013108772241152717,0.035398230088495575,-0.0027954775490798,-0.001234389698462638,-0.0001837622432504279,1.8209986132986747e-18
screw,8,0,1,113,-0.003449852084220729,0.008849557522123894,-0.005979216552805147,-0.0033294331709233333,-0.0011472948865654208,2.879152480683897e-20
screw,8,0,2,113,-0.005555590708984906,0.008849557522123894,-0.010140302839378532,-0.005250856901208568,-0.001975203041608175,2.879152480683897e-20
screw,8,0,3,113,-0.0074539074280531355,0.0,-0.013419095287099492,-0.0071868229812632,-0.003156346206863735,2.803208638992355e-20
screw,8,0,4,113,-0.0082152194870982,0.0,-0.01690423913920918,-0.007118853197122634,-0.002741720341145995,2.803208638992355e-20
screw,8,0,5,113,-0.010522188274340927,0.02654867256637168,-0.02357452722887197,-0.009204046490291766,-0.0010113773246606546,3.861301200985675e-20
screw,8,0,6,113,-0.010571535091550475,0.061946902654867256,-0.026263382037480673,-0.008421286940574672,0.0005560805400212471,1.785625360845183e-19
screw,8,0,7,113,-0.011454278244678161,0.18584070796460178,-0.03489087869723638,-0.008626535534858704,0.003931676782667634,5.421405298419422e-15
screw,8,0,8,113,-0.010028019072185753,0.22123893805309736,-0.03127091191709046,-0.0077205672860145985,0.005006822633246581,1.1342558086641445e-13
screw,8,0,9,113,-0.010984499236860025,0.26548672566371684,-0.03851872657736141,-0.008326688160498932,0.009419360694785942,6.490349234861312e-10
screw,8,0,10,113,-0.015344572728801966,0.24778761061946902,-0.05237191083530585,-0.012039141108592291,0.012308201566338509,1.5386295380230126e-10
screw,8,0,11,113,-0.01636989166888692,0.36283185840707965,-0.07790001792212327,-0.013145692646503435,0.028211763004461928,2.9731818532463733e-05
screw,8,1,0,113,-0.0012825688363510813,0.035398230088495575,-0.00250543474491376,-0.0012679226735296334,-0.0002478122361935533,2.0159072635142844e-18
screw,8,1,1,113,-0.003585231630157355,0.008849557522123894,-0.005968581663910266,-0.0035441931880389327,-0.0015168106125201734,2.879152480683897e-20
screw,8,1,2,113,-0.005559385145649006,0.008849557522123894,-0.0093121835341056,-0.005141358434533066,-0.0022257709798092266,2.879152480683897e-20
screw,8,1,3,113,-0.007544495164231975,0.008849557522123894,-0.013067709406216956,-0.0074233327371379014,-0.0032060047766814745,2.879152480683897e-20
screw,8,1,4,113,-0.00792506074836439,0.008849557522123894,-0.014482306689023977,-0.007827014351884534,-0.002608918802191801,5.907201369861726e-20
screw,8,1,5,113,-0.009590237855754654,0.02654867256637168,-0.02088244706392288,-0.009839044883847233,-0.0009859426567951958,1.5664798560930149e-19
screw,8,1,6,113,-0.008841084967474494,0.12389380530973451,-0.021179109563430137,-0.007438552876313537,0.0015962906181812297,5.262471417179038e-18
screw,8,1,7,113,-0.008509957090783917,0.168141592920354,-0.026340516718725372,-0.006961358090241697,0.005431408186753613,6.375929735076283e-13
screw,8,1,8,113,-0.00759634273099249,0.18584070796460178,-0.02329391973714035,-0.006238492826620735,0.006314124166965442,6.8923235265653015e-12
screw,8,1,9,113,-0.0074374986892142975,0.336283185840708,-0.02833360210061074,-0.0064950001736481695,0.009281609455744425,1.6971782358581736e-07
screw,8,1,10,113,-0.01065932868795805,0.2920353982300885,-0.03962987288832667,-0.008676677321394297,0.012634526814023645,7.500667697606678e-08
screw,8,1,11,113,-0.007463634593802392,0.45132743362831856,-0.06492656568686166,-0.0069607955714066985,0.0363818700114886,0.035861127683916395
screw,16,0,0,113,-0.0062259230097581695,0.0,-0.01003488046893228,-0.006083782471250734,-0.0028935488604475076,2.803208638992355e-20
screw,16,0,1,113,-0.013898780419279009,0.0,-0.025424561525384578,-0.01295839294713613,-0.00611754050090289,2.803208638992355e-20
screw,16,0,2,113,-0.022602513201045733,0.0,-0.04112722463905811,-0.0199128563205401,-0.009958226156110587,2.803208638992355e-20
screw,16,0,3,113,-0.02556478962230779,0.0,-0.04592494995643693,-0.023093534633517265,-0.011777735439439644,2.803208638992355e-20
screw,16,0,4,113,-0.028215486795303567,0.008849557522123894,-0.057488832374413816,-0.024934734838704266,-0.010771440093715993,2.879152480683897e-20
screw,16,0,5,113,-0.036013449642499556,0.008849557522123894,-0.07922615806261696,-0.03214671711126971,-0.009839843337734584,2.879152480683897e-20
screw,16,0,6,113,-0.03594549493122418,0.008849557522123894,-0.08531219611565277,-0.03208306928475704,-0.0076921820640563745,2.879152480683897e-20
screw,16,0,7,113,-0.041474304758122194,0.02654867256637168,-0.10319974720478062,-0.036853496606151295,-0.005188185473283139,4.182384261182893e-20
screw,16,0,8,113,-0.039131271570459404,0.02654867256637168,-0.09735774050156279,-0.03565840919812523,-0.004860236123204282,4.182384261182893e-20
screw,16,0,9,113,-0.04233221091319063,0.061946902654867256,-0.10339141289393103,-0.03714201847712201,0.000750171144803332,1.1134280398752408e-19
screw,16,0,10,113,-0.05559025189473918,0.061946902654867256,-0.13616533130407335,-0.05238396674394607,0.0007249563932418916,2.507428024042706e-19
screw,16,0,11,113,-0.06605287033592003,0.12389380530973451,-0.1810007254282634,-0.0588864386081696,0.01012515326340987,1.4992024644250005e-17
screw,16,1,0,113,-0.005743386809294151,0.0,-0.00930982197169218,-0.005401525064371533,-0.002548758025902047,2.803208638992355e-20
screw,16,1,1,113,-0.014335509863370278,0.0,-0.026818463951349254,-0.0130898151546717,-0.006296820527253095,2.803208638992355e-20
screw,16,1,2,113,-0.022576493565315953,0.0,-0.041550052103896964,-0.020895440752307596,-0.009750577372809256,2.803208638992355e-20
screw,16,1,3,113,-0.025886672272849666,0.0,-0.04532947453359765,-0.024452636018395466,-0.011518753940860436,2.803208638992355e-20
screw,16,1,4,113,-0.028831230535564786,0.008849557522123894,-0.05694202569623791,-0.025910656278332035,-0.011302787065505967,2.879152480683897e-20
screw,16,1,5,113,-0.03641252366243519,0.008849557522123894,-0.08131376008192702,-0.032398305833339636,-0.010763314490516944,2.879152480683897e-20
screw,16,1,6,113,-0.034801994829512815,0.008849557522123894,-0.07636310979723936,-0.029230652997891134,-0.008536083375414201,3.119401262155685e-20
screw,16,1,7,113,-0.03826550593473304,0.017699115044247787,-0.09283242772022883,-0.03278240064779914,-0.005886088808377613,5.752646732824789e-20
screw,16,1,8,113,-0.035921853200524254,0.02654867256637168,-0.08540592292944589,-0.028143619497617026,-0.0057361779113610485,6.567541306532163e-20
screw,16,1,9,113,-0.03736767436276055,0.05309734513274336,-0.1003978093465169,-0.03141887237628302,-0.0007289494077365277,1.8815332292961675e-19
screw,16,1,10,113,-0.048569506418872026,0.061946902654867256,-0.13014533420403798,-0.04168675094842912,0.0027134726444880304,4.675818660039998e-19
screw,16,1,11,113,-0.055473136394161036,0.13274336283185842,-0.1577957505981128,-0.04763275881608324,0.021061632037162742,1.5552518626156703e-16
