object,radius,layer_index,layer_name,ring,drift_bad_mean,drift_good_mean,drift_diff
bottle,0,0,,1-2,0.00025726782872081716,0.00012477140300005217,0.000132496425720765
bottle,0,0,,17+,0.00020200157461330455,6.138231759422997e-05,0.00014061925701907456
bottle,0,0,,3-4,0.00022108275743446177,9.544255035932464e-05,0.00012564020707513714
bottle,0,0,,5-8,0.00018761520024382345,7.678359742607623e-05,0.00011083160281774721
bottle,0,0,,9-16,0.0002100973518295561,7.276157801392046e-05,0.00013733577381563563
bottle,0,1,,1-2,0.0010006057149439063,0.00046530013499548433,0.000535305579948422
bottle,0,1,,17+,0.00011436926595934495,2.742798600044369e-05,8.694127995890126e-05
bottle,0,1,,3-4,0.00016312645218473972,6.631660636646681e-05,9.680984581827291e-05
bottle,0,1,,5-8,0.00012591102350823874,4.53894917238005e-05,8.052153178443825e-05
bottle,0,1,,9-16,0.00012035575029612762,3.747599796023418e-05,8.287975233589343e-05
bottle,0,2,early,1-2,0.00220876650346322,0.0007157100878733025,0.0014930564155899175
bottle,0,2,early,17+,0.00012779267315926173,2.4086768975092383e-05,0.00010370590418416935
bottle,0,2,early,3-4,0.00018841489313669202,5.253809122980604e-05,0.00013587680190688597
bottle,0,2,early,5-8,0.0001370456451240635,3.323265700979844e-05,0.00010381298811426505
bottle,0,2,early,9-16,0.00013082612952642188,2.8886411666796457e-05,0.00010193971785962542
bottle,0,3,,1-2,0.006050122890155709,0.001554887930008842,0.004495234960146867
bottle,0,3,,17+,0.00021174328095409307,2.503055104453635e-05,0.00018671272990955672
bottle,0,3,,3-4,0.0006283906550378999,8.294257496950436e-05,0.0005454480800683956
bottle,0,3,,5-8,0.00040623418944956265,4.665147624980707e-05,0.00035958271319975555
bottle,0,3,,9-16,0.00032676362163779705,3.6353382219897865e-05,0.0002904102394178992
bottle,0,4,,1-2,0.011434672866016581,0.0028292936777385056,0.008605379188278075
bottle,0,4,,17+,0.00022126344413490317,2.583163349486842e-05,0.00019543181064003476
bottle,0,4,,3-4,0.0009187277339151,0.00015188255518595558,0.0007668451787291444
bottle,0,4,,5-8,0.0005483980771713926,7.888361249871894e-05,0.0004695144646726737
bottle,0,4,,9-16,0.00044708979467027426,6.054224529112801e-05,0.00038654754937914623
bottle,0,5,mid,1-2,0.02152020301437001,0.004046411042509083,0.017473791971860927
bottle,0,5,mid,17+,0.0002507534722894473,2.5138129577227128e-05,0.00022561534271222015
bottle,0,5,mid,3-4,0.0022059384129533514,0.0003173739313448196,0.0018885644816085318
bottle,0,5,mid,5-8,0.0009532904499791949,0.0001207838788180246,0.0008325065711611703
bottle,0,5,mid,9-16,0.0006492201149284949,7.792913819195875e-05,0.0005712909767365362
bottle,0,6,,1-2,0.03116937290178607,0.005997118389738367,0.025172254512047704
bottle,0,6,,17+,0.00035165800846921944,3.4280864785783e-05,0.00031737714368343644
bottle,0,6,,3-4,0.0034829666314180425,0.0005505158592616491,0.002932450772156393
bottle,0,6,,5-8,0.0018074087929562123,0.0002698715239147973,0.001537537269041415
bottle,0,6,,9-16,0.0013226973544987637,0.00019655673313817012,0.0011261406213605937
bottle,0,7,,1-2,0.04851125786080952,0.008631434503088967,0.039879823357720556
bottle,0,7,,17+,0.0011379409919754313,7.398187420713505e-05,0.0010639591177682962
bottle,0,7,,3-4,0.007097125891596029,0.0009465463876646142,0.006150579503931415
bottle,0,7,,5-8,0.003957552424253614,0.0005083040612892377,0.003449248362964376
bottle,0,7,,9-16,0.0030880369064106624,0.00039069627792964425,0.002697340628481018
bottle,0,8,midlate,1-2,0.04390655297320331,0.007574172273355798,0.03633238069984751
bottle,0,8,midlate,17+,0.0011569927471100012,6.696378422455566e-05,0.0010900289628854455
bottle,0,8,midlate,3-4,0.00760427347122454,0.0009706972653171895,0.006633576205907351
bottle,0,8,midlate,5-8,0.004461547677783475,0.0005918494067978941,0.0038696982709855807
bottle,0,8,midlate,9-16,0.0035985194022941426,0.0004965133743325591,0.0031020060279615836
bottle,0,9,,1-2,0.05058873060625042,0.008554124876779142,0.04203460572947128
bottle,0,9,,17+,0.0017629066343942575,0.00010238812265770975,0.0016605185117365478
bottle,0,9,,3-4,0.009894231188809445,0.0012120721906587974,0.008682158998150648
bottle,0,9,,5-8,0.006096862300182642,0.0007580965629737062,0.005338765737208936
bottle,0,9,,9-16,0.005017771860730087,0.0006402409385031635,0.0043775309222269234
bottle,0,10,,1-2,0.06611150575336064,0.01145119320717635,0.05466031254618429
bottle,0,10,,17+,0.00286685455903348,0.0001812964799341541,0.002685558079099326
bottle,0,10,,3-4,0.014278947585262316,0.0018192177370413253,0.012459729848220991
bottle,0,10,,5-8,0.009251338415197045,0.0011900554677897887,0.008061282947407256
bottle,0,10,,9-16,0.00796338176223794,0.001091124878727543,0.006872256883510397
bottle,0,11,final,1-2,0.0531107953516766,0.007712057934744078,0.045398737416932525
bottle,0,11,final,17+,0.014637767974636468,0.0008026793874705143,0.013835088587165954
bottle,0,11,final,3-4,0.02132424080045889,0.002393621873731364,0.018930618926727528
bottle,0,11,final,5-8,0.018365781055763315,0.0021259637292435213,0.016239817326519794
bottle,0,11,final,9-16,0.01712105380720454,0.0020903647260334876,0.015030689081171052
bottle,2,0,,17+,0.00024866418844451797,0.00016808708390478775,8.057710453973022e-05
bottle,2,0,,3-4,0.00028792039272499466,0.0002365916920818023,5.132870064319237e-05
bottle,2,0,,5-8,0.00024018030715066866,0.00018225365239836434,5.792665475230432e-05
bottle,2,0,,9-16,0.00025506455459660784,0.00018047499959453935,7.458955500206849e-05
bottle,2,1,,17+,0.00013168998518578687,6.99630953107457e-05,6.172688987504117e-05
bottle,2,1,,3-4,0.0005606295138931687,0.0004494726331661501,0.00011115688072701855
bottle,2,1,,5-8,0.0001745218434507125,0.00010838809287177287,6.613375057893963e-05
bottle,2,1,,9-16,0.00015105039795455121,8.779805041568695e-05,6.325234753886426e-05
bottle,2,2,early,17+,0.0001453117175586059,6.63414249601051e-05,7.897029259850079e-05
bottle,2,2,early,3-4,0.0008729468761884549,0.0006648577212520463,0.0002080891549364086
bottle,2,2,early,5-8,0.00019606403138819722,9.866726467557781e-05,9.73967667126194e-05
bottle,2,2,early,9-16,0.00016035017262081415,7.146124840554063e-05,8.888892421527352e-05
bottle,2,3,,17+,0.00022979045315874776,6.321701130738808e-05,0.0001665734418513597
bottle,2,3,,3-4,0.0021939911370281564,0.0014113543050673614,0.0007826368319607949
bottle,2,3,,5-8,0.0005296686385008339,0.00014587798597551782,0.00038379065252531607
bottle,2,3,,9-16,0.00038277570940858376,8.677685495777283e-05,0.00029599885445081095
bottle,2,4,,17+,0.00025565678533322016,6.694937189686923e-05,0.00018870741343635094
bottle,2,4,,3-4,0.0038959142315433777,0.0026960313368665813,0.0011998828946767964
bottle,2,4,,5-8,0.000775784524921565,0.0002642194718645852,0.0005115650530569799
bottle,2,4,,9-16,0.00055333207715189,0.0001464661520609554,0.00040686592509093464
bottle,2,5,mid,17+,0.0003117431217787769,6.674854676683183e-05,0.0002449945750119451
bottle,2,5,mid,3-4,0.006822768290294286,0.003910335947390749,0.0029124323429035367
bottle,2,5,mid,5-8,0.0014467389777564174,0.00047480327690810836,0.000971935700848309
bottle,2,5,mid,9-16,0.0008147645095049977,0.00019329857438298527,0.0006214659351220125
bottle,2,6,,17+,0.0004515911915177155,9.650266123342831e-05,0.0003550885302842872
bottle,2,6,,3-4,0.010583436238812232,0.00611200800049114,0.004471428238321092
bottle,2,6,,5-8,0.002738983266317465,0.0009364709467869122,0.0018025123195305527
bottle,2,6,,9-16,0.0017236325660632626,0.0004762766554449152,0.0012473559106183473
bottle,2,7,,17+,0.0013900513263251488,0.0001987828821711041,0.0011912684441540446
bottle,2,7,,3-4,0.01750472870189692,0.009248370471565627,0.008256358230331292
bottle,2,7,,5-8,0.005515682391705866,0.0016608986693123471,0.0038547837223935188
bottle,2,7,,9-16,0.0038478077669423802,0.0009266513491335096,0.0029211564178088707
bottle,2,8,midlate,17+,0.0013665596340615076,0.0001906014709523249,0.0011759581631091826
bottle,2,8,midlate,3-4,0.016529229580191845,0.00837804215649759,0.008151187423694256
bottle,2,8,midlate,5-8,0.005947219920926677,0.0017775782815684666,0.0041696416393582104
bottle,2,8,midlate,9-16,0.004432923457716195,0.0011310811361908647,0.00330184232152533
bottle,2,9,,17+,0.002064552921729001,0.0002862129079706245,0.0017783400137583766
bottle,2,9,,3-4,0.01992366767954077,0.00957787546018754,0.01034579221935323
bottle,2,9,,5-8,0.007997621675895008,0.0021906250876781485,0.00580699658821686
bottle,2,9,,9-16,0.006144177453461406,0.0014623135840034713,0.004681863869457935
bottle,2,10,,17+,0.0032954060407063895,0.0005154337731558169,0.0027799722675505728
bottle,2,10,,3-4,0.028018407383933613,0.013303661986719765,0.014714745397213848
bottle,2,10,,5-8,0.012128160137217441,0.003287537545353747,0.008840622591863695
bottle,2,10,,9-16,0.009871398343966529,0.002467891267709347,0.007403507076257181
bottle,2,11,final,17+,0.017259850676055025,0.0020353789543150406,0.015224471721739984
bottle,2,11,final,3-4,0.03234753487631674,0.010752282919323333,0.021595251956993404
bottle,2,11,final,5-8,0.023371785186463923,0.005128523057404236,0.018243262129059686
bottle,2,11,final,9-16,0.021352944831596637,0.004664570295911542,0.016688374535685096
bottle,4,0,,17+,0.0003084347975345524,0.00022002864043692673,8.840615709762567e-05
bottle,4,0,,5-8,0.0003062103121009911,0.0002448654537222869,6.134485837870423e-05
bottle,4,0,,9-16,0.0003192868723999496,0.0002387049739922744,8.058189840767519e-05
bottle,4,1,,17+,0.00015483837985355277,9.241944913231537e-05,6.24189307212374e-05
bottle,4,1,,5-8,0.00038914181486684123,0.0003027077028187777,8.643411204806351e-05
bottle,4,1,,9-16,0.00018134022172941334,0.00011840673502090665,6.293348670850668e-05
bottle,4,2,early,17+,0.00016621482885736925,8.775203560559044e-05,7.84627932517788e-05
bottle,4,2,early,5-8,0.0005683984143615287,0.000416274838911047,0.0001521235754504817
bottle,4,2,early,9-16,0.00019091375534114,0.00010250999333340142,8.840376200773858e-05
bottle,4,3,,17+,0.0002591943703236694,8.486808966569754e-05,0.00017432628065797184
bottle,4,3,,5-8,0.0013975369482067874,0.0008695004603698906,0.0005280364878368968
bottle,4,3,,9-16,0.00043237024037803015,0.00013044288182297202,0.00030192735855505816
bottle,4,4,,17+,0.00029083838467154827,9.588010942326583e-05,0.00019495827524828246
bottle,4,4,,5-8,0.0024466214206767764,0.001734742375992886,0.0007118790446838904
bottle,4,4,,9-16,0.0006444700069550425,0.00022810891129358105,0.00041636109566146147
bottle,4,5,mid,17+,0.0003588416321690125,0.0001008670645811836,0.0002579745675878289
bottle,4,5,mid,5-8,0.003958192962454585,0.0025794662457579876,0.0013787267166965973
bottle,4,5,mid,9-16,0.0009642051596528724,0.0003258050419541304,0.0006384001176987419
bottle,4,6,,17+,0.0005309422365825926,0.00015371730956603217,0.0003772249270165604
bottle,4,6,,5-8,0.0066803863039239745,0.004239795300721454,0.0024405910032025205
bottle,4,6,,9-16,0.002087532956647871,0.0007772626924027237,0.0013102702642451476
bottle,4,7,,17+,0.0015388489351607349,0.00032733596911682633,0.0012115129660439086
bottle,4,7,,5-8,0.011410747427726114,0.006650827268216091,0.004759920159510023
bottle,4,7,,9-16,0.004501281646662345,0.001507078082552905,0.0029942035641094406
bottle,4,8,midlate,17+,0.0015140993247768587,0.00032173243304588656,0.001192366891730972
bottle,4,8,midlate,5-8,0.011288571794284458,0.006363365987393333,0.004925205806891125
bottle,4,8,midlate,9-16,0.005126367367483855,0.0017831722720680874,0.0033431950954157675
bottle,4,9,,17+,0.0022774637058318513,0.00048010151082654543,0.0017973621950053058
bottle,4,9,,5-8,0.013987448846455613,0.007359096371995545,0.006628352474460068
bottle,4,9,,9-16,0.007079846167471211,0.002300969685650922,0.00477887648182029
bottle,4,10,,17+,0.0036371153488289087,0.000849556185979307,0.0027875591628496016
bottle,4,10,,5-8,0.020350960385985623,0.010352162783965417,0.009998797602020206
bottle,4,10,,9-16,0.011347229653620108,0.0038303237980774414,0.007516905855542667
bottle,4,11,final,17+,0.019160078605636906,0.0033422296313801274,0.01581784897425678
bottle,4,11,final,5-8,0.03079287662403653,0.01121717594408736,0.01957570067994917
bottle,4,11,final,9-16,0.024568135791923802,0.007200212083019575,0.017367923708904227
bottle,8,0,,17+,0.0004100089242910626,0.0003559506007073936,5.405832358366898e-05
bottle,8,0,,9-16,0.00043870433428306157,0.00039901076488600435,3.9693569397057215e-05
bottle,8,1,,17+,0.00020781839589286856,0.00015292237206947267,5.489602382339589e-05
bottle,8,1,,9-16,0.00039708978420089253,0.00032786433742629,6.922544677460252e-05
bottle,8,2,early,17+,0.00021975178299268525,0.00014233940968322257,7.741237330946267e-05
bottle,8,2,early,9-16,0.0004897119164524574,0.00038661646255296506,0.00010309545389949236
bottle,8,3,,17+,0.0003413212273244003,0.00013753387124019274,0.00020378735608420756
bottle,8,3,,9-16,0.0010400317376478962,0.0006765440917660678,0.0003634876458818284
bottle,8,4,,17+,0.00036569528501781775,0.00015252681486493055,0.0002131684701528872
bottle,8,4,,9-16,0.0017615014759939575,0.0012359086450790333,0.0005255928309149242
bottle,8,5,mid,17+,0.0004345836422543917,0.00015921109734332004,0.00027537254491107163
bottle,8,5,mid,9-16,0.002717113107792051,0.0018400737625294016,0.0008770393452626494
bottle,8,6,,17+,0.000649235072887625,0.0002464999434171459,0.00040273512947047914
bottle,8,6,,9-16,0.004978910399950057,0.003240986371626252,0.0017379240283238052
bottle,8,7,,17+,0.0018671218480448687,0.0005508557109350888,0.0013162661371097799
bottle,8,7,,9-16,0.009094420055043826,0.005361531788366795,0.0037328882666770313
bottle,8,8,midlate,17+,0.001809346964000675,0.000536465605728103,0.001272881358272572
bottle,8,8,midlate,9-16,0.009252449512132397,0.005334374190230493,0.003918075321901904
bottle,8,9,,17+,0.00269964637773223,0.0008150753728234814,0.0018845710049087486
bottle,8,9,,9-16,0.011876678228145417,0.006490146104867212,0.005386532123278206
bottle,8,10,,17+,0.004206559833255547,0.0014236710948655684,0.0027828887383899792
bottle,8,10,,9-16,0.018069869501050512,0.00980651505912339,0.008263354441927122
bottle,8,11,final,17+,0.02155604738509278,0.005345521991451535,0.016210525393641245
bottle,8,11,final,9-16,0.03184475152520458,0.013486669414366236,0.018358082110838343
bottle,16,0,,17+,0.0006058501850929515,0.0005728370574008982,3.301312769205325e-05
bottle,16,1,,17+,0.00038183349006426335,0.0003291253130403555,5.2708177023907845e-05
bottle,16,2,early,17+,0.0004328733433794225,0.0003545192984953367,7.83540448840858e-05
bottle,16,3,,17+,0.0006871179561130225,0.00043575390718610503,0.0002513640489269175
bottle,16,4,,17+,0.0008471213161100838,0.0005640990272391804,0.0002830222888709034
bottle,16,5,mid,17+,0.0011752998274459513,0.0007449425905784775,0.0004303572368674738
bottle,16,6,,17+,0.0016361110137949613,0.001057582962494004,0.0005785280513009572
bottle,16,7,,17+,0.003598217834951301,0.0018843374644347446,0.0017138803705165565
bottle,16,8,midlate,17+,0.0032853374956175185,0.0016764905797268584,0.0016088469158906601
bottle,16,9,,17+,0.0046021386559004385,0.002229223035828858,0.0023729156200715806
bottle,16,10,,17+,0.006943745759781399,0.003585817960022977,0.0033579277997584215
bottle,16,11,final,17+,0.028124271158594588,0.008709513283489847,0.019414757875104743
cable,0,0,,1-2,0.00024404225365397224,0.00011998082970604638,0.00012406142394792585
cable,0,0,,17+,9.339593994966514e-05,5.9402328705636974e-05,3.399361124402816e-05
cable,0,0,,3-4,0.00024143710629685475,0.00010494192412858604,0.0001364951821682687
cable,0,0,,5-8,0.00021443997043808438,9.575109626962962e-05,0.00011868887416845476
cable,0,0,,9-16,0.0001549569141567464,7.491729490026296e-05,8.003961925648345e-05
cable,0,1,,1-2,0.0015725288991530757,0.000966077076202229,0.0006064518229508467
cable,0,1,,17+,8.770602803497192e-05,4.0583740042779757e-05,4.712228799219216e-05
cable,0,1,,3-4,0.00020970421773735615,8.820390564390982e-05,0.00012150031209344633
cable,0,1,,5-8,0.00016756751112286328,6.577307572284672e-05,0.00010179443540001656
cable,0,1,,9-16,0.00012151363714749832,4.9718060725327084e-05,7.179557642217124e-05
cable,0,2,early,1-2,0.0029904779441160003,0.0018996495161946278,0.0010908284279213724
cable,0,2,early,17+,0.00013441502596368027,4.5762051338344674e-05,8.865297462533559e-05
cable,0,2,early,3-4,0.00029494159834750474,0.00011480571922008035,0.0001801358791274244
cable,0,2,early,5-8,0.00021905599349299082,7.665724070549534e-05,0.0001423987527874955
cable,0,2,early,9-16,0.0001614019584705261,5.650891001298072e-05,0.00010489304845754538
cable,0,3,,1-2,0.006526754480045313,0.0043385986830297455,0.002188155797015567
cable,0,3,,17+,0.00012057479517462232,3.7587744105034043e-05,8.298705106958828e-05
cable,0,3,,3-4,0.0004890069473303877,0.00018649590080653612,0.0003025110465238516
cable,0,3,,5-8,0.00030116870760470285,0.00010369624186792489,0.00019747246573677794
cable,0,3,,9-16,0.00017706693124959792,5.7186773829952594e-05,0.00011988015741964532
cable,0,4,,1-2,0.011299157016245334,0.007445739423792737,0.003853417592452597
cable,0,4,,17+,0.00013522207631911065,4.824435957891806e-05,8.697771674019258e-05
cable,0,4,,3-4,0.000664625329182821,0.00029402039304143586,0.0003706049361413852
cable,0,4,,5-8,0.0003691031493055196,0.0001489351156832147,0.00022016803362230486
cable,0,4,,9-16,0.00020172958322139947,7.620561180119344e-05,0.00012552397142020605
cable,0,5,mid,1-2,0.016830844058636142,0.010600526398998084,0.0062303176596380586
cable,0,5,mid,17+,0.00015861966267965012,5.3169095591310636e-05,0.00010545056708833949
cable,0,5,mid,3-4,0.0011100240829233898,0.0005288584475639813,0.0005811656353594084
cable,0,5,mid,5-8,0.0004898813836099606,0.00020522191522831068,0.0002846594683816499
cable,0,5,mid,9-16,0.0002445581529228378,9.131055867017366e-05,0.00015324759425266413
cable,0,6,,1-2,0.024952537408668738,0.01609494472809486,0.00885759268057388
cable,0,6,,17+,0.00019709584416791154,7.832481880577156e-05,0.00011877102536213998
cable,0,6,,3-4,0.0017605878463803225,0.0009753960366898846,0.0007851918096904378
cable,0,6,,5-8,0.0007782489638531574,0.00039167991935194015,0.00038656904450121724
cable,0,6,,9-16,0.0003854778663350435,0.00017804431831633434,0.00020743354801870914
cable,0,7,,1-2,0.03808450132456356,0.0244157717810297,0.013668729543533865
cable,0,7,,17+,0.00042598214750624587,0.0001757064608088108,0.0002502756866974351
cable,0,7,,3-4,0.0032025615908014954,0.0018319046832810692,0.0013706569075204263
cable,0,7,,5-8,0.001422962867856752,0.0007175559439804982,0.0007054069238762538
cable,0,7,,9-16,0.0007721392636938813,0.00035245819074949643,0.0004196810729443849
cable,0,8,midlate,1-2,0.0352080918620435,0.02178710343658311,0.013420988425460394
cable,0,8,midlate,17+,0.00041373779236070956,0.00016514049422677217,0.0002485972981339374
cable,0,8,midlate,3-4,0.003541882502684807,0.0020137359026849047,0.0015281465999999024
cable,0,8,midlate,5-8,0.0016576172109830582,0.0008643915791166568,0.0007932256318664014
cable,0,8,midlate,9-16,0.0009289204888550147,0.0004436388701331814,0.0004852816187218333
cable,0,9,,1-2,0.04572609583942253,0.02878968119874693,0.016936414640675603
cable,0,9,,17+,0.0006326515436479662,0.00023299755539602388,0.00039965398825194233
cable,0,9,,3-4,0.005221192507614914,0.002883231128545326,0.002337961379069588
cable,0,9,,5-8,0.002495532595090355,0.001253222471797852,0.0012423101232925029
cable,0,9,,9-16,0.001402701536752949,0.0006332267374858038,0.0007694747992671452
cable,0,10,,1-2,0.06402664764651225,0.03894603228019102,0.02508061536632123
cable,0,10,,17+,0.0012056255455921846,0.00044343454146960113,0.0007621910041225835
cable,0,10,,3-4,0.00828304939798778,0.004464759026514634,0.0038182903714731467
cable,0,10,,5-8,0.004240263534391404,0.0021535541253592722,0.0020867094090321315
cable,0,10,,9-16,0.002566859620262115,0.0011531169266472355,0.0014137426936148795
cable,0,11,final,1-2,0.060093475268127305,0.03042234244540988,0.029671132822717425
cable,0,11,final,17+,0.005332172919558883,0.0016857124817538118,0.0036464604378050706
cable,0,11,final,3-4,0.014200055140203617,0.006635559851075568,0.00756449528912805
cable,0,11,final,5-8,0.010715653939880573,0.004642488468073255,0.006073165471807318
cable,0,11,final,9-16,0.008030155576214299,0.0030224860559607577,0.005007669520253541
cable,2,0,,17+,0.0002757356725145876,0.0001298287541996874,0.00014590691831490023
cable,2,0,,3-4,0.0004986546301384721,0.0002795303568875613,0.0002191242732509108
cable,2,0,,5-8,0.00044463440937238437,0.00022697497695928087,0.0002176594324131035
cable,2,0,,9-16,0.0003593040432303927,0.0001789221959413583,0.0001803818472890344
cable,2,1,,17+,0.0001643120403412026,0.0001079211300636762,5.6390910277526405e-05
cable,2,1,,3-4,0.0013319776982676675,0.0012431433396635184,8.883435860414907e-05
cable,2,1,,5-8,0.0003023490394019471,0.0001931477599081712,0.00010920127949377587
cable,2,1,,9-16,0.0002196115631852961,0.0001389386631306841,8.067290005461201e-05
cable,2,2,early,17+,0.00022637191199351156,0.00012625034865206727,0.00010012156334144429
cable,2,2,early,3-4,0.0024294614178907346,0.0022707536256694203,0.00015870779222131428
cable,2,2,early,5-8,0.00039485019286590383,0.0002463693567640329,0.00014848083610187094
cable,2,2,early,9-16,0.00027550947093651185,0.0001636611964571568,0.00011184827447935505
cable,2,3,,17+,0.0002184414197657762,0.00011372071248593641,0.00010472070727983978
cable,2,3,,3-4,0.0051748647820204,0.0049132859503824506,0.00026157883163794964
cable,2,3,,5-8,0.0006163305862377413,0.000374144038941138,0.0002421865472966033
cable,2,3,,9-16,0.0003302989492168107,0.00018267217917254162,0.00014762677004426908
cable,2,4,,17+,0.0002787265404957502,0.0001591420017030935,0.00011958453879265668
cable,2,4,,3-4,0.008957648573785365,0.008547932509060418,0.00040971606472494683
cable,2,4,,5-8,0.0008723544199209225,0.0005898382777292621,0.0002825161421916604
cable,2,4,,9-16,0.00041744567493057655,0.0002587796026913824,0.00015866607223919413
cable,2,5,mid,17+,0.00031838326990227343,0.00018021127203717802,0.0001381719978650954
cable,2,5,mid,3-4,0.013065183402172102,0.012421300012276135,0.0006438833898959676
cable,2,5,mid,5-8,0.0013082625997152511,0.0009571112658500135,0.0003511513338652376
cable,2,5,mid,9-16,0.0005127500020423237,0.0003281024374223906,0.00018464756461993313
cable,2,6,,17+,0.00044658982391851426,0.0002902010304515852,0.00015638879346692908
cable,2,6,,3-4,0.019567171624880614,0.01895494071678032,0.0006122309081002947
cable,2,6,,5-8,0.002263757763121568,0.0018104398415223855,0.00045331792159918256
cable,2,6,,9-16,0.0008877249439341499,0.0006501500304315882,0.00023757491350256173
cable,2,7,,17+,0.0008983584506940378,0.0006091826078426062,0.0002891758428514316
cable,2,7,,3-4,0.02993292897483519,0.029025077363666177,0.0009078516111690124
cable,2,7,,5-8,0.004167931249997134,0.0033476061202928915,0.0008203251297042424
cable,2,7,,9-16,0.0017167880913783909,0.0012385989069109784,0.00047818918446741244
cable,2,8,midlate,17+,0.0008871028103570603,0.0006089110996436647,0.0002781917107133956
cable,2,8,midlate,3-4,0.027188243230386606,0.026210185653549017,0.000978057576837589
cable,2,8,midlate,5-8,0.004663697463502981,0.0038033806170268327,0.0008603168464761486
cable,2,8,midlate,9-16,0.002111842839180301,0.001563290655466388,0.0005485521837139129
cable,2,9,,17+,0.001303311539231748,0.0008721032013484994,0.0004312083378832485
cable,2,9,,3-4,0.0357215706430071,0.03474434540562681,0.0009772252373802873
cable,2,9,,5-8,0.006871135314992976,0.0056397425601587845,0.0012313927548341912
cable,2,9,,9-16,0.0031566243459546068,0.0023050437502001816,0.0008515805957544252
cable,2,10,,17+,0.0024762471872904093,0.001735957258133021,0.0007402899291573883
cable,2,10,,3-4,0.04918071716947819,0.04773698632484994,0.0014437308446282465
cable,2,10,,5-8,0.011061935540649758,0.009104578503760695,0.001957357036889063
cable,2,10,,9-16,0.005667915812465407,0.004208613110454325,0.001459302702011082
cable,2,11,final,17+,0.009349294196890274,0.006081909675002176,0.0032673845218880986
cable,2,11,final,3-4,0.04599148638508449,0.04146026885833865,0.0045312175267458385
cable,2,11,final,5-8,0.02081681055501479,0.015603382536764429,0.00521342801825036
cable,2,11,final,9-16,0.015142514294355452,0.010445508387828276,0.004697005906527177
cable,4,0,,17+,0.000344400264427263,0.00028792552257070114,5.6474741856561846e-05
cable,4,0,,5-8,0.000620865972079431,0.0005004538070351836,0.00012041216504424745
cable,4,0,,9-16,0.00048149413858626406,0.0003907050149605754,9.078912362568865e-05
cable,4,1,,17+,0.0002568423853740093,0.00024810568292421206,8.736702449797242e-06
cable,4,1,,5-8,0.0009840033174496664,0.0009319942392492304,5.200907820043603e-05
cable,4,1,,9-16,0.00034375918013596285,0.00031070290207225743,3.305627806370542e-05
cable,4,2,early,17+,0.0003324152390372429,0.00028966041325124465,4.275482578599822e-05
cable,4,2,early,5-8,0.0016414080514828683,0.0015608204784485823,8.058757303428606e-05
cable,4,2,early,9-16,0.00042212525176530915,0.00037131877342575707,5.080647833955208e-05
cable,4,3,,17+,0.00033797795824317295,0.00026231402325158966,7.56639349915833e-05
cable,4,3,,5-8,0.003271083847610038,0.0030559129485555844,0.00021517089905445349
cable,4,3,,9-16,0.0005387980806461418,0.0004267601792406668,0.00011203790140547505
cable,4,4,,17+,0.0004642078729746262,0.0003689630925722226,9.524478040240359e-05
cable,4,4,,5-8,0.005591593908469087,0.005273233315128097,0.0003183605933409902
cable,4,4,,9-16,0.0007319369875143582,0.0005972553940440283,0.00013468159347032995
cable,4,5,mid,17+,0.0005381987892697806,0.0004243502094357216,0.00011384857983405907
cable,4,5,mid,5-8,0.007972182791527994,0.007677775648498514,0.00029440714302947976
cable,4,5,mid,9-16,0.0009396237143604694,0.0007774320193074868,0.00016219169505298262
cable,4,6,,17+,0.0008540350405679428,0.0006993828024785959,0.00015465223808934698
cable,4,6,,5-8,0.012497586459491585,0.01210577853758922,0.00039180792190236444
cable,4,6,,9-16,0.0016804448125778899,0.001455281021965925,0.0002251637906119648
cable,4,7,,17+,0.0015920821205493794,0.0013483643183740748,0.00024371780217530455
cable,4,7,,5-8,0.019602822548500695,0.01909644460166185,0.0005063779468388457
cable,4,7,,9-16,0.003116813469297985,0.0026733227583759767,0.00044349071092200827
cable,4,8,midlate,17+,0.001586948653887345,0.0013637325375421155,0.0002232161163452295
cable,4,8,midlate,5-8,0.018263733546648658,0.017910979257351637,0.00035275428929702063
cable,4,8,midlate,9-16,0.003680831023339817,0.003251601129352081,0.000429229893987736
cable,4,9,,17+,0.002155191644584252,0.0018925468245723457,0.0002626448200119065
cable,4,9,,5-8,0.024224659399490516,0.02412842490336517,9.623449612534626e-05
cable,4,9,,9-16,0.005305329045489836,0.004813890243313371,0.0004914388021764653
cable,4,10,,17+,0.0041839495462802105,0.0036906815554905,0.0004932679907897106
cable,4,10,,5-8,0.03519749063618324,0.034973478714498275,0.00022401192168496759
cable,4,10,,9-16,0.009367018667220716,0.008577144147232632,0.0007898745199880833
cable,4,11,final,17+,0.013765031823470227,0.011535077470633448,0.002229954352836778
cable,4,11,final,5-8,0.041801292411222706,0.03922388944014598,0.0025774029710767254
cable,4,11,final,9-16,0.022437047536427824,0.019667380134619366,0.002769667401808458
cable,8,0,,17+,0.0005855928008843224,0.0005376364864861086,4.7956314398213775e-05
cable,8,0,,9-16,0.0007784168346729857,0.0006933209620836201,8.509587258936555e-05
cable,8,1,,17+,0.0004877915199933449,0.00046708674169478027,2.0704778298564618e-05
cable,8,1,,9-16,0.0009797649194927857,0.0009232955777579194,5.646934173486628e-05
cable,8,2,early,17+,0.0005839456388624153,0.0005319246338825577,5.202100497985764e-05
cable,8,2,early,9-16,0.0014897075817891215,0.0014405501667856338,4.9157415003487715e-05
cable,8,3,,17+,0.0006544334129120929,0.0005862435502087541,6.818986270333885e-05
cable,8,3,,9-16,0.0026935183143774887,0.0026421067277190777,5.141158665841099e-05
cable,8,4,,17+,0.0010514413110545469,0.0009369385401206241,0.00011450277093392276
cable,8,4,,9-16,0.0044838871369708095,0.004395854132737738,8.803300423307174e-05
cable,8,5,mid,17+,0.001300800575967352,0.001178711304697637,0.00012208927126971495
cable,8,5,mid,9-16,0.0063567075127621215,0.006316874960285316,3.9832552476805685e-05
cable,8,6,,17+,0.0022678980425626916,0.0020811487902763133,0.00018674925228637836
cable,8,6,,9-16,0.010192051434851373,0.010101202054924858,9.084937992651435e-05
cable,8,7,,17+,0.004041542113777584,0.0038723303112010794,0.00016921180257650466
cable,8,7,,9-16,0.01627535673276497,0.016140460176076565,0.0001348965566884061
cable,8,8,midlate,17+,0.004041294762104392,0.003910921715187226,0.00013037304691716593
cable,8,8,midlate,9-16,0.015675850478666122,0.01564331420025701,3.253627840911141e-05
cable,8,9,,17+,0.005114162613979808,0.0050647968424762406,4.936577150356763e-05
cable,8,9,,9-16,0.020610455081474976,0.02104032984586288,-0.0004298747643879039
cable,8,10,,17+,0.009612531044843498,0.009592022080778974,2.0508964064523336e-05
cable,8,10,,9-16,0.03168274699805338,0.032380298042961275,-0.0006975510449078945
cable,8,11,final,17+,0.025193640895719984,0.025534793775731358,-0.0003411528800113736
cable,8,11,final,9-16,0.046405144758066307,0.04757836472471145,-0.001173219966645142
cable,16,0,,17+,0.0011957654410530757,0.0012168044984743262,-2.103905742125052e-05
cable,16,1,,17+,0.002061828154219949,0.0019509906268386692,0.00011083752738127962
cable,16,2,early,17+,0.0037109986184002846,0.0036545945715545196,5.640404684576503e-05
cable,16,3,,17+,0.006633866249289004,0.006752335541282864,-0.00011846929199386003
cable,16,4,,17+,0.011344657386463014,0.011607062337653929,-0.00026240495119091503
cable,16,5,mid,17+,0.015480178142232504,0.016323879327891085,-0.000843701185658581
cable,16,6,,17+,0.024417966946351236,0.02555864359106433,-0.0011406766447130921
cable,16,7,,17+,0.03572459667160798,0.0371358018799298,-0.0014112052083218168
cable,16,8,midlate,17+,0.03000556436196269,0.030640342538910206,-0.0006347781769475147
cable,16,9,,17+,0.03354439641139941,0.03381925562181232,-0.0002748592104129116
cable,16,10,,17+,0.05148322049680409,0.05100506898269155,0.0004781515141125403
cable,16,11,final,17+,0.06636851805509349,0.06625646060066559,0.00011205745442789683
chewinggum,0,0,,1-2,6.974845841168136e-05,9.816601723180038e-06,5.993185668850132e-05
chewinggum,0,0,,17+,1.499173226040744e-06,1.0611989403866717e-06,4.3797428565407236e-07
chewinggum,0,0,,3-4,3.437579265561017e-05,5.17546037334958e-06,2.920033228226059e-05
chewinggum,0,0,,5-8,1.1704691256250828e-05,2.843997000472182e-06,8.860694255778646e-06
chewinggum,0,0,,9-16,4.13094391445747e-06,1.4111217818767412e-06,2.719822132580729e-06
chewinggum,0,1,,1-2,0.0009802323828775959,0.00028345703278064325,0.0006967753500969527
chewinggum,0,1,,17+,1.2047790580446278e-06,9.406894175181387e-07,2.6408964052648905e-07
chewinggum,0,1,,3-4,5.8116482161758366e-05,1.3193425743961348e-05,4.492305641779702e-05
chewinggum,0,1,,5-8,1.4319152154877005e-05,4.402822732780276e-06,9.916329422096729e-06
chewinggum,0,1,,9-16,4.142981107380605e-06,1.711432552392823e-06,2.431548554987782e-06
chewinggum,0,2,early,1-2,0.0034576906202408637,0.0007758736580165312,0.0026818169622243324
chewinggum,0,2,early,17+,1.644189083802645e-05,1.1032274102487414e-06,1.5338663427777708e-05
chewinggum,0,2,early,3-4,0.0001658979172134165,2.4355892558375276e-05,0.00014154202465504123
chewinggum,0,2,early,5-8,4.693098644852672e-05,6.716863911552031e-06,4.0214122536974686e-05
chewinggum,0,2,early,9-16,2.3530371911209478e-05,2.420207126372458e-06,2.111016478483702e-05
chewinggum,0,3,,1-2,0.008532484785931927,0.001949735591210325,0.006582749194721602
chewinggum,0,3,,17+,3.826725550955187e-05,1.683573695725539e-06,3.658368181382633e-05
chewinggum,0,3,,3-4,0.00036873477210448095,5.2897501485490495e-05,0.00031583727061899045
chewinggum,0,3,,5-8,0.0001284236755995357,1.3707634142475336e-05,0.00011471604145706036
chewinggum,0,3,,9-16,6.378128828197276e-05,4.311247900696915e-06,5.947004038127585e-05
chewinggum,0,4,,1-2,0.01794342227526347,0.0037934249031697747,0.014149997372093694
chewinggum,0,4,,17+,5.4920864878712447e-05,3.6238339395922026e-06,5.1297030939120244e-05
chewinggum,0,4,,3-4,0.0006743739261649378,0.00013778997054447845,0.0005365839556204594
chewinggum,0,4,,5-8,0.00020139520836826233,3.3338035341136754e-05,0.00016805717302712558
chewinggum,0,4,,9-16,8.976066232697542e-05,9.704604961182009e-06,8.005605736579341e-05
chewinggum,0,5,mid,1-2,0.027861081481236786,0.004994631265990309,0.022866450215246477
chewinggum,0,5,mid,17+,7.61498844421755e-05,5.035816857509802e-06,7.11140675846657e-05
chewinggum,0,5,mid,3-4,0.0014754458902277413,0.0003351763218749099,0.0011402695683528313
chewinggum,0,5,mid,5-8,0.00037713506950319163,6.846287007086084e-05,0.0003086721994323308
chewinggum,0,5,mid,9-16,0.00013573501582448075,1.643042195830834e-05,0.0001193045938661724
chewinggum,0,6,,1-2,0.041205195528080364,0.007655413571894084,0.033549781956186284
chewinggum,0,6,,17+,9.748404756369039e-05,1.1565084580142623e-05,8.591896298354776e-05
chewinggum,0,6,,3-4,0.0024176230537035575,0.0006038540142346505,0.001813769039468907
chewinggum,0,6,,5-8,0.0006365588603235691,0.0001361266747477243,0.0005004321855758447
chewinggum,0,6,,9-16,0.00020911409258887127,3.7786623101911194e-05,0.00017132746948696009
chewinggum,0,7,,1-2,0.06448242484174407,0.011046965483404734,0.05343545935833934
chewinggum,0,7,,17+,0.00029016337035579895,3.0295177775416584e-05,0.00025986819258038237
chewinggum,0,7,,3-4,0.004637799059153199,0.0010753308283170157,0.0035624682308361827
chewinggum,0,7,,5-8,0.0013368688709431205,0.00026403886705906617,0.0010728300038840544
chewinggum,0,7,,9-16,0.0005136093036682648,8.07252173158274e-05,0.00043288408635243743
chewinggum,0,8,midlate,1-2,0.05613740643315099,0.009169627206044945,0.046967779227106043
chewinggum,0,8,midlate,17+,0.00028970301040857,3.317836808240956e-05,0.0002565246423261604
chewinggum,0,8,midlate,3-4,0.004698335956487668,0.0009441856651057286,0.0037541502913819398
chewinggum,0,8,midlate,5-8,0.0013996412384292517,0.00025754288831853254,0.001142098350110719
chewinggum,0,8,midlate,9-16,0.0005439584132252651,8.982009498752485e-05,0.00045413831823774023
chewinggum,0,9,,1-2,0.06983163954433178,0.011312807292050286,0.05851883225228149
chewinggum,0,9,,17+,0.00048422828216241877,5.5092694468695916e-05,0.0004291355876937229
chewinggum,0,9,,3-4,0.006532299318939569,0.0012206197319602193,0.00531167958697935
chewinggum,0,9,,5-8,0.002027690481533638,0.0003524637459470578,0.0016752267355865803
chewinggum,0,9,,9-16,0.0008612384155075006,0.0001328095084488305,0.0007284289070586702
chewinggum,0,10,,1-2,0.08466725710822243,0.013717810627696558,0.07094944648052587
chewinggum,0,10,,17+,0.0007733170629459096,0.00010148309892796753,0.000671833964017942
chewinggum,0,10,,3-4,0.009290560986980449,0.0015741197634290482,0.007716441223551401
chewinggum,0,10,,5-8,0.0029685992922167726,0.0004829921229000571,0.0024856071693167155
chewinggum,0,10,,9-16,0.0012940230868249828,0.00020492171833321493,0.0010891013684917678
chewinggum,0,11,final,1-2,0.08316693569522816,0.010977553976124274,0.07218938171910388
chewinggum,0,11,final,17+,0.003536401549772304,0.00034056089936702205,0.003195840650405282
chewinggum,0,11,final,3-4,0.01380744239518778,0.0018783350278262958,0.011929107367361485
chewinggum,0,11,final,5-8,0.006854585559581001,0.0008459988293035783,0.0060085867302774225
chewinggum,0,11,final,9-16,0.0046092073187892525,0.0005059103517549582,0.004103296967034294
chewinggum,2,0,,17+,1.0324521230964773e-05,8.2779872231989e-06,2.0465340077658737e-06
chewinggum,2,0,,3-4,8.110855838852685e-05,3.906233168337408e-05,4.204622670515277e-05
chewinggum,2,0,,5-8,3.608684597571076e-05,1.9866836302507706e-05,1.6220009673203055e-05
chewinggum,2,0,,9-16,1.6912446993394698e-05,1.089259662599488e-05,6.019850367399817e-06
chewinggum,2,1,,17+,9.309937322644279e-06,8.206843803993704e-06,1.1030935186505747e-06
chewinggum,2,1,,3-4,0.0007257185955484557,0.000554744468293647,0.00017097412725480864
chewinggum,2,1,,5-8,5.5347809955317866e-05,3.639804946090433e-05,1.8949760494413534e-05
chewinggum,2,1,,9-16,1.829713897970319e-05,1.3019466986370565e-05,5.277671993332626e-06
chewinggum,2,2,early,17+,2.9502802851634647e-05,8.36380108329203e-06,2.1139001768342616e-05
chewinggum,2,2,early,3-4,0.0017390502412701265,0.0012868755284390341,0.0004521747128310924
chewinggum,2,2,early,5-8,0.00012280849945264574,5.671075902230974e-05,6.609774043033601e-05
chewinggum,2,2,early,9-16,4.821458165370635e-05,1.6585223059472604e-05,3.1629358594233746e-05
chewinggum,2,3,,17+,6.102735817577324e-05,1.0607853329672211e-05,5.0419504846101026e-05
chewinggum,2,3,,3-4,0.004078515770513212,0.00311060824344051,0.0009679075270727019
chewinggum,2,3,,5-8,0.0002982854705063221,0.00011340018174929205,0.00018488528875703004
chewinggum,2,3,,9-16,0.0001144833837817244,2.7269476159788705e-05,8.721390762193569e-05
chewinggum,2,4,,17+,9.517649409486182e-05,2.2220303251127542e-05,7.295619084373429e-05
chewinggum,2,4,,3-4,0.008402427062980954,0.0063582671120658895,0.002044159950915065
chewinggum,2,4,,5-8,0.0005796781914032534,0.0002827514275191192,0.0002969267638841342
chewinggum,2,4,,9-16,0.00018676917215471948,6.210017088622485e-05,0.00012466900126849464
chewinggum,2,5,mid,17+,0.00013207883304709324,3.135294883096775e-05,0.0001007258842161255
chewinggum,2,5,mid,3-4,0.012598832242255024,0.008908528379624893,0.003690303862630131
chewinggum,2,5,mid,5-8,0.0011569207986473753,0.0006109620616757405,0.0005459587369716348
chewinggum,2,5,mid,9-16,0.00028930817831580055,0.00010624323698905497,0.0001830649413267456
chewinggum,2,6,,17+,0.00019061119811576577,6.964149460833762e-05,0.00012096970350742815
chewinggum,2,6,,3-4,0.01965918672677852,0.013906084595183827,0.005753102131594695
chewinggum,2,6,,5-8,0.0019846923034450375,0.0011169949456384482,0.0008676973578065892
chewinggum,2,6,,9-16,0.0004902681065341483,0.00022892715260515993,0.0002613409539289884
chewinggum,2,7,,17+,0.0005178441393978809,0.000167372578044532,0.0003504715613533489
chewinggum,2,7,,3-4,0.02993640918605795,0.020764363615620132,0.009172045570437819
chewinggum,2,7,,5-8,0.0036793255886790432,0.002009667736901612,0.0016696578517774313
chewinggum,2,7,,9-16,0.0010576274681029006,0.0004494074517326463,0.0006082200163702544
chewinggum,2,8,midlate,17+,0.0005388747751943085,0.00017987302405892392,0.00035900175113538465
chewinggum,2,8,midlate,3-4,0.02632966662500177,0.01737907670627404,0.008950589918727731
chewinggum,2,8,midlate,5-8,0.0036440014346748456,0.001865785738111556,0.0017782156965632896
chewinggum,2,8,midlate,9-16,0.0011244460416157092,0.00048338592217272487,0.0006410601194429843
chewinggum,2,9,,17+,0.0008882423732348932,0.0002851597008678703,0.000603082672367023
chewinggum,2,9,,3-4,0.03325297563582997,0.021386480098054963,0.011866495537775006
chewinggum,2,9,,5-8,0.005084708414639926,0.002440627471695896,0.00264408094294403
chewinggum,2,9,,9-16,0.0017151631218857099,0.0006893968690269144,0.0010257662528587955
chewinggum,2,10,,17+,0.001436729193865754,0.000506978111815716,0.000929751082050038
chewinggum,2,10,,3-4,0.04219379415200355,0.02657579668526358,0.015617997466739968
chewinggum,2,10,,5-8,0.007013170676835732,0.0031833549603726575,0.003829815716463075
chewinggum,2,10,,9-16,0.0025389934317930907,0.0010156985560057597,0.001523294875787331
chewinggum,2,11,final,17+,0.005593643327385415,0.0015962537054919357,0.00399738962189348
chewinggum,2,11,final,3-4,0.04380402554511676,0.023129308634612416,0.020674716910504345
chewinggum,2,11,final,5-8,0.013018041659125089,0.004589969368889642,0.008428072290235447
chewinggum,2,11,final,9-16,0.0076315899455823046,0.002394373033099676,0.005237216912482629
chewinggum,4,0,,17+,4.0753576947615626e-05,3.079269444659619e-05,9.960882501019438e-06
chewinggum,4,0,,5-8,9.907925227549606e-05,6.906074078531271e-05,3.0018511490183348e-05
chewinggum,4,0,,9-16,5.3053198421651114e-05,3.8425234482912686e-05,1.4627963938738428e-05
chewinggum,4,1,,17+,3.584719833963929e-05,2.696785538355553e-05,8.879342956083763e-06
chewinggum,4,1,,5-8,0.0004935900020615304,0.0003880781283350946,0.00010551187372643585
chewinggum,4,1,,9-16,5.700667265536765e-05,4.1284498916284696e-05,1.572217373908295e-05
chewinggum,4,2,early,17+,5.5075271662226674e-05,2.5695829498731398e-05,2.9379442163495275e-05
chewinggum,4,2,early,5-8,0.0010181329587417764,0.0007725385393700673,0.00024559441937170915
chewinggum,4,2,early,9-16,9.472385706962349e-05,4.855774863631193e-05,4.616610843331156e-05
chewinggum,4,3,,17+,9.760964851281492e-05,3.249085035659726e-05,6.511879815621765e-05
chewinggum,4,3,,5-8,0.002357668938160687,0.0018021303320024723,0.0005555386061582147
chewinggum,4,3,,9-16,0.00019565365321259028,8.044491281839786e-05,0.00011520874039419242
chewinggum,4,4,,17+,0.00016206404659726664,6.72499502787467e-05,9.481409631851994e-05
chewinggum,4,4,,5-8,0.004820392545360764,0.0037839317632306912,0.0010364607821300728
chewinggum,4,4,,9-16,0.00035195567958077386,0.0001807511345264624,0.00017120454505431147
chewinggum,4,5,mid,17+,0.00022610763713680322,9.492700306852598e-05,0.00013118063406827724
chewinggum,4,5,mid,5-8,0.007488335953789834,0.00559241976432847,0.0018959161894613642
chewinggum,4,5,mid,9-16,0.0005756775133014212,0.00032148705464569885,0.0002541904586557224
chewinggum,4,6,,17+,0.0003736131574828282,0.0002018778523574193,0.00017173530512540892
chewinggum,4,6,,5-8,0.011704565045937585,0.008740899936292429,0.0029636651096451565
chewinggum,4,6,,9-16,0.0010414750698448875,0.0006495003847518456,0.0003919746850930419
chewinggum,4,7,,17+,0.0009207494522447098,0.0004551111996012579,0.0004656382526434519
chewinggum,4,7,,5-8,0.018626445783944432,0.01354236484075253,0.0050840809431919026
chewinggum,4,7,,9-16,0.002098936614166924,0.0012485283577532737,0.0008504082564136503
chewinggum,4,8,midlate,17+,0.0009662713396366513,0.00048421062986687074,0.0004820607097697805
chewinggum,4,8,midlate,5-8,0.016737949828371016,0.01169745924871881,0.005040490579652206
chewinggum,4,8,midlate,9-16,0.0021846044966522316,0.0012946641115840092,0.0008899403850682224
chewinggum,4,9,,17+,0.001511263638840479,0.000730782895394301,0.0007804807434461781
chewinggum,4,9,,5-8,0.021366795372410534,0.014429872363120608,0.006936923009289926
chewinggum,4,9,,9-16,0.003165996678296593,0.0017773120332209048,0.001388684645075688
chewinggum,4,10,,17+,0.0024441851981401217,0.0012918417384380047,0.001152343459702117
chewinggum,4,10,,5-8,0.02779987151466905,0.018473883089877016,0.009325988424792035
chewinggum,4,10,,9-16,0.004587418882807818,0.0025577850538792504,0.002029633828928568
chewinggum,4,11,final,17+,0.00820276679754809,0.0040103542316040795,0.004192412565944011
chewinggum,4,11,final,5-8,0.03350600867328797,0.019291179822900524,0.014214828850387447
chewinggum,4,11,final,9-16,0.011624779505387503,0.005805577954341574,0.005819201551045929
chewinggum,8,0,,17+,0.00013284491076814075,0.00011844502393170338,1.439988683643737e-05
chewinggum,8,0,,9-16,0.0001804117268613773,0.00014940294718960234,3.100877967177496e-05
chewinggum,8,1,,17+,0.00012839345253130684,0.00010840945098214839,1.9984001549158443e-05
chewinggum,8,1,,9-16,0.000416085959621862,0.00036503868573663597,5.104727388522605e-05
chewinggum,8,2,early,17+,0.00013795235507380415,9.436948047378214e-05,4.358287460002201e-05
chewinggum,8,2,early,9-16,0.0007680419371824178,0.0006349565676433939,0.00013308536953902396
chewinggum,8,3,,17+,0.00021539093250298787,0.00013184191603502892,8.354901646795895e-05
chewinggum,8,3,,9-16,0.0017687064209476087,0.0014552691733059097,0.000313437247641699
chewinggum,8,4,,17+,0.00041749603431145006,0.00028022757625272406,0.000137268458058726
chewinggum,8,4,,9-16,0.003457679407906551,0.0029017275222264424,0.0005559518856801085
chewinggum,8,5,mid,17+,0.000619503143062797,0.0004247511884853213,0.00019475195457747577
chewinggum,8,5,mid,9-16,0.005402826603726785,0.00440758976963133,0.000995236834095455
chewinggum,8,6,,17+,0.001119044614887489,0.000828828648165561,0.000290215966721928
chewinggum,8,6,,9-16,0.008406907412351929,0.00684185910361575,0.0015650483087361784
chewinggum,8,7,,17+,0.0023830193486305035,0.001626084563572094,0.0007569347850584095
chewinggum,8,7,,9-16,0.014026139501546426,0.010924028321454728,0.003102111180091698
chewinggum,8,8,midlate,17+,0.0024739796404148248,0.001652641280478806,0.0008213383599360187
chewinggum,8,8,midlate,9-16,0.012800063231381829,0.009667719160813175,0.003132344070568654
chewinggum,8,9,,17+,0.003513973890723417,0.002234080528940287,0.0012798933617831302
chewinggum,8,9,,9-16,0.016179234142704203,0.011847489928269986,0.004331744214434217
chewinggum,8,10,,17+,0.005616626853455112,0.0037910948760389537,0.001825531977416158
chewinggum,8,10,,9-16,0.021995331631737832,0.01603020311304688,0.005965128518690951
chewinggum,8,11,final,17+,0.016002348891791206,0.010763208857751706,0.0052391400340395
chewinggum,8,11,final,9-16,0.031980770768533444,0.021586744455527825,0.010394026313005619
chewinggum,16,0,,17+,0.000518074030931,0.00044440681048049977,7.366722045050027e-05
chewinggum,16,1,,17+,0.0009737576295463299,0.0008995133806771094,7.424424886922048e-05
chewinggum,16,2,early,17+,0.001864409229240398,0.0016853491881289975,0.0001790600411114005
chewinggum,16,3,,17+,0.003892681242271823,0.003539805530242114,0.00035287571202970896
chewinggum,16,4,,17+,0.006684613282974203,0.006101689325740077,0.0005829239572341261
chewinggum,16,5,mid,17+,0.009934870942345847,0.008982521318562878,0.0009523496237829696
chewinggum,16,6,,17+,0.013937280296572792,0.012582805269965103,0.001354475026607689
chewinggum,16,7,,17+,0.021906409562490407,0.01903916158449342,0.0028672479779969853
chewinggum,16,8,midlate,17+,0.01902531689546741,0.016135772183480345,0.002889544711987064
chewinggum,16,9,,17+,0.022335780565038106,0.01838348408486561,0.0039522964801724965
chewinggum,16,10,,17+,0.03325760006990236,0.02750560869123796,0.0057519913786644
chewinggum,16,11,final,17+,0.046699633982417874,0.036072155831816964,0.01062747815060091
macaroni2,0,0,,1-2,1.0475555538804212e-05,2.322404357035379e-06,8.153151181768833e-06
macaroni2,0,0,,17+,1.421796621306173e-06,5.341875399191678e-07,8.876090813870052e-07
macaroni2,0,0,,3-4,5.581399588865444e-06,1.591053688505868e-06,3.990345900359576e-06
macaroni2,0,0,,5-8,2.1881009994512765e-06,1.0597196251725827e-06,1.1283813742786938e-06
macaroni2,0,0,,9-16,3.071342875829133e-06,8.248249692604864e-07,2.2465179065686466e-06
macaroni2,0,1,,1-2,0.0004352619166575147,0.00027409142701425513,0.00016117048964325956
macaroni2,0,1,,17+,1.6460472468023586e-06,8.824794273965398e-07,7.635678194058188e-07
macaroni2,0,1,,3-4,2.015836889862836e-05,8.733865818562795e-06,1.1424503080065564e-05
macaroni2,0,1,,5-8,3.1813087457205965e-06,1.9855832769779783e-06,1.1957254687426182e-06
macaroni2,0,1,,9-16,3.0190648907869723e-06,1.3742678392339958e-06,1.6447970515529765e-06
macaroni2,0,2,early,1-2,0.0010669610635279966,0.0006477586723862542,0.0004192023911417424
macaroni2,0,2,early,17+,8.05837862982436e-06,2.9852631524367113e-06,5.073115477387649e-06
macaroni2,0,2,early,3-4,5.103660763931015e-05,1.7696502207218274e-05,3.334010543209188e-05
macaroni2,0,2,early,5-8,1.5487010658589482e-05,5.6796157722594e-06,9.807394886330083e-06
macaroni2,0,2,early,9-16,1.1462529018756937e-05,3.807995276886101e-06,7.654533741870835e-06
macaroni2,0,3,,1-2,0.0022825449089092283,0.001639747064567607,0.0006427978443416214
macaroni2,0,3,,17+,8.91435398789464e-06,2.9617579826294844e-06,5.952596005265155e-06
macaroni2,0,3,,3-4,7.325314108280424e-05,3.0592262020978293e-05,4.2660879061825944e-05
macaroni2,0,3,,5-8,2.1309954010146118e-05,7.5194476464811696e-06,1.3790506363664949e-05
macaroni2,0,3,,9-16,1.3488865780667062e-05,4.234989186521994e-06,9.253876594145068e-06
macaroni2,0,4,,1-2,0.004078292890012012,0.0031227192905067015,0.0009555735995053103
macaroni2,0,4,,17+,1.1098058057098916e-05,3.887352944878696e-06,7.21070511222022e-06
macaroni2,0,4,,3-4,0.0001323368138602717,7.869035314762537e-05,5.364646071264633e-05
macaroni2,0,4,,5-8,2.9717617177815778e-05,1.2642419926472676e-05,1.7075197251343102e-05
macaroni2,0,4,,9-16,1.8110109665611063e-05,6.15771838974511e-06,1.1952391275865952e-05
macaroni2,0,5,mid,1-2,0.005900600509549858,0.004222527631591842,0.0016780728779580154
macaroni2,0,5,mid,17+,1.4863319775472845e-05,5.14525305726076e-06,9.718066718212085e-06
macaroni2,0,5,mid,3-4,0.0003039377959086547,0.00019684625681795547,0.00010709153909069921
macaroni2,0,5,mid,5-8,5.6328194608563016e-05,2.902720093200082e-05,2.7300993676562196e-05
macaroni2,0,5,mid,9-16,2.7313199278308188e-05,9.816609093998853e-06,1.7496590184309335e-05
macaroni2,0,6,,1-2,0.008459132823756745,0.00615628605276768,0.002302846770989064
macaroni2,0,6,,17+,2.562703526886281e-05,1.0141493059260214e-05,1.5485542209602593e-05
macaroni2,0,6,,3-4,0.00046270733857651575,0.0003067259002144832,0.00015598143836203257
macaroni2,0,6,,5-8,8.911975840847404e-05,4.9036751500523475e-05,4.0083006907950566e-05
macaroni2,0,6,,9-16,5.0639371558087385e-05,1.941656903196768e-05,3.12228025261197e-05
macaroni2,0,7,,1-2,0.013356474823861644,0.00850886040075065,0.004847614423110994
macaroni2,0,7,,17+,6.200918423990984e-05,1.9048248061970414e-05,4.296093617793942e-05
macaroni2,0,7,,3-4,0.0009845931865533123,0.0006072528221886821,0.00037734036436463014
macaroni2,0,7,,5-8,0.0002188366640464067,0.00011097085427652549,0.00010786580976988122
macaroni2,0,7,,9-16,0.00011642186967590805,3.699914023318623e-05,7.942272944272181e-05
macaroni2,0,8,midlate,1-2,0.01138400575857501,0.006607533359891444,0.004776472398683565
macaroni2,0,8,midlate,17+,5.540875729744651e-05,1.830172046860826e-05,3.710703682883825e-05
macaroni2,0,8,midlate,3-4,0.0008717915494747866,0.0004968629838222381,0.0003749285656525485
macaroni2,0,8,midlate,5-8,0.0001885483853584064,9.412641758573643e-05,9.442196777266997e-05
macaroni2,0,8,midlate,9-16,9.986332698997007e-05,3.341101171945817e-05,6.645231527051189e-05
macaroni2,0,9,,1-2,0.014854196924716182,0.007627466582036657,0.007226730342679525
macaroni2,0,9,,17+,7.457438613552366e-05,2.23494283558351e-05,5.222495777968856e-05
macaroni2,0,9,,3-4,0.00121961266429728,0.0006199902417763003,0.0005996224225209798
macaroni2,0,9,,5-8,0.000248036607222732,0.00011689594342710017,0.00013114066379563182
macaroni2,0,9,,9-16,0.00012861871602022385,4.0001810914012716e-05,8.861690510621114e-05
macaroni2,0,10,,1-2,0.01938048744212003,0.009750340552326821,0.009630146889793209
macaroni2,0,10,,17+,0.00010201412169279893,3.0029228623806928e-05,7.1984893068992e-05
macaroni2,0,10,,3-4,0.0015448491232947805,0.0007593327948024932,0.0007855163284922873
macaroni2,0,10,,5-8,0.0003094086242324257,0.00014641289021602994,0.00016299573401639574
macaroni2,0,10,,9-16,0.0001717585013516445,5.168958318684799e-05,0.0001200689181647965
macaroni2,0,11,final,1-2,0.015145689692710374,0.007918127368045794,0.00722756232466458
macaroni2,0,11,final,17+,0.00029622677740104303,6.802255745243367e-05,0.00022820421994860937
macaroni2,0,11,final,3-4,0.0016242303562143095,0.0007511676567412426,0.0008730626994730669
macaroni2,0,11,final,5-8,0.0005035086042475995,0.00019462199797365192,0.0003088866062739476
macaroni2,0,11,final,9-16,0.0004084215580708424,9.794979325412278e-05,0.00031047176481671966
macaroni2,2,0,,17+,2.4323024247980604e-05,1.3337087879012857e-05,1.0985936368967748e-05
macaroni2,2,0,,3-4,5.699064875998935e-05,3.615753142550957e-05,2.083311733447978e-05
macaroni2,2,0,,5-8,3.903836157961275e-05,2.4468647003920296e-05,1.4569714575692453e-05
macaroni2,2,0,,9-16,3.365780718114266e-05,1.939508321792363e-05,1.4262723963219028e-05
macaroni2,2,1,,17+,3.085598703793979e-05,1.8509917685218236e-05,1.2346069352721557e-05
macaroni2,2,1,,3-4,0.001273148529354381,0.0008623503480554495,0.0004107981812989316
macaroni2,2,1,,5-8,6.764180034223634e-05,4.944637021758491e-05,1.8195430124651436e-05
macaroni2,2,1,,9-16,4.3216492655216976e-05,2.624633383384606e-05,1.6970158821370916e-05
macaroni2,2,2,early,17+,4.025434874266321e-05,2.5416421587779734e-05,1.4837927154883477e-05
macaroni2,2,2,early,3-4,0.0029660431981836446,0.002170816612164698,0.0007952265860189465
macaroni2,2,2,early,5-8,0.00011539935025613865,8.631850391455506e-05,2.9080846341583594e-05
macaroni2,2,2,early,9-16,6.157991954295846e-05,3.7192138249243405e-05,2.4387781293715056e-05
macaroni2,2,3,,17+,4.326801581555446e-05,2.7586015501674488e-05,1.568200031387997e-05
macaroni2,2,3,,3-4,0.006956884567625775,0.005607196414213647,0.0013496881534121284
macaroni2,2,3,,5-8,0.00020597572379802377,0.00015994129733502466,4.603442646299911e-05
macaroni2,2,3,,9-16,8.101603671092442e-05,5.032157743184774e-05,3.069445927907668e-05
macaroni2,2,4,,17+,6.925407024026986e-05,4.9802303546024825e-05,1.9451766694245032e-05
macaroni2,2,4,,3-4,0.013416350918770201,0.011356262042385443,0.002060088876384758
macaroni2,2,4,,5-8,0.0004231040498173381,0.0003581638495233596,6.494020029397849e-05
macaroni2,2,4,,9-16,0.0001496460151125803,9.804609169769626e-05,5.159992341488403e-05
macaroni2,2,5,mid,17+,9.601941186093996e-05,7.006335869205214e-05,2.595605316888781e-05
macaroni2,2,5,mid,3-4,0.020119511480960535,0.017430893014857705,0.00268861846610283
macaroni2,2,5,mid,5-8,0.0009284149219132722,0.0008236287005678519,0.00010478622134542034
macaroni2,2,5,mid,9-16,0.0002315144780772168,0.00016854962659968968,6.296485147752712e-05
macaroni2,2,6,,17+,0.00018051578983629475,0.0001463224701923973,3.419331964389744e-05
macaroni2,2,6,,3-4,0.02852451675830197,0.025687114974587283,0.0028374017837146867
macaroni2,2,6,,5-8,0.0014773204727841595,0.0013517687858202582,0.00012555168696390135
macaroni2,2,6,,9-16,0.0004267659784494662,0.00032055114146777643,0.00010621483698168978
macaroni2,2,7,,17+,0.00032237559721069216,0.0002482811883897249,7.409440882096723e-05
macaroni2,2,7,,3-4,0.04169036695837142,0.037861094685461054,0.0038292722729103695
macaroni2,2,7,,5-8,0.002947907158361132,0.0026266703994661795,0.00032123675889495244
macaroni2,2,7,,9-16,0.0007394262742713073,0.0005517121630569926,0.00018771411121431473
macaroni2,2,8,midlate,17+,0.00031713438917596603,0.00024355670228837112,7.357768688759492e-05
macaroni2,2,8,midlate,3-4,0.03319396330043668,0.03016413089957222,0.003029832400864463
macaroni2,2,8,midlate,5-8,0.0026036366611757477,0.0022617961659744576,0.00034184049520129007
macaroni2,2,8,midlate,9-16,0.0006791205564594183,0.000506088019415868,0.0001730325370435503
macaroni2,2,9,,17+,0.00041628164084002434,0.000308847580954828,0.00010743405988519636
macaroni2,2,9,,3-4,0.04227269049733872,0.03653961573641191,0.005733074760926812
macaroni2,2,9,,5-8,0.003526209325840028,0.0029972438393289537,0.0005289654865110742
macaroni2,2,9,,9-16,0.0008694317703985289,0.0006420022264238085,0.00022742954397472032
macaroni2,2,10,,17+,0.0005537274593936351,0.00041200448362423424,0.00014172297576940082
macaroni2,2,10,,3-4,0.05423493269417016,0.04621201695365551,0.008022915740514648
macaroni2,2,10,,5-8,0.004333313741113218,0.0037727427409898783,0.0005605710001233394
macaroni2,2,10,,9-16,0.0011301104605081023,0.000821845745576816,0.0003082647149312863
macaroni2,2,11,final,17+,0.0013352314863974357,0.0008693685567608824,0.0004658629296365532
macaroni2,2,11,final,3-4,0.044570722249853895,0.04034802209611771,0.004222700153736186
macaroni2,2,11,final,5-8,0.0053069296334998985,0.004310315792099523,0.000996613841400376
macaroni2,2,11,final,9-16,0.0021537868325442826,0.0014029808895227001,0.0007508059430215825
macaroni2,4,0,,17+,5.4675470126611686e-05,3.9761097890627896e-05,1.491437223598379e-05
macaroni2,4,0,,5-8,9.511003241741072e-05,7.261577969713967e-05,2.2494252720271053e-05
macaroni2,4,0,,9-16,7.552811028087228e-05,5.55330911353137e-05,1.9995019145558586e-05
macaroni2,4,1,,17+,7.109650190006465e-05,5.551345108229395e-05,1.5583050817770703e-05
macaroni2,4,1,,5-8,0.0007004863006941916,0.0005543959116847265,0.00014609038900946514
macaroni2,4,1,,9-16,0.00010168684406782312,7.810443083446387e-05,2.3582413233359253e-05
macaroni2,4,2,early,17+,9.631356869146773e-05,7.439665444894542e-05,2.1916914242522316e-05
macaroni2,4,2,early,5-8,0.0016721797984144678,0.0013256854506497866,0.0003464943477646811
macaroni2,4,2,early,9-16,0.0001511889106444911,0.00011434105676418639,3.68478538803047e-05
macaroni2,4,3,,17+,0.00010395582669134443,8.183780547974793e-05,2.2118021211596492e-05
macaroni2,4,3,,5-8,0.003940787851590507,0.00328377592129438,0.0006570119302961269
macaroni2,4,3,,9-16,0.00020575837210744314,0.0001612281721025385,4.4530200004904655e-05
macaroni2,4,4,,17+,0.00017299987080651627,0.00014861727677267916,2.4382594033837106e-05
macaroni2,4,4,,5-8,0.007787938152129403,0.006719834269541783,0.0010681038825876201
macaroni2,4,4,,9-16,0.00039686820479492975,0.0003174196711403509,7.944853365457884e-05
macaroni2,4,5,mid,17+,0.00024277888478532118,0.0002120167384485843,3.076214633673688e-05
macaroni2,4,5,mid,5-8,0.012686076176921891,0.010779071605712539,0.0019070045712093527
macaroni2,4,5,mid,9-16,0.0006630006910805711,0.0005629275107181222,0.00010007318036244894
macaroni2,4,6,,17+,0.00046382962827915,0.00042807813325549147,3.5751495023658556e-05
macaroni2,4,6,,5-8,0.018558451625156274,0.016318723878012583,0.002239727747143691
macaroni2,4,6,,9-16,0.0011953428051330495,0.0010247136357873707,0.0001706291693456788
macaroni2,4,7,,17+,0.0007960803290188273,0.0007204931053921022,7.558722362672511e-05
macaroni2,4,7,,5-8,0.02813655223386978,0.0253679877388532,0.002768564495016581
macaroni2,4,7,,9-16,0.002101825277592624,0.001803099284869033,0.00029872599272359117
macaroni2,4,8,midlate,17+,0.0007765358607381216,0.0006958217856056576,8.071407513246401e-05
macaroni2,4,8,midlate,5-8,0.02328282478782861,0.020709960749459026,0.002572864038369583
macaroni2,4,8,midlate,9-16,0.0019038559403269984,0.001623330491619714,0.00028052544870728444
macaroni2,4,9,,17+,0.0009894539986917655,0.0008711437885519649,0.00011831021013980058
macaroni2,4,9,,5-8,0.028897982445131528,0.02563660756805562,0.0032613748770759093
macaroni2,4,9,,9-16,0.002402714886637872,0.0020676126755898574,0.00033510221104801445
macaroni2,4,10,,17+,0.001290003880826034,0.0011510750582264403,0.00013892882259959366
macaroni2,4,10,,5-8,0.036741256902718664,0.03253665338097895,0.004204603521739715
macaroni2,4,10,,9-16,0.0030633500104562585,0.00264088601667291,0.0004224639937833487
macaroni2,4,11,final,17+,0.002786080095878132,0.0022726986646442585,0.0005133814312338735
macaroni2,4,11,final,5-8,0.03416175797271227,0.030578871584428357,0.003582886388283916
macaroni2,4,11,final,9-16,0.004977356640544364,0.004059506581796508,0.000917850058747856
macaroni2,8,0,,17+,8.516819313827944e-05,0.00010564291359748616,-2.047472045920672e-05
macaroni2,8,0,,9-16,0.0001243087234999514,0.0001474549278369493,-2.3146204336997882e-05
macaroni2,8,1,,17+,0.00013351269420427096,0.00015654136813177274,-2.3028673927501773e-05
macaroni2,8,1,,9-16,0.0004451428521456378,0.000492051911526267,-4.690905938062919e-05
macaroni2,8,2,early,17+,0.00020285074986325886,0.00022000096671233392,-1.7150216849075057e-05
macaroni2,8,2,early,9-16,0.0010287480399710511,0.0010581199412289697,-2.9371901257918597e-05
macaroni2,8,3,,17+,0.00024361427434385668,0.0002590924078469848,-1.5478133503128125e-05
macaroni2,8,3,,9-16,0.002433137373817621,0.0023776051669199987,5.553220689762236e-05
macaroni2,8,4,,17+,0.0004494580293895117,0.0004832928896508174,-3.3834860261305715e-05
macaroni2,8,4,,9-16,0.005013154441904639,0.00485889453169264,0.000154259910211999
macaroni2,8,5,mid,17+,0.000656330827769076,0.0007028439631943827,-4.651313542530669e-05
macaroni2,8,5,mid,9-16,0.008110665680012723,0.0077814036143805205,0.00032926206563220223
macaroni2,8,6,,17+,0.0012427533870019124,0.0013383372281505059,-9.558384114859348e-05
macaroni2,8,6,,9-16,0.012717957980930759,0.012259600517615902,0.0004583574633148565
macaroni2,8,7,,17+,0.002081704454030796,0.0022363752758354145,-0.0001546708218046187
macaroni2,8,7,,9-16,0.019675050934569657,0.019334957475291032,0.0003400934592786252
macaroni2,8,8,midlate,17+,0.0019677797293600518,0.0020967436266665865,-0.0001289638973065348
macaroni2,8,8,midlate,9-16,0.01640760638854565,0.01608746382580306,0.0003201425627425876
macaroni2,8,9,,17+,0.0024427976672692355,0.002589901044417157,-0.0001471033771479214
macaroni2,8,9,,9-16,0.020068323661366225,0.019676078521405058,0.00039224513996116706
macaroni2,8,10,,17+,0.0031777343845330744,0.003394862478253966,-0.00021712809372089175
macaroni2,8,10,,9-16,0.025487093270445814,0.025030108091110937,0.00045698517933487684
macaroni2,8,11,final,17+,0.006277219348380088,0.006100157653283346,0.00017706169509674238
macaroni2,8,11,final,9-16,0.027270546027769602,0.026222318945521513,0.001048227082248089
macaroni2,16,0,,17+,0.0003013855244110151,0.0003163685398046467,-1.4983015393631616e-05
macaroni2,16,1,,17+,0.000729923481170115,0.0007557422917333564,-2.581881056324146e-05
macaroni2,16,2,early,17+,0.0012894488043254768,0.0013396038567642552,-5.015505243877844e-05
macaroni2,16,3,,17+,0.002266625282289933,0.0024016749095472994,-0.0001350496272573662
macaroni2,16,4,,17+,0.004542756773945305,0.004752661880640333,-0.0002099051066950285
macaroni2,16,5,mid,17+,0.007255985411918775,0.007388048426299824,-0.00013206301438104927
macaroni2,16,6,,17+,0.011226354554916369,0.011638237531641796,-0.0004118829767254268
macaroni2,16,7,,17+,0.01807273149800792,0.018740604341857914,-0.0006678728438499933
macaroni2,16,8,midlate,17+,0.01530331524037234,0.01582654635939328,-0.0005232311190209397
macaroni2,16,9,,17+,0.019355529044858235,0.019427355719488757,-7.182667463052211e-05
macaroni2,16,10,,17+,0.025257376721128776,0.025260118640855738,-2.7419197269618056e-06
macaroni2,16,11,final,17+,0.03128971397462814,0.03015291147986077,0.0011368024947673687
screw,0,0,,1-2,9.45052721268388e-05,1.4061320273551215e-05,8.044395185328758e-05
screw,0,0,,17+,0.00010457723715192844,1.0451435573621995e-05,9.412580157830644e-05
screw,0,0,,3-4,0.00011073963238549298,1.3056912468209386e-05,9.76827199172836e-05
screw,0,0,,5-8,0.00011742709659636676,1.187093077876429e-05,0.00010555616581760246
screw,0,0,,9-16,0.00011078078113104115,1.1017558398873405e-05,9.976322273216775e-05
screw,0,1,,1-2,0.000972921420475915,0.0009333928263051853,3.95285941707297e-05
screw,0,1,,17+,4.830664541346387e-05,1.627181139130167e-05,3.2034834022162204e-05
screw,0,1,,3-4,6.0952128670830435e-05,3.355577604124097e-05,2.7396352629589462e-05
screw,0,1,,5-8,5.03964397157507e-05,1.8493364132514218e-05,3.1903075583236484e-05
screw,0,1,,9-16,4.753219269219847e-05,1.532197478837609e-05,3.221021790382238e-05
screw,0,2,early,1-2,0.0021564602652003675,0.002810790532110223,-0.0006543302669098556
screw,0,2,early,17+,3.571787535800278e-05,4.3124955497116645e-05,-7.407080139113863e-06
screw,0,2,early,3-4,7.680479501710138e-05,0.00010598532077963617,-2.9180525762534788e-05
screw,0,2,early,5-8,4.5704609431840464e-05,5.756194785561605e-05,-1.1857338423775588e-05
screw,0,2,early,9-16,3.901194530504755e-05,3.955254744865517e-05,-5.406021436076244e-07
screw,0,3,,1-2,0.005347793070863125,0.00814573878506853,-0.0027979457142054054
screw,0,3,,17+,3.6001870266347535e-05,8.876262935323175e-05,-5.2760759086884214e-05
screw,0,3,,3-4,0.00014421689311586432,0.00026050401644906997,-0.00011628712333320565
screw,0,3,,5-8,6.386171375462474e-05,0.00013739223469892822,-7.353052094430348e-05
screw,0,3,,9-16,4.341579119178493e-05,8.529288246492463e-05,-4.18770912731397e-05
screw,0,4,,1-2,0.00999160769881791,0.018774360805855612,-0.008782753107037702
screw,0,4,,17+,4.996815677655104e-05,0.0001315395388267168,-8.157138205016576e-05
screw,0,4,,3-4,0.00029038736299930067,0.0005205708034830178,-0.00023018344048371712
screw,0,4,,5-8,9.987641285069402e-05,0.00020809028370462237,-0.00010821387085392835
screw,0,4,,9-16,6.047252786507986e-05,0.00012392313723537116,-6.345060937029131e-05
screw,0,5,mid,1-2,0.015018283638822905,0.03223271426060686,-0.017214430621783954
screw,0,5,mid,17+,6.305305992481823e-05,0.00024934455999996126,-0.00018629150007514302
screw,0,5,mid,3-4,0.0007912319289278819,0.0017827352795690688,-0.000991503350641187
screw,0,5,mid,5-8,0.00019670030547154502,0.0005614914808912693,-0.00036479117541972426
screw,0,5,mid,9-16,8.493799859289418e-05,0.00025330685755193177,-0.0001683688589590376
screw,0,6,,1-2,0.02088224491417667,0.04491034089580756,-0.02402809598163089
screw,0,6,,17+,0.00011095997244642642,0.0003882683830909676,-0.00027730841064454114
screw,0,6,,3-4,0.0012257329219966182,0.002395860072347878,-0.00117012715035126
screw,0,6,,5-8,0.00033099604972074154,0.0007718891862050148,-0.0004408931364842733
screw,0,6,,9-16,0.00014148854804653453,0.00039444453239892083,-0.0002529559843523863
screw,0,7,,1-2,0.02892145767923341,0.06532229843396953,-0.03640084075473612
screw,0,7,,17+,0.00024447383250124555,0.0005640238060878016,-0.0003195499735865561
screw,0,7,,3-4,0.002188293651324248,0.0036056216490323294,-0.0014173279977080814
screw,0,7,,5-8,0.0006128487313890522,0.0010953513065890925,-0.00048250257520004026
screw,0,7,,9-16,0.00028864101070401197,0.000560812408147772,-0.00027217139744376007
screw,0,8,midlate,1-2,0.025746824726693086,0.0545318581106877,-0.028785033383994612
screw,0,8,midlate,17+,0.00021014946448292082,0.0004803700468344171,-0.0002702205823514963
screw,0,8,midlate,3-4,0.002133846336530586,0.0032228961599228556,-0.0010890498233922697
screw,0,8,midlate,5-8,0.0005698343393787973,0.000991963407064054,-0.00042212906768525663
screw,0,8,midlate,9-16,0.0002501059936982906,0.0004946786043016708,-0.00024457261060338017
screw,0,9,,1-2,0.031244931029633823,0.060048376594994256,-0.028803445565360433
screw,0,9,,17+,0.00028927157473736026,0.0005664553061574855,-0.0002771837314201253
screw,0,9,,3-4,0.0029007909380092687,0.004075820079534457,-0.0011750291415251884
screw,0,9,,5-8,0.0007719620237455102,0.0012121627968872861,-0.00044020077314177594
screw,0,9,,9-16,0.00034180953567165503,0.0005954721228612973,-0.00025366258718964227
screw,0,10,,1-2,0.04130376978422947,0.07391241945739786,-0.03260864967316839
screw,0,10,,17+,0.00040827453495987504,0.0008583556985729641,-0.0004500811636130891
screw,0,10,,3-4,0.0038890703187212366,0.005366341219744446,-0.0014772709010232093
screw,0,10,,5-8,0.0010455427174940169,0.0016343300931996889,-0.000588787375705672
screw,0,10,,9-16,0.00046013006865788157,0.0008158122636357778,-0.0003556821949778962
screw,0,11,final,1-2,0.036659843440835144,0.07535094964513028,-0.03869110620429514
screw,0,11,final,17+,0.0012730004921899093,0.002191255682912669,-0.0009182551907227598
screw,0,11,final,3-4,0.005541312907496828,0.0072503426818109305,-0.0017090297743141023
screw,0,11,final,5-8,0.0024444502840164236,0.0030841617091915264,-0.0006397114251751029
screw,0,11,final,9-16,0.001567983521695562,0.0020346696391441346,-0.0004666861174485726
screw,2,0,,17+,0.0001648211694492047,0.00013476524514041344,3.005592430879126e-05
screw,2,0,,3-4,0.00022356471146718705,0.00018464313739405356,3.892157407313349e-05
screw,2,0,,5-8,0.00020340775730059602,0.000157229831557022,4.617792574357403e-05
screw,2,0,,9-16,0.00018117671093283307,0.0001342697517202854,4.6906959212547676e-05
screw,2,1,,17+,0.00011560099602244561,0.0002875471202886677,-0.00017194612426622206
screw,2,1,,3-4,0.0019403453645876942,0.002281465999398106,-0.0003411206348104116
screw,2,1,,5-8,0.00017998951911208757,0.0003737879131511489,-0.00019379839403906135
screw,2,1,,9-16,0.00012454852669451793,0.00026335237143292327,-0.00013880384473840534
screw,2,2,early,17+,0.00016230336747453743,0.0005055304161037778,-0.0003432270486292403
screw,2,2,early,3-4,0.005094629424970248,0.006044638234981804,-0.0009500088100115557
screw,2,2,early,5-8,0.0003403233102418237,0.0007584475263584235,-0.00041812421611659985
screw,2,2,early,9-16,0.0001966334204424189,0.00047704276239041166,-0.0002804093419479927
screw,2,3,,17+,0.00017969078937985633,0.0007159834213796085,-0.0005362926319997522
screw,2,3,,3-4,0.012169769384580887,0.014779233371641077,-0.00260946398706019
screw,2,3,,5-8,0.0005751049455573643,0.0012983756630861613,-0.000723270717528797
screw,2,3,,9-16,0.00025269549099642016,0.0007334413129036488,-0.0004807458219072286
screw,2,4,,17+,0.00024702966300984766,0.0008213350914645427,-0.0005743054284546951
screw,2,4,,3-4,0.025242929895968845,0.032164159252865955,-0.00692122935689711
screw,2,4,,5-8,0.001049264388679647,0.0019521541647687423,-0.0009028897760890954
screw,2,4,,9-16,0.0003554845596838341,0.0008830019163895716,-0.0005275173567057375
screw,2,5,mid,17+,0.0003169837582470806,0.0011587448433679163,-0.0008417610851208356
screw,2,5,mid,3-4,0.04332853272656156,0.056096826094837265,-0.012768293368275709
screw,2,5,mid,5-8,0.00252161777500508,0.004223875616348071,-0.001702257841342991
screw,2,5,mid,9-16,0.0005457614075824197,0.0013706906743758901,-0.0008249292667934704
screw,2,6,,17+,0.0005765166196421045,0.0016074258589917085,-0.001030909239349604
screw,2,6,,3-4,0.06042348603569626,0.07717124930415353,-0.016747763268457276
screw,2,6,,5-8,0.0041109236002079145,0.005772927309459187,-0.0016620037092512727
screw,2,6,,9-16,0.0009351109784053197,0.0019115959254647908,-0.0009764849470594711
screw,2,7,,17+,0.0012932911751414257,0.0023115715817674906,-0.001018280406626065
screw,2,7,,3-4,0.08662670683445388,0.11265287547754148,-0.0260261686430876
screw,2,7,,5-8,0.007195254810725132,0.008774909949765266,-0.0015796551390401337
screw,2,7,,9-16,0.0018358466826997972,0.0027573839035437554,-0.0009215372208439582
screw,2,8,midlate,17+,0.0012321882914126424,0.001954751230613485,-0.0007225629392008427
screw,2,8,midlate,3-4,0.07785667095794874,0.0978969333001074,-0.020040262342158666
screw,2,8,midlate,5-8,0.007267284276070998,0.008008767711101629,-0.0007414834350306307
screw,2,8,midlate,9-16,0.0017744380847701875,0.0024746326512620886,-0.000700194566491901
screw,2,9,,17+,0.0018041826760399986,0.002326662078874746,-0.0005224794028347473
screw,2,9,,3-4,0.09612342026249493,0.11180054332379653,-0.015677123061301604
screw,2,9,,5-8,0.01049665027927495,0.01052682424736119,-3.0173968086239303e-05
screw,2,9,,9-16,0.0025907068924006364,0.0030920089548384516,-0.0005013020624378152
screw,2,10,,17+,0.0025979177956777957,0.003341683258277047,-0.0007437654625992514
screw,2,10,,3-4,0.1249245486502428,0.14081773353097712,-0.015893184880734323
screw,2,10,,5-8,0.014467145622536835,0.01434661767440005,0.00012052794813678484
screw,2,10,,9-16,0.003639769947670857,0.004223366628815082,-0.0005835966811442248
screw,2,11,final,17+,0.009401122912449251,0.008386095012723525,0.0010150278997257262
screw,2,11,final,3-4,0.1381124792233175,0.14869587407461132,-0.01058339485129381
screw,2,11,final,5-8,0.02694057326236389,0.021288493714792533,0.005652079547571357
screw,2,11,final,9-16,0.01252920609750508,0.009793623109831588,0.002735582987673492
screw,4,0,,17+,0.0002543262650893436,0.0004330725016274258,-0.00017874623653808222
screw,4,0,,5-8,0.000323754880596831,0.0005013260263058683,-0.00017757114570903724
screw,4,0,,9-16,0.0002808990436813624,0.0004197075605886289,-0.00013880851690726653
screw,4,1,,17+,0.0002116317912027425,0.0009628143795122639,-0.0007511825883095214
screw,4,1,,5-8,0.0011233414647058646,0.0022154106627781792,-0.0010920691980723146
screw,4,1,,9-16,0.00024312414012629728,0.0008855734957030647,-0.0006424493555767675
screw,4,2,early,17+,0.00036758157285769646,0.0015826345025638528,-0.0012150529297061563
screw,4,2,early,5-8,0.0032382707515384783,0.005088859293877668,-0.0018505885423391898
screw,4,2,early,9-16,0.00047753234787950566,0.001511401620669076,-0.0010338692727895702
screw,4,3,,17+,0.0004293663022451765,0.0021212197763847925,-0.0016918534741396161
screw,4,3,,5-8,0.007490873095204393,0.010567210971825544,-0.003076337876621151
screw,4,3,,9-16,0.0006502291078954916,0.00220682851258993,-0.0015565994046944382
screw,4,4,,17+,0.0005715821583107608,0.0022236946927727138,-0.0016521125344619528
screw,4,4,,5-8,0.01599688023489491,0.020721533337118916,-0.004724653102224006
screw,4,4,,9-16,0.0009419744797859187,0.002536790948110422,-0.001594816468324503
screw,4,5,mid,17+,0.0007229076134825003,0.0027643337132028226,-0.002041426099720322
screw,4,5,mid,5-8,0.02958307417101362,0.03688593028569287,-0.007302856114679249
screw,4,5,mid,9-16,0.0015677730043534633,0.0036696625012693773,-0.002101889496915914
screw,4,6,,17+,0.0012448037078498504,0.003423990089989528,-0.0021791863821396776
screw,4,6,,5-8,0.04178295153671195,0.04951494805525797,-0.0077319965185460166
screw,4,6,,9-16,0.002541061115901318,0.004644041952909165,-0.0021029808370078475
screw,4,7,,17+,0.0026750935552449667,0.0047407167013129685,-0.002065623146068002
screw,4,7,,5-8,0.06275691330408162,0.07177037197085516,-0.009013458666773541
screw,4,7,,9-16,0.0046599867701657685,0.006584373642903343,-0.0019243868727375742
screw,4,8,midlate,17+,0.002585909007924799,0.004008846019036128,-0.0014229370111113289
screw,4,8,midlate,5-8,0.05735939348207172,0.0637935426657618,-0.006434149183690084
screw,4,8,midlate,9-16,0.0044984485971044435,0.005931991587048154,-0.0014335429899437107
screw,4,9,,17+,0.0037811668375939177,0.004973998244001501,-0.001192831406407583
screw,4,9,,5-8,0.071628745987319,0.07499775589666267,-0.003369009909343676
screw,4,9,,9-16,0.006570097290554276,0.007702012772666337,-0.001131915482112061
screw,4,10,,17+,0.005985475126993838,0.007216197084484348,-0.0012307219574905102
screw,4,10,,5-8,0.09353346636403446,0.09646036284687239,-0.0029268964828379207
screw,4,10,,9-16,0.009631662631090021,0.010689399721633845,-0.0010577370905438237
screw,4,11,final,17+,0.01973841139022668,0.017208783710471534,0.0025296276797551476
screw,4,11,final,5-8,0.11686909007551391,0.11073441147958103,0.006134678595932877
screw,4,11,final,9-16,0.02734481176748801,0.02222946500591105,0.005115346761576961
screw,8,0,,17+,0.0004247916446318585,0.0017862289012951834,-0.0013614372566633248
screw,8,0,,9-16,0.0004597228075385195,0.0016825588974293513,-0.001222836089890832
screw,8,1,,17+,0.0004474915297263926,0.0038618556130917358,-0.0034143640833653433
screw,8,1,,9-16,0.0009052111689063663,0.004376034931606594,-0.0034708237627002277
screw,8,2,early,17+,0.0007993505227590724,0.006050996059465247,-0.005251645536706175
screw,8,2,early,9-16,0.002419714024444925,0.007969882049746102,-0.005550168025301177
screw,8,3,,17+,0.0010374634381407882,0.007639088849591969,-0.006601625411451181
screw,8,3,,9-16,0.005139517949160502,0.012815850517976221,-0.0076763325688157195
screw,8,4,,17+,0.0014707979625626167,0.007555272208339869,-0.006084474245777252
screw,8,4,,9-16,0.010851196055630157,0.019451017593854997,-0.00859982153822484
screw,8,5,mid,17+,0.0020009479651575323,0.008431631692954368,-0.006430683727796835
screw,8,5,mid,9-16,0.02002988129326723,0.03108636987227997,-0.01105648857901274
screw,8,6,,17+,0.0031561489344215494,0.009092301589774697,-0.005936152655353147
screw,8,6,,9-16,0.028231652185683447,0.0389342641054067,-0.010702611919723253
screw,8,7,,17+,0.0059252291478924975,0.011660285367888613,-0.005735056219996116
screw,8,7,,9-16,0.04379125412314532,0.05461931443473753,-0.01082806031159221
screw,8,8,midlate,17+,0.005646256768593792,0.010142876991210869,-0.004496620222617077
screw,8,8,midlate,9-16,0.03915853239595885,0.049140660111465416,-0.009982127715506564
screw,8,9,,17+,0.00797563655800552,0.013267657475045951,-0.005292020917040431
screw,8,9,,9-16,0.049445616180258466,0.059572842060025076,-0.01012722587976661
screw,8,10,,17+,0.0122852125199948,0.020041960481812466,-0.007756747961817667
screw,8,10,,9-16,0.06378248555223098,0.0783172541965557,-0.014534768644324722
screw,8,11,final,17+,0.03295024612246785,0.040960806040752605,-0.008010559918284754
screw,8,11,final,9-16,0.09010269353578307,0.10255220975001561,-0.012449516214232542
screw,16,0,,17+,0.0007225262613560155,0.006707181170882175,-0.00598465490952616
screw,16,1,,17+,0.0019373699155505815,0.01605451505687522,-0.01411714514132464
screw,16,2,early,17+,0.004841960541877135,0.02743146392505798,-0.022589503383180845
screw,16,3,,17+,0.009117098282033578,0.0348428292296123,-0.025725730947578723
screw,16,4,,17+,0.01717916198396243,0.04570252064939661,-0.02852335866543418
screw,16,5,mid,17+,0.0282343928867011,0.06444737953916847,-0.036212986652467374
screw,16,6,,17+,0.03966526350467997,0.07503900838504846,-0.035373744880368485
screw,16,7,,17+,0.05902499115028603,0.09889489649671364,-0.039869905346427606
screw,16,8,midlate,17+,0.052984488901344245,0.09051105128683606,-0.03752656238549182
screw,16,9,,17+,0.0645024002224734,0.10435234286044899,-0.03984994263797559
screw,16,10,,17+,0.08862482094560309,0.14070470010240868,-0.05207987915680559
screw,16,11,final,17+,0.11836941195734302,0.17913241532238358,-0.06076300336504056
