object,alpha,k,selected_defect,selected_clean,gt_precision
screw,0.001,1,54,64,0.4576271186440678
screw,0.0025,3,160,193,0.45325779036827196
screw,0.005,5,242,342,0.4143835616438356
screw,0.01,10,354,818,0.30204778156996587
screw,0.02,20,437,1905,0.1865926558497011
screw,0.05,51,512,5492,0.08527648234510327
cable,0.001,1,77,12,0.8651685393258427
cable,0.0025,3,229,42,0.8450184501845018
cable,0.005,5,381,68,0.8485523385300668
cable,0.01,10,743,146,0.8357705286839145
cable,0.02,20,1396,383,0.7847105115233277
cable,0.05,51,2882,1635,0.6380340934248395
bottle,0.001,1,59,2,0.9672131147540983
bottle,0.0025,3,181,5,0.9731182795698925
bottle,0.005,5,305,6,0.9807073954983923
bottle,0.01,10,606,15,0.9758454106280193
bottle,0.02,20,1194,45,0.9636803874092009
bottle,0.05,51,2575,550,0.824
macaroni2,0.001,2,81,83,0.49390243902439024
macaroni2,0.0025,4,115,219,0.344311377245509
macaroni2,0.005,8,148,556,0.21022727272727273
macaroni2,0.01,15,166,1218,0.1199421965317919
macaroni2,0.02,31,188,2777,0.06340640809443508
macaroni2,0.05,77,221,7311,0.029341476367498672
pcb2,0.001,1,55,41,0.5729166666666666
pcb2,0.0025,3,162,132,0.5510204081632653
pcb2,0.005,7,311,372,0.45534407027818447
pcb2,0.01,13,440,825,0.34782608695652173
pcb2,0.02,26,596,1936,0.2353870458135861
pcb2,0.05,66,762,5707,0.11779254908022878
chewinggum,0.001,1,82,5,0.9425287356321839
chewinggum,0.0025,3,234,20,0.9212598425196851
chewinggum,0.005,6,438,70,0.8622047244094488
chewinggum,0.01,12,746,256,0.7445109780439122
chewinggum,0.02,24,1148,933,0.5516578567996155
chewinggum,0.05,61,1547,4076,0.2751200426818424
