Category,Seed,Image AUROC,Image AUPR,Pixel AUROC,AU-PRO,Image F1,Pixel F1
bottle,0.0000,0.9857,0.9955,0.9813,0.7180,,
cable,0.0000,0.8439,0.9048,0.9236,0.4592,,
capsule,0.0000,0.7188,0.9064,0.9825,0.7246,,
carpet,0.0000,1.0000,1.0000,0.9900,0.8463,,
grid,0.0000,0.9983,0.9994,0.9879,0.7501,,
hazelnut,0.0000,0.9925,0.9962,0.9945,0.8252,,
leather,0.0000,1.0000,1.0000,0.9877,0.7653,,
metal_nut,0.0000,0.9961,0.9991,0.9823,0.7955,,
pill,0.0000,0.9673,0.9940,0.9766,0.8771,,
screw,0.0000,0.6206,0.8155,0.9302,0.5161,,
tile,0.0000,1.0000,1.0000,0.9136,0.4913,,
toothbrush,0.0000,0.9667,0.9876,0.9913,0.6305,,
transistor,0.0000,0.9304,0.9168,0.9568,0.4541,,
wood,0.0000,0.9895,0.9970,0.9275,0.7781,,
zipper,0.0000,0.9863,0.9964,0.9753,0.7296,,
Average,0.0000,0.9331,0.9673,0.9667,0.6907,,
