heldout,shot,rep,baseline,oracle,raw|bank_only,gen|bank_only,variant
hazelnut,1,0,97.28571428571429,100.0,86.57142857142858,99.78571428571428,bank_only
hazelnut,1,1,99.85714285714286,100.0,83.85714285714285,99.78571428571429,bank_only
hazelnut,1,2,95.78571428571428,100.0,99.14285714285714,99.64285714285714,bank_only
hazelnut,2,0,99.0,100.0,95.92857142857143,98.71428571428572,bank_only
hazelnut,2,1,99.92857142857142,100.0,94.42857142857142,100.0,bank_only
hazelnut,2,2,99.85714285714286,100.0,97.64285714285714,99.5,bank_only
hazelnut,4,0,96.28571428571429,100.0,92.71428571428572,100.0,bank_only
hazelnut,4,1,99.78571428571429,100.0,97.92857142857143,99.92857142857142,bank_only
hazelnut,4,2,98.0,100.0,97.07142857142857,100.0,bank_only
