heldout,shot,rep,baseline,oracle,raw|target_only,gen|target_only,variant
fabric,1,0,49.86531986531987,82.72727272727272,47.205387205387204,52.52525252525253,target_only
fabric,1,1,52.15488215488215,81.51515151515152,58.35016835016834,60.74074074074074,target_only
fabric,1,2,48.888888888888886,81.04377104377105,65.4882154882155,61.14478114478115,target_only
fabric,2,0,62.15488215488216,91.95286195286195,63.63636363636365,56.93602693602693,target_only
fabric,2,1,49.225589225589225,66.8013468013468,67.54208754208754,56.49831649831649,target_only
fabric,2,2,42.42424242424242,90.67340067340068,59.62962962962963,57.37373737373738,target_only
fabric,4,0,55.65656565656566,93.73737373737374,82.5925925925926,67.003367003367,target_only
fabric,4,1,62.323232323232325,96.32996632996634,47.070707070707066,66.73400673400674,target_only
fabric,4,2,71.88552188552188,98.68686868686869,68.48484848484848,71.64983164983164,target_only
