object,shot,seed,aug,n_shot_img,shot_files,sa_img_AUROC,sa_px_AUROC,sa_AUPRO,knn_img_AUROC,knn_px_AUROC,knn_AUPRO
tile,1,0,0,1,028.png,100.0,93.12051250362163,52.5043999036343,99.60317460317461,96.91264241106072,63.94609853680156
tile,1,0,30,1,028.png,99.96392496392497,91.88370614170954,48.10423289180052,99.60317460317461,96.91264241106072,63.94609853680156
tile,1,1,0,1,030.png,99.96392496392497,92.01113306887146,51.87415820218813,99.96392496392497,96.87645627282494,64.01686669404239
tile,1,1,30,1,030.png,100.0,91.43577368116057,46.881579709367685,99.96392496392497,96.87645627282494,64.01686669404239
tile,1,2,0,1,044.png,99.85569985569985,92.76073224716089,54.04773537861237,99.3867243867244,96.64914926822648,62.19419772271739
tile,1,2,30,1,044.png,99.92784992784993,90.10334688118182,45.358352678306886,99.3867243867244,96.64914926822648,62.19419772271739
tile,2,0,0,2,"028.png,007.png",100.0,91.57924567141184,48.97962491399545,99.89177489177489,97.03585727651789,64.44611744926549
tile,2,0,30,2,"028.png,007.png",100.0,91.1313324781493,45.2224400897212,99.89177489177489,97.03585727651789,64.44611744926549
tile,2,1,0,2,"030.png,179.png",100.0,91.75565888681507,50.66567329249976,100.0,97.16710532711666,64.36040449822472
tile,2,1,30,2,"030.png,179.png",100.0,91.0491729132732,44.82804998259593,100.0,97.16710532711666,64.36040449822472
tile,2,2,0,2,"044.png,118.png",100.0,92.1061842750606,51.604821949703265,99.56709956709956,97.03380007265207,62.7000508948945
tile,2,2,30,2,"044.png,118.png",100.0,90.82627545457908,46.44756226639174,99.56709956709956,97.03380007265207,62.7000508948945
tile,4,0,0,4,"028.png,007.png,059.png,138.png",100.0,91.38471953168568,49.16329364689394,99.96392496392497,97.24455046462242,64.44215404830219
tile,4,0,30,4,"028.png,007.png,059.png,138.png",100.0,90.4640473674882,43.66408028060809,99.96392496392497,97.24455046462242,64.44215404830219
tile,4,1,0,4,"030.png,179.png,134.png,061.png",100.0,89.44870342610129,47.09223593471873,100.0,97.21185623621302,63.44907693223223
tile,4,1,30,4,"030.png,179.png,134.png,061.png",99.96392496392497,89.11822982422854,39.591127058716616,100.0,97.21185623621302,63.44907693223223
tile,4,2,0,4,"044.png,118.png,011.png,126.png",100.0,91.63873107586585,50.98894796229968,100.0,97.09473597685022,63.35419300543352
tile,4,2,30,4,"044.png,118.png,011.png,126.png",100.0,90.29301710731403,45.30874748108846,100.0,97.09473597685022,63.35419300543352
tile,8,0,0,8,"028.png,007.png,059.png,138.png,118.png,221.png,009.png,137.png",100.0,91.02566320084836,49.100236048621696,100.0,97.3163824567993,63.923620705096994
tile,8,0,30,8,"028.png,007.png,059.png,138.png,118.png,221.png,009.png,137.png",100.0,90.44393438147789,44.74923028877928,100.0,97.3163824567993,63.923620705096994
tile,8,1,0,8,"030.png,179.png,134.png,061.png,111.png,203.png,146.png,008.png",100.0,89.78527529409004,46.79923765654979,100.0,97.32372683931624,63.75149227272958
tile,8,1,30,8,"030.png,179.png,134.png,061.png,111.png,203.png,146.png,008.png",100.0,89.38421729023315,38.90213385021028,100.0,97.32372683931624,63.75149227272958
tile,8,2,0,8,"044.png,118.png,011.png,126.png,007.png,175.png,170.png,188.png",100.0,90.44073188747409,46.885262659745976,100.0,97.23173788512632,63.829676428006884
tile,8,2,30,8,"044.png,118.png,011.png,126.png,007.png,175.png,170.png,188.png",100.0,90.48673971661941,45.31146804901651,100.0,97.23173788512632,63.829676428006884
transistor,1,0,0,1,152.png,82.54166666666667,94.27415557343186,46.898341066089934,87.0,94.6939192845245,54.80124828734835
transistor,1,0,30,1,152.png,82.54166666666667,94.27415557343186,46.898341066089934,87.0,94.6939192845245,54.80124828734835
transistor,1,1,0,1,106.png,86.83333333333333,90.79427729238758,47.27870036878801,90.75,91.12384461477568,54.17964350108758
transistor,1,1,30,1,106.png,86.83333333333333,90.79427729238758,47.27870036878801,90.75,91.12384461477568,54.17964350108758
transistor,1,2,0,1,201.png,84.66666666666667,94.19690273490141,47.53634414497622,84.08333333333333,94.13358295901077,52.797614323583986
transistor,1,2,30,1,201.png,84.66666666666667,94.19690273490141,47.53634414497622,84.08333333333333,94.13358295901077,52.797614323583986
transistor,2,0,0,2,"152.png,156.png",91.70833333333334,94.95661760947047,47.77011908868692,84.91666666666666,94.77165604056688,54.17126680901884
transistor,2,0,30,2,"152.png,156.png",91.70833333333334,94.95661760947047,47.77011908868692,84.91666666666666,94.77165604056688,54.17126680901884
transistor,2,1,0,2,"106.png,117.png",85.54166666666667,88.96527174813363,43.80976231765442,88.375,90.12117985360784,54.226338665810644
transistor,2,1,30,2,"106.png,117.png",85.54166666666667,88.96527174813363,43.80976231765442,88.375,90.12117985360784,54.226338665810644
transistor,2,2,0,2,"201.png,001.png",86.70833333333333,94.81098169242114,44.45231009349484,85.24999999999999,95.26529124686706,57.815062673215735
transistor,2,2,30,2,"201.png,001.png",86.70833333333333,94.81098169242114,44.45231009349484,85.24999999999999,95.26529124686706,57.815062673215735
transistor,4,0,0,4,"152.png,156.png,012.png,069.png",93.16666666666666,95.728232033283,45.44609507961793,97.04166666666666,95.65878027892644,61.26235658234738
transistor,4,0,30,4,"152.png,156.png,012.png,069.png",93.16666666666666,95.728232033283,45.44609507961793,97.04166666666666,95.65878027892644,61.26235658234738
transistor,4,1,0,4,"106.png,117.png,100.png,151.png",91.70833333333333,93.83642223124127,45.5668409465039,92.41666666666667,93.17334059719971,56.6022861937813
transistor,4,1,30,4,"106.png,117.png,100.png,151.png",91.70833333333333,93.83642223124127,45.5668409465039,92.41666666666667,93.17334059719971,56.6022861937813
transistor,4,2,0,4,"201.png,001.png,157.png,169.png",89.41666666666666,94.97492213614966,43.40672766009135,89.04166666666666,95.57338197754184,59.08688358752077
transistor,4,2,30,4,"201.png,001.png,157.png,169.png",89.41666666666666,94.97492213614966,43.40672766009135,89.04166666666666,95.57338197754184,59.08688358752077
transistor,8,0,0,8,"152.png,156.png,012.png,069.png,026.png,025.png,051.png,196.png",95.33333333333334,95.60109894022717,43.39086457418043,98.83333333333333,95.93825026930368,63.7766351008938
transistor,8,0,30,8,"152.png,156.png,012.png,069.png,026.png,025.png,051.png,196.png",95.33333333333334,95.60109894022717,43.39086457418043,98.83333333333333,95.93825026930368,63.7766351008938
transistor,8,1,0,8,"106.png,117.png,100.png,151.png,048.png,212.png,173.png,093.png",92.125,95.38115557105397,45.68993747566419,94.875,95.42879124294866,63.32171964884261
transistor,8,1,30,8,"106.png,117.png,100.png,151.png,048.png,212.png,173.png,093.png",92.125,95.38115557105397,45.68993747566419,94.875,95.42879124294866,63.32171964884261
transistor,8,2,0,8,"201.png,001.png,157.png,169.png,077.png,172.png,163.png,085.png",93.25,95.774094078525,44.15220924952338,95.04166666666667,96.2234346200946,63.226535916410285
transistor,8,2,30,8,"201.png,001.png,157.png,169.png,077.png,172.png,163.png,085.png",93.25,95.774094078525,44.15220924952338,95.04166666666667,96.2234346200946,63.226535916410285
wood,1,0,0,1,145.png,98.94736842105263,94.36653808919954,74.18801844456134,98.94736842105263,94.73262277947484,81.07064328346209
wood,1,0,30,1,145.png,97.63157894736841,93.04455888238144,73.41840169855202,98.94736842105263,94.73262277947484,81.07064328346209
wood,1,1,0,1,038.png,97.71929824561403,91.84812720715036,76.42100140013206,99.29824561403508,93.79997184318343,81.89186980417674
wood,1,1,30,1,038.png,96.9298245614035,90.586063144965,72.28792098772631,99.29824561403508,93.79997184318343,81.89186980417674
wood,1,2,0,1,050.png,97.10526315789474,92.57489172141898,66.2072744657691,96.75438596491229,94.7743149070927,82.77682628607752
wood,1,2,30,1,050.png,99.38596491228068,95.46302545105532,73.7607837107489,96.75438596491229,94.7743149070927,82.77682628607752
wood,2,0,0,2,"145.png,043.png",98.94736842105263,92.94585247479124,76.86427338959217,99.03508771929825,94.97265552142994,82.6461471693742
wood,2,0,30,2,"145.png,043.png",98.6842105263158,92.81720709386948,76.9533828459079,99.03508771929825,94.97265552142994,82.6461471693742
wood,2,1,0,2,"038.png,155.png",96.3157894736842,92.00316718328652,76.28477194285294,99.12280701754386,94.8415670258212,82.79538494673989
wood,2,1,30,2,"038.png,155.png",98.24561403508771,92.31665774957736,73.27917517247724,99.12280701754386,94.8415670258212,82.79538494673989
wood,2,2,0,2,"050.png,011.png",96.84210526315789,93.64630296956766,69.14530999589587,97.80701754385966,95.9311784015279,83.64638832843454
wood,2,2,30,2,"050.png,011.png",99.47368421052632,94.60135563641276,73.47111646763221,97.80701754385966,95.9311784015279,83.64638832843454
wood,4,0,0,4,"145.png,043.png,045.png,167.png",98.85964912280701,92.76956213293248,77.81632468391614,99.03508771929825,95.46323037836108,83.17187394335774
wood,4,0,30,4,"145.png,043.png,045.png,167.png",98.94736842105263,91.64738572496277,75.85147765417479,99.03508771929825,95.46323037836108,83.17187394335774
wood,4,1,0,4,"038.png,155.png,216.png,166.png",95.52631578947368,93.15172856207907,73.98117505170602,98.68421052631578,95.34558004807798,83.02587415363661
wood,4,1,30,4,"038.png,155.png,216.png,166.png",97.98245614035088,92.57567757639438,74.23112593178512,98.68421052631578,95.34558004807798,83.02587415363661
wood,4,2,0,4,"050.png,011.png,194.png,065.png",96.57894736842105,94.18931139750647,73.02698709554424,98.50877192982456,95.99543332737437,83.03054923735273
wood,4,2,30,4,"050.png,011.png,194.png,065.png",99.12280701754386,94.49758206225584,76.58035357294276,98.50877192982456,95.99543332737437,83.03054923735273
wood,8,0,0,8,"145.png,043.png,045.png,167.png,003.png,087.png,208.png,085.png",98.85964912280703,92.69521781725597,76.09323520901269,98.85964912280701,95.79321902929733,83.09988722558982
wood,8,0,30,8,"145.png,043.png,045.png,167.png,003.png,087.png,208.png,085.png",98.94736842105263,92.2967535394098,76.6962101389167,98.85964912280701,95.79321902929733,83.09988722558982
wood,8,1,0,8,"038.png,155.png,216.png,166.png,048.png,237.png,159.png,081.png",97.01754385964912,92.95682088368076,70.92941143598443,98.94736842105264,95.77700271804605,82.86590980714543
wood,8,1,30,8,"038.png,155.png,216.png,166.png,048.png,237.png,159.png,081.png",98.0701754385965,93.50805026069528,73.56715882383699,98.94736842105264,95.77700271804605,82.86590980714543
wood,8,2,0,8,"050.png,011.png,194.png,065.png,150.png,180.png,107.png,204.png",99.82456140350877,94.63743520593448,73.34830765499571,98.50877192982456,96.27676373558083,82.42043676672796
wood,8,2,30,8,"050.png,011.png,194.png,065.png,150.png,180.png,107.png,204.png",99.47368421052632,94.40078687605735,75.05551705286089,98.50877192982456,96.27676373558083,82.42043676672796
zipper,1,0,0,1,110.png,97.05882352941177,96.48458531667455,67.41554059069983,91.07142857142857,94.18228543519672,63.21662047233847
zipper,1,0,30,1,110.png,89.07563025210085,95.44934771233491,62.511074459966544,91.07142857142857,94.18228543519672,63.21662047233847
zipper,1,1,0,1,068.png,97.71533613445378,97.08670534527351,70.47074848747505,95.69327731092437,94.33728463076702,66.4729971077876
zipper,1,1,30,1,068.png,95.74579831932772,95.79673780515964,65.88329442725768,95.69327731092437,94.33728463076702,66.4729971077876
zipper,1,2,0,1,046.png,99.18592436974791,97.67750541788125,73.77764235160346,97.37394957983193,93.79457995550806,66.81714419033614
zipper,1,2,30,1,046.png,98.21428571428571,97.33085589392982,71.65964649829094,97.37394957983193,93.79457995550806,66.81714419033614
zipper,2,0,0,2,"110.png,043.png",95.85084033613445,97.30726651074795,70.92947832582644,90.78256302521008,94.69591028031712,64.0167495232597
zipper,2,0,30,2,"110.png,043.png",87.36869747899159,96.1090106486431,65.56492726004312,90.78256302521008,94.69591028031712,64.0167495232597
zipper,2,1,0,2,"068.png,019.png",98.45063025210084,97.01513561687209,70.60525036781752,96.90126050420169,94.42438578415778,66.16773602320636
zipper,2,1,30,2,"068.png,019.png",96.875,96.35335302408674,68.21445278362718,96.90126050420169,94.42438578415778,66.16773602320636
zipper,2,2,0,2,"046.png,221.png",97.89915966386556,97.40730457461112,71.83350132282973,97.05882352941177,95.06383796799113,68.0251185082262
zipper,2,2,30,2,"046.png,221.png",97.61029411764706,97.05426412018659,70.09847166825317,97.05882352941177,95.06383796799113,68.0251185082262
zipper,4,0,0,4,"110.png,043.png,086.png,023.png",98.0829831932773,97.574134583496,73.07006822518586,96.42857142857142,95.31153428741936,68.19172827794421
zipper,4,0,30,4,"110.png,043.png,086.png,023.png",97.03256302521008,96.45961850995958,69.0452019964985,96.42857142857142,95.31153428741936,68.19172827794421
zipper,4,1,0,4,"068.png,019.png,062.png,237.png",99.47478991596638,96.9882124261019,70.7060200071546,97.76785714285714,94.9854690628056,67.72101264445692
zipper,4,1,30,4,"068.png,019.png,062.png,237.png",98.26680672268908,96.14045522703996,67.43808320376135,97.76785714285714,94.9854690628056,67.72101264445692
zipper,4,2,0,4,"046.png,221.png,107.png,177.png",98.0829831932773,97.33984542182823,71.75830907635945,98.55567226890756,95.47239008532897,69.33946536561938
zipper,4,2,30,4,"046.png,221.png,107.png,177.png",97.42647058823529,97.19342896221022,70.5541520296429,98.55567226890756,95.47239008532897,69.33946536561938
zipper,8,0,0,8,"110.png,043.png,086.png,023.png,028.png,181.png,212.png,210.png",97.68907563025209,97.58600470139532,72.70296153908232,98.0829831932773,95.80171949938094,70.36079586579066
zipper,8,0,30,8,"110.png,043.png,086.png,023.png,028.png,181.png,212.png,210.png",97.87289915966386,96.54133405596836,68.89900678660267,98.0829831932773,95.80171949938094,70.36079586579066
zipper,8,1,0,8,"068.png,019.png,062.png,237.png,103.png,013.png,147.png,207.png",99.47478991596638,96.964091866861,70.52575601999168,98.97584033613445,95.4527780283788,69.470681393711
zipper,8,1,30,8,"068.png,019.png,062.png,237.png,103.png,013.png,147.png,207.png",99.02836134453781,96.51793961056863,68.37955781059958,98.97584033613445,95.4527780283788,69.470681393711
zipper,8,2,0,8,"046.png,221.png,107.png,177.png,186.png,146.png,239.png,215.png",99.42226890756302,97.60861025921069,72.71236783479068,99.02836134453781,95.96284009680942,70.52687684114869
zipper,8,2,30,8,"046.png,221.png,107.png,177.png,186.png,146.png,239.png,215.png",99.02836134453781,97.40776524955112,71.57038128582111,99.02836134453781,95.96284009680942,70.52687684114869
