heldout,shot,rep,baseline,oracle,raw|identity,gen|identity,variant
walnuts,1,0,76.18518518518519,97.37037037037037,48.96296296296296,48.96296296296296,identity
walnuts,1,1,80.40740740740742,97.4074074074074,61.00000000000001,61.00000000000001,identity
walnuts,1,2,79.18518518518518,94.11111111111111,84.96296296296296,84.96296296296296,identity
walnuts,2,0,69.96296296296298,99.48148148148148,80.62962962962963,80.62962962962963,identity
walnuts,2,1,71.2962962962963,100.0,65.25925925925925,65.25925925925925,identity
walnuts,2,2,75.88888888888889,95.74074074074075,78.25925925925925,78.25925925925925,identity
walnuts,4,0,76.14814814814815,100.0,68.22222222222221,68.22222222222221,identity
walnuts,4,1,83.70370370370371,100.0,78.4074074074074,78.4074074074074,identity
walnuts,4,2,71.18518518518519,100.0,64.4074074074074,64.4074074074074,identity
