object,split,AUROC_Sn,AUROC_Sd,rescue,damage,n_pairs
wallplugs,0,40.7037037037037,81.5925925925926,0.9444097439100562,0.37124658780709735,2700
wallplugs,1,43.333333333333336,77.74074074074073,0.9339869281045752,0.42735042735042733,2700
wallplugs,2,41.22222222222222,82.4074074074074,0.927536231884058,0.32345013477088946,2700
sheet_metal,0,80.83333333333333,88.14814814814815,0.642512077294686,0.061855670103092786,1080
sheet_metal,1,86.01851851851853,86.75925925925925,0.6821192052980133,0.10226049515608181,1080
sheet_metal,2,86.01851851851852,85.64814814814815,0.8013245033112583,0.13455328310010764,1080
vial,0,89.64959568733154,100.0,1.0,0.0,1855
vial,1,91.9676549865229,98.27493261455525,1.0,0.01875732708089097,1855
vial,2,90.24258760107817,100.0,1.0,0.0,1855
can,0,48.672839506172835,57.22222222222222,0.5652435357787132,0.4204185161699429,3240
can,1,57.00617283950618,58.79629629629629,0.5692749461593682,0.3979426096372496,3240
can,2,52.129629629629626,52.71604938271606,0.5377176015473888,0.48253404381290704,3240
