object,split,beta,n_eval_bad,img_AUROC,normal_p99,defect_mean,frac_defect_below_p99,defect_p90
wallplugs,0,0.0,45,40.7037037037037,7.349788427352914,1.9826178550720215,0.9743589743589743,5.033010196685793
wallplugs,0,0.5,45,43.51851851851852,6.96448630332947,3.1874849796295166,0.9444444444444444,6.251538085937502
wallplugs,0,1.0,45,45.888888888888886,6.588833336830142,4.3923516273498535,0.8418803418803419,7.198588418960572
wallplugs,0,1.5,45,49.37037037037037,6.291021289825447,5.597218036651611,0.6709401709401709,8.424934768676758
wallplugs,0,2.0,45,54.925925925925924,6.044783792495738,6.8020853996276855,0.4658119658119658,9.670131015777589
wallplugs,1,0.0,45,43.333333333333336,7.349788427352914,1.6454483270645142,0.9815668202764977,4.576434135437012
wallplugs,1,0.5,45,44.18518518518519,6.511969027519233,2.683889150619507,0.9308755760368663,5.699983024597168
wallplugs,1,1.0,45,44.81481481481481,5.830853910446173,3.722329616546631,0.8341013824884793,6.760396766662598
wallplugs,1,1.5,45,48.48148148148148,5.246202664375309,4.760770320892334,0.7096774193548387,7.6806076049804695
wallplugs,1,2.0,45,54.33333333333334,4.9416515159606975,5.799211025238037,0.423963133640553,8.684623718261719
wallplugs,2,0.0,45,41.22222222222222,7.349788427352914,1.7285836935043335,0.9874476987447699,4.477388095855713
wallplugs,2,0.5,45,44.592592592592595,6.9931509351730465,2.7891194820404053,0.9623430962343096,5.408886528015137
wallplugs,2,1.0,45,46.96296296296297,6.651544556617755,3.8496553897857666,0.9121338912133892,6.359032630920412
wallplugs,2,1.5,45,51.18518518518519,6.414317708015446,4.910191059112549,0.7531380753138075,7.4687255859375
wallplugs,2,2.0,45,55.2962962962963,6.144360232353212,5.970726490020752,0.6108786610878661,8.508262634277344
sheet_metal,0,0.0,45,80.83333333333333,4.982504353523256,8.587553977966309,0.46193109315185027,22.215068817138672
sheet_metal,0,0.5,45,84.81481481481481,5.359772238731389,10.495573043823242,0.35899617184176946,24.329177856445312
sheet_metal,0,1.0,45,85.92592592592592,6.025698843002321,12.403592109680176,0.27222458528285837,26.454784393310547
sheet_metal,0,1.5,45,86.94444444444444,6.852175722122193,14.311613082885742,0.18672905146746066,28.61569595336914
sheet_metal,0,2.0,45,88.05555555555556,7.7546420240402245,16.21963119506836,0.1305827307528711,30.751998901367188
sheet_metal,1,0.0,45,86.01851851851853,4.982504353523256,8.277180671691895,0.46876384581302616,21.301564407348636
sheet_metal,1,0.5,45,89.07407407407408,5.321218414306641,10.076120376586914,0.3699601240584847,23.041719818115237
sheet_metal,1,1.0,45,89.72222222222221,5.941393990516663,11.87506103515625,0.2959680992467878,24.683719635009766
sheet_metal,1,1.5,45,89.53703703703704,6.750400652885438,13.67400074005127,0.22241914045192734,26.570655059814452
sheet_metal,1,2.0,45,88.70370370370371,7.612668294906618,15.472941398620605,0.15595923792645103,28.437907028198243
sheet_metal,2,0.0,45,86.01851851851852,4.982504353523256,8.850720405578613,0.44740024183796856,23.02893829345703
sheet_metal,2,0.5,45,88.79629629629629,5.315926551818848,10.362268447875977,0.3619508262797259,24.726469039916992
sheet_metal,2,1.0,45,88.98148148148148,5.9555549478530905,11.873818397521973,0.29181781539701734,26.44704818725586
sheet_metal,2,1.5,45,90.0925925925926,6.7338468980789195,13.385366439819336,0.22813381700927046,28.260940551757812
sheet_metal,2,2.0,45,90.74074074074075,7.558333554267884,14.896916389465332,0.18863361547763,30.16029167175293
vial,0,0.0,53,89.64959568733154,7.3435329961776326,6.598118782043457,0.6956521739130435,15.332820510864266
vial,0,0.5,53,93.15363881401618,7.900928721427912,8.496172904968262,0.6158755484642999,17.23753280639649
vial,0,1.0,53,94.33962264150944,8.657386627197258,10.39422607421875,0.5005983246908656,19.134970855712893
vial,0,1.5,53,95.79514824797843,9.590475168228144,12.292279243469238,0.38013562026326286,21.032408142089846
vial,0,2.0,53,97.1967654986523,10.651415042877181,14.190332412719727,0.24650977263661747,22.921737289428712
vial,1,0.0,53,91.9676549865229,7.3435329961776326,7.323328495025635,0.6600923206042804,17.143268203735353
vial,1,0.5,53,95.14824797843666,7.913000516891478,9.230273246765137,0.5795216114141838,18.92915573120117
vial,1,1.0,53,96.44204851752022,8.666411123275752,11.13721752166748,0.46621905161561056,20.767649841308597
vial,1,1.5,53,97.41239892183287,9.685707426071092,13.044161796569824,0.3487201007133865,22.664206695556647
vial,1,2.0,53,98.27493261455525,10.70684726715084,14.951105117797852,0.2131766680654637,24.46826057434083
vial,2,0.0,53,90.24258760107817,7.3435329961776326,6.335454940795898,0.7203723594701038,14.262045478820806
vial,2,0.5,53,93.58490566037736,7.953409037590016,8.315929412841797,0.6348012889366272,16.214652633666997
vial,2,1.0,53,95.04043126684635,8.786571722030635,10.296402931213379,0.5155746509129968,18.070005416870117
vial,2,1.5,53,96.92722371967655,9.847441644668576,12.276875495910645,0.3920515574650913,20.085136413574226
vial,2,2.0,53,98.6522911051213,10.988987846374497,14.25735092163086,0.24597207303974222,22.02457962036133
can,0,0.0,45,48.672839506172835,7.0630271434783936,3.423820734024048,0.8275862068965517,12.191844940185547
can,0,0.5,45,48.672839506172835,7.592146515846252,5.473083019256592,0.8275862068965517,14.251343917846679
can,0,1.0,45,49.4753086419753,8.323405742645264,7.522344589233398,0.7931034482758621,16.310843658447265
can,0,1.5,45,50.308641975308646,9.31449842453003,9.571606636047363,0.7586206896551724,18.37034378051758
can,0,2.0,45,50.92592592592593,10.402083396911621,11.620868682861328,0.4827586206896552,20.429841995239258
can,1,0.0,45,57.00617283950618,7.0630271434783936,3.5626773834228516,0.7916666666666666,12.127999782562256
can,1,0.5,45,56.63580246913581,7.580813050270081,5.5800395011901855,0.7916666666666666,14.192863082885742
can,1,1.0,45,55.833333333333336,8.294012069702148,7.597402095794678,0.75,16.257725715637207
can,1,1.5,45,55.67901234567901,9.198718786239624,9.614764213562012,0.625,18.322589683532716
can,1,2.0,45,56.172839506172835,10.228760719299316,11.632125854492188,0.5,20.38745365142822
can,2,0.0,45,52.129629629629626,7.0630271434783936,2.592162847518921,0.8461538461538461,8.642050743103027
can,2,0.5,45,52.00617283950617,7.593929052352905,4.642958164215088,0.8461538461538461,10.597568035125732
can,2,1.0,45,52.06790123456789,8.350927352905273,6.693753719329834,0.8076923076923077,12.553085803985596
can,2,1.5,45,52.22222222222223,9.349845170974731,8.744548797607422,0.7692307692307693,14.508602619171143
can,2,2.0,45,52.31481481481482,10.459376096725464,10.795342445373535,0.6538461538461539,16.464120864868164
