object,split,fusion,img_AUROC
wallplugs,0,raw,70.22222222222221
wallplugs,0,mad,45.888888888888886
wallplugs,0,cdf,61.40740740740741
wallplugs,1,raw,88.25925925925927
wallplugs,1,mad,44.81481481481481
wallplugs,1,cdf,62.111111111111114
wallplugs,2,raw,72.44444444444444
wallplugs,2,mad,46.96296296296297
wallplugs,2,cdf,64.40740740740742
sheet_metal,0,raw,90.74074074074075
sheet_metal,0,mad,85.92592592592592
sheet_metal,0,cdf,80.0
sheet_metal,1,raw,90.0
sheet_metal,1,mad,89.72222222222221
sheet_metal,1,cdf,80.55555555555554
sheet_metal,2,raw,93.24074074074073
sheet_metal,2,mad,88.98148148148148
sheet_metal,2,cdf,81.2962962962963
vial,0,raw,99.94609164420484
vial,0,mad,94.33962264150944
vial,0,cdf,99.46091644204851
vial,1,raw,100.0
vial,1,mad,96.44204851752022
vial,1,cdf,99.62264150943396
vial,2,raw,100.0
vial,2,mad,95.04043126684635
vial,2,cdf,100.0
can,0,raw,57.71604938271605
can,0,mad,49.4753086419753
can,0,cdf,48.33333333333334
can,1,raw,55.709876543209866
can,1,mad,55.833333333333336
can,1,cdf,50.061728395061735
can,2,raw,57.03703703703704
can,2,mad,52.06790123456789
can,2,cdf,50.370370370370374
