heldout,shot,rep,baseline,oracle,raw|interaction,gen|interaction,variant
fruit_jelly,1,0,87.0,100.0,77.0,83.33333333333333,interaction
fruit_jelly,1,1,91.16666666666666,95.33333333333334,68.83333333333333,77.5,interaction
fruit_jelly,1,2,87.16666666666667,94.33333333333334,74.66666666666667,79.83333333333333,interaction
fruit_jelly,2,0,75.16666666666666,89.0,66.66666666666666,73.83333333333333,interaction
fruit_jelly,2,1,78.83333333333333,95.66666666666667,71.83333333333333,67.16666666666666,interaction
fruit_jelly,2,2,84.16666666666666,95.0,81.83333333333334,78.33333333333334,interaction
fruit_jelly,4,0,84.33333333333334,83.33333333333333,76.33333333333333,80.0,interaction
fruit_jelly,4,1,71.16666666666667,95.16666666666667,63.5,71.5,interaction
fruit_jelly,4,2,72.16666666666667,97.33333333333334,73.0,74.83333333333333,interaction
