object,split,class,N,n_used,draw,img_AUROC
wallplugs,0,can,200,54,0,43.74074074074073
wallplugs,0,can,200,54,1,43.74074074074073
wallplugs,0,can,200,54,2,43.74074074074073
wallplugs,0,can,500,54,0,43.74074074074073
wallplugs,0,can,500,54,1,43.74074074074073
wallplugs,0,can,500,54,2,43.74074074074073
wallplugs,0,can,1000,54,0,43.74074074074073
wallplugs,0,can,1000,54,1,43.74074074074073
wallplugs,0,can,1000,54,2,43.74074074074073
wallplugs,0,fabric,200,200,0,59.370370370370374
wallplugs,0,fabric,200,200,1,63.77777777777778
wallplugs,0,fabric,200,200,2,59.77777777777777
wallplugs,0,fabric,500,500,0,61.888888888888886
wallplugs,0,fabric,500,500,1,58.592592592592595
wallplugs,0,fabric,500,500,2,62.629629629629626
wallplugs,0,fabric,1000,1000,0,61.07407407407407
wallplugs,0,fabric,1000,1000,1,61.444444444444436
wallplugs,0,fabric,1000,1000,2,61.22222222222222
wallplugs,0,fruit_jelly,200,200,0,36.03703703703704
wallplugs,0,fruit_jelly,200,200,1,38.407407407407405
wallplugs,0,fruit_jelly,200,200,2,38.25925925925926
wallplugs,0,fruit_jelly,500,500,0,38.51851851851852
wallplugs,0,fruit_jelly,500,500,1,36.81481481481481
wallplugs,0,fruit_jelly,500,500,2,38.111111111111114
wallplugs,0,fruit_jelly,1000,1000,0,37.70370370370371
wallplugs,0,fruit_jelly,1000,1000,1,40.333333333333336
wallplugs,0,fruit_jelly,1000,1000,2,37.74074074074074
wallplugs,0,rice,200,200,0,59.66666666666666
wallplugs,0,rice,200,200,1,52.703703703703695
wallplugs,0,rice,200,200,2,51.37037037037037
wallplugs,0,rice,500,500,0,50.59259259259259
wallplugs,0,rice,500,500,1,50.66666666666666
wallplugs,0,rice,500,500,2,51.185185185185176
wallplugs,0,rice,1000,564,0,50.59259259259259
wallplugs,0,rice,1000,564,1,50.59259259259259
wallplugs,0,rice,1000,564,2,50.59259259259259
wallplugs,0,sheet_metal,200,200,0,27.96296296296297
wallplugs,0,sheet_metal,200,200,1,44.03703703703704
wallplugs,0,sheet_metal,200,200,2,28.333333333333332
wallplugs,0,sheet_metal,500,500,0,30.296296296296298
wallplugs,0,sheet_metal,500,500,1,28.51851851851852
wallplugs,0,sheet_metal,500,500,2,29.888888888888886
wallplugs,0,sheet_metal,1000,1000,0,28.814814814814817
wallplugs,0,sheet_metal,1000,1000,1,29.74074074074074
wallplugs,0,sheet_metal,1000,1000,2,29.185185185185187
wallplugs,0,vial,200,200,0,37.0
wallplugs,0,vial,200,200,1,37.85185185185185
wallplugs,0,vial,200,200,2,39.62962962962963
wallplugs,0,vial,500,500,0,38.222222222222214
wallplugs,0,vial,500,500,1,39.111111111111114
wallplugs,0,vial,500,500,2,39.48148148148148
wallplugs,0,vial,1000,1000,0,40.0
wallplugs,0,vial,1000,1000,1,38.44444444444444
wallplugs,0,vial,1000,1000,2,39.55555555555556
wallplugs,0,walnuts,200,200,0,52.444444444444436
wallplugs,0,walnuts,200,200,1,48.92592592592593
wallplugs,0,walnuts,200,200,2,55.29629629629629
wallplugs,0,walnuts,500,500,0,60.74074074074074
wallplugs,0,walnuts,500,500,1,50.14814814814815
wallplugs,0,walnuts,500,500,2,52.85185185185185
wallplugs,0,walnuts,1000,1000,0,57.925925925925924
wallplugs,0,walnuts,1000,1000,1,57.81481481481481
wallplugs,0,walnuts,1000,1000,2,58.333333333333336
wallplugs,1,can,200,54,0,45.88888888888889
wallplugs,1,can,200,54,1,45.88888888888889
wallplugs,1,can,200,54,2,45.88888888888889
wallplugs,1,can,500,54,0,45.88888888888889
wallplugs,1,can,500,54,1,45.88888888888889
wallplugs,1,can,500,54,2,45.88888888888889
wallplugs,1,can,1000,54,0,45.88888888888889
wallplugs,1,can,1000,54,1,45.88888888888889
wallplugs,1,can,1000,54,2,45.88888888888889
wallplugs,1,fabric,200,200,0,63.703703703703695
wallplugs,1,fabric,200,200,1,56.592592592592595
wallplugs,1,fabric,200,200,2,63.62962962962963
wallplugs,1,fabric,500,500,0,66.66666666666666
wallplugs,1,fabric,500,500,1,64.44444444444444
wallplugs,1,fabric,500,500,2,64.14814814814815
wallplugs,1,fabric,1000,1000,0,64.51851851851852
wallplugs,1,fabric,1000,1000,1,66.22222222222221
wallplugs,1,fabric,1000,1000,2,64.99999999999999
wallplugs,1,fruit_jelly,200,200,0,39.03703703703704
wallplugs,1,fruit_jelly,200,200,1,37.0
wallplugs,1,fruit_jelly,200,200,2,41.074074074074076
wallplugs,1,fruit_jelly,500,500,0,37.29629629629629
wallplugs,1,fruit_jelly,500,500,1,40.55555555555555
wallplugs,1,fruit_jelly,500,500,2,39.55555555555556
wallplugs,1,fruit_jelly,1000,1000,0,39.55555555555556
wallplugs,1,fruit_jelly,1000,1000,1,39.0
wallplugs,1,fruit_jelly,1000,1000,2,40.25925925925925
wallplugs,1,rice,200,200,0,56.925925925925924
wallplugs,1,rice,200,200,1,52.11111111111111
wallplugs,1,rice,200,200,2,57.7037037037037
wallplugs,1,rice,500,500,0,57.48148148148149
wallplugs,1,rice,500,500,1,57.111111111111114
wallplugs,1,rice,500,500,2,57.925925925925924
wallplugs,1,rice,1000,564,0,57.03703703703703
wallplugs,1,rice,1000,564,1,57.03703703703703
wallplugs,1,rice,1000,564,2,57.03703703703703
wallplugs,1,sheet_metal,200,200,0,32.148148148148145
wallplugs,1,sheet_metal,200,200,1,30.96296296296296
wallplugs,1,sheet_metal,200,200,2,31.444444444444446
wallplugs,1,sheet_metal,500,500,0,29.518518518518515
wallplugs,1,sheet_metal,500,500,1,31.074074074074076
wallplugs,1,sheet_metal,500,500,2,30.296296296296294
wallplugs,1,sheet_metal,1000,1000,0,30.518518518518523
wallplugs,1,sheet_metal,1000,1000,1,30.444444444444446
wallplugs,1,sheet_metal,1000,1000,2,30.66666666666667
wallplugs,1,vial,200,200,0,43.7037037037037
wallplugs,1,vial,200,200,1,38.59259259259259
wallplugs,1,vial,200,200,2,39.629629629629626
wallplugs,1,vial,500,500,0,37.33333333333333
wallplugs,1,vial,500,500,1,35.25925925925926
wallplugs,1,vial,500,500,2,39.925925925925924
wallplugs,1,vial,1000,1000,0,40.70370370370371
wallplugs,1,vial,1000,1000,1,42.888888888888886
wallplugs,1,vial,1000,1000,2,43.111111111111114
wallplugs,1,walnuts,200,200,0,47.25925925925926
wallplugs,1,walnuts,200,200,1,58.55555555555556
wallplugs,1,walnuts,200,200,2,45.666666666666664
wallplugs,1,walnuts,500,500,0,62.92592592592592
wallplugs,1,walnuts,500,500,1,50.11111111111111
wallplugs,1,walnuts,500,500,2,59.37037037037036
wallplugs,1,walnuts,1000,1000,0,58.296296296296305
wallplugs,1,walnuts,1000,1000,1,59.25925925925925
wallplugs,1,walnuts,1000,1000,2,64.18518518518519
wallplugs,2,can,200,54,0,47.07407407407407
wallplugs,2,can,200,54,1,47.07407407407407
wallplugs,2,can,200,54,2,47.07407407407407
wallplugs,2,can,500,54,0,47.07407407407407
wallplugs,2,can,500,54,1,47.07407407407407
wallplugs,2,can,500,54,2,47.07407407407407
wallplugs,2,can,1000,54,0,47.07407407407407
wallplugs,2,can,1000,54,1,47.07407407407407
wallplugs,2,can,1000,54,2,47.07407407407407
wallplugs,2,fabric,200,200,0,58.518518518518526
wallplugs,2,fabric,200,200,1,59.4074074074074
wallplugs,2,fabric,200,200,2,52.2962962962963
wallplugs,2,fabric,500,500,0,63.92592592592592
wallplugs,2,fabric,500,500,1,61.629629629629626
wallplugs,2,fabric,500,500,2,64.4074074074074
wallplugs,2,fabric,1000,1000,0,61.44444444444444
wallplugs,2,fabric,1000,1000,1,62.44444444444445
wallplugs,2,fabric,1000,1000,2,62.81481481481481
wallplugs,2,fruit_jelly,200,200,0,35.703703703703695
wallplugs,2,fruit_jelly,200,200,1,41.666666666666664
wallplugs,2,fruit_jelly,200,200,2,39.33333333333333
wallplugs,2,fruit_jelly,500,500,0,38.629629629629626
wallplugs,2,fruit_jelly,500,500,1,40.59259259259259
wallplugs,2,fruit_jelly,500,500,2,36.81481481481481
wallplugs,2,fruit_jelly,1000,1000,0,37.48148148148148
wallplugs,2,fruit_jelly,1000,1000,1,40.074074074074076
wallplugs,2,fruit_jelly,1000,1000,2,38.074074074074076
wallplugs,2,rice,200,200,0,53.40740740740741
wallplugs,2,rice,200,200,1,45.96296296296296
wallplugs,2,rice,200,200,2,51.40740740740741
wallplugs,2,rice,500,500,0,50.629629629629626
wallplugs,2,rice,500,500,1,50.44444444444445
wallplugs,2,rice,500,500,2,51.37037037037038
wallplugs,2,rice,1000,564,0,50.40740740740741
wallplugs,2,rice,1000,564,1,50.40740740740741
wallplugs,2,rice,1000,564,2,50.40740740740741
wallplugs,2,sheet_metal,200,200,0,33.77777777777778
wallplugs,2,sheet_metal,200,200,1,43.77777777777778
wallplugs,2,sheet_metal,200,200,2,31.407407407407405
wallplugs,2,sheet_metal,500,500,0,33.333333333333336
wallplugs,2,sheet_metal,500,500,1,34.7037037037037
wallplugs,2,sheet_metal,500,500,2,35.92592592592593
wallplugs,2,sheet_metal,1000,1000,0,34.11111111111111
wallplugs,2,sheet_metal,1000,1000,1,34.59259259259259
wallplugs,2,sheet_metal,1000,1000,2,34.074074074074076
wallplugs,2,vial,200,200,0,41.25925925925926
wallplugs,2,vial,200,200,1,40.444444444444436
wallplugs,2,vial,200,200,2,38.851851851851855
wallplugs,2,vial,500,500,0,35.92592592592593
wallplugs,2,vial,500,500,1,34.333333333333336
wallplugs,2,vial,500,500,2,41.03703703703704
wallplugs,2,vial,1000,1000,0,35.51851851851852
wallplugs,2,vial,1000,1000,1,43.111111111111114
wallplugs,2,vial,1000,1000,2,37.851851851851855
wallplugs,2,walnuts,200,200,0,60.66666666666667
wallplugs,2,walnuts,200,200,1,62.629629629629626
wallplugs,2,walnuts,200,200,2,38.18518518518519
wallplugs,2,walnuts,500,500,0,61.962962962962955
wallplugs,2,walnuts,500,500,1,59.518518518518526
wallplugs,2,walnuts,500,500,2,61.18518518518519
wallplugs,2,walnuts,1000,1000,0,60.851851851851855
wallplugs,2,walnuts,1000,1000,1,59.333333333333336
wallplugs,2,walnuts,1000,1000,2,60.18518518518518
vial,0,can,200,54,0,80.26954177897574
vial,0,can,200,54,1,80.26954177897574
vial,0,can,200,54,2,80.26954177897574
vial,0,can,500,54,0,80.26954177897574
vial,0,can,500,54,1,80.26954177897574
vial,0,can,500,54,2,80.26954177897574
vial,0,can,1000,54,0,80.26954177897574
vial,0,can,1000,54,1,80.26954177897574
vial,0,can,1000,54,2,80.26954177897574
vial,0,fabric,200,200,0,62.21024258760109
vial,0,fabric,200,200,1,57.73584905660378
vial,0,fabric,200,200,2,57.68194070080862
vial,0,fabric,500,500,0,57.95148247978437
vial,0,fabric,500,500,1,57.897574123989216
vial,0,fabric,500,500,2,56.81940700808625
vial,0,fabric,1000,1000,0,58.43665768194071
vial,0,fabric,1000,1000,1,58.54447439353101
vial,0,fabric,1000,1000,2,58.11320754716982
vial,0,fruit_jelly,200,200,0,75.84905660377358
vial,0,fruit_jelly,200,200,1,73.9622641509434
vial,0,fruit_jelly,200,200,2,77.84366576819409
vial,0,fruit_jelly,500,500,0,70.29649595687331
vial,0,fruit_jelly,500,500,1,78.544474393531
vial,0,fruit_jelly,500,500,2,74.60916442048517
vial,0,fruit_jelly,1000,1000,0,75.04043126684635
vial,0,fruit_jelly,1000,1000,1,74.39353099730457
vial,0,fruit_jelly,1000,1000,2,75.3099730458221
vial,0,rice,200,200,0,84.7978436657682
vial,0,rice,200,200,1,72.29110512129381
vial,0,rice,200,200,2,71.59029649595688
vial,0,rice,500,500,0,74.50134770889488
vial,0,rice,500,500,1,75.14824797843666
vial,0,rice,500,500,2,73.7466307277628
vial,0,rice,1000,564,0,74.55525606469003
vial,0,rice,1000,564,1,74.55525606469003
vial,0,rice,1000,564,2,74.55525606469003
vial,0,sheet_metal,200,200,0,64.85175202156334
vial,0,sheet_metal,200,200,1,65.98382749326146
vial,0,sheet_metal,200,200,2,64.90566037735849
vial,0,sheet_metal,500,500,0,64.52830188679245
vial,0,sheet_metal,500,500,1,65.06738544474393
vial,0,sheet_metal,500,500,2,63.34231805929919
vial,0,sheet_metal,1000,1000,0,64.95956873315365
vial,0,sheet_metal,1000,1000,1,64.90566037735849
vial,0,sheet_metal,1000,1000,2,64.42048517520216
vial,0,wallplugs,200,200,0,65.44474393530997
vial,0,wallplugs,200,200,1,67.00808625336927
vial,0,wallplugs,200,200,2,75.41778975741241
vial,0,wallplugs,500,500,0,67.11590296495957
vial,0,wallplugs,500,500,1,67.49326145552561
vial,0,wallplugs,500,500,2,67.65498652291106
vial,0,wallplugs,1000,528,0,67.11590296495957
vial,0,wallplugs,1000,528,1,67.11590296495957
vial,0,wallplugs,1000,528,2,67.11590296495957
vial,0,walnuts,200,200,0,71.80592991913747
vial,0,walnuts,200,200,1,74.0700808625337
vial,0,walnuts,200,200,2,71.48247978436657
vial,0,walnuts,500,500,0,73.36927223719677
vial,0,walnuts,500,500,1,72.88409703504043
vial,0,walnuts,500,500,2,73.47708894878707
vial,0,walnuts,1000,1000,0,73.6388140161725
vial,0,walnuts,1000,1000,1,74.12398921832883
vial,0,walnuts,1000,1000,2,72.56064690026956
vial,1,can,200,54,0,84.85175202156334
vial,1,can,200,54,1,84.85175202156334
vial,1,can,200,54,2,84.85175202156334
vial,1,can,500,54,0,84.85175202156334
vial,1,can,500,54,1,84.85175202156334
vial,1,can,500,54,2,84.85175202156334
vial,1,can,1000,54,0,84.85175202156334
vial,1,can,1000,54,1,84.85175202156334
vial,1,can,1000,54,2,84.85175202156334
vial,1,fabric,200,200,0,69.32614555256065
vial,1,fabric,200,200,1,67.16981132075472
vial,1,fabric,200,200,2,66.19946091644205
vial,1,fabric,500,500,0,66.3611859838275
vial,1,fabric,500,500,1,67.16981132075472
vial,1,fabric,500,500,2,67.43935309973045
vial,1,fabric,1000,1000,0,67.87061994609164
vial,1,fabric,1000,1000,1,67.60107816711592
vial,1,fabric,1000,1000,2,67.38544474393531
vial,1,fruit_jelly,200,200,0,75.41778975741241
vial,1,fruit_jelly,200,200,1,82.47978436657681
vial,1,fruit_jelly,200,200,2,78.16711590296497
vial,1,fruit_jelly,500,500,0,76.60377358490567
vial,1,fruit_jelly,500,500,1,76.65768194070081
vial,1,fruit_jelly,500,500,2,75.63342318059298
vial,1,fruit_jelly,1000,1000,0,75.09433962264151
vial,1,fruit_jelly,1000,1000,1,74.60916442048517
vial,1,fruit_jelly,1000,1000,2,74.93261455525607
vial,1,rice,200,200,0,75.57951482479784
vial,1,rice,200,200,1,79.8921832884097
vial,1,rice,200,200,2,74.77088948787063
vial,1,rice,500,500,0,77.41239892183287
vial,1,rice,500,500,1,78.27493261455525
vial,1,rice,500,500,2,78.49056603773586
vial,1,rice,1000,564,0,78.00539083557952
vial,1,rice,1000,564,1,78.00539083557952
vial,1,rice,1000,564,2,78.00539083557952
vial,1,sheet_metal,200,200,0,60.26954177897574
vial,1,sheet_metal,200,200,1,66.57681940700809
vial,1,sheet_metal,200,200,2,63.288409703504044
vial,1,sheet_metal,500,500,0,64.95956873315365
vial,1,sheet_metal,500,500,1,64.74393530997304
vial,1,sheet_metal,500,500,2,64.5822102425876
vial,1,sheet_metal,1000,1000,0,65.55256064690028
vial,1,sheet_metal,1000,1000,1,65.28301886792454
vial,1,sheet_metal,1000,1000,2,65.39083557951483
vial,1,wallplugs,200,200,0,65.60646900269542
vial,1,wallplugs,200,200,1,64.63611859838275
vial,1,wallplugs,200,200,2,64.63611859838275
vial,1,wallplugs,500,500,0,65.49865229110512
vial,1,wallplugs,500,500,1,65.22911051212938
vial,1,wallplugs,500,500,2,64.63611859838274
vial,1,wallplugs,1000,528,0,65.22911051212938
vial,1,wallplugs,1000,528,1,65.22911051212938
vial,1,wallplugs,1000,528,2,65.22911051212938
vial,1,walnuts,200,200,0,74.93261455525607
vial,1,walnuts,200,200,1,75.25606469002696
vial,1,walnuts,200,200,2,76.98113207547169
vial,1,walnuts,500,500,0,78.00539083557952
vial,1,walnuts,500,500,1,79.29919137466308
vial,1,walnuts,500,500,2,78.11320754716982
vial,1,walnuts,1000,1000,0,77.57412398921834
vial,1,walnuts,1000,1000,1,77.1967654986523
vial,1,walnuts,1000,1000,2,77.19676549865228
vial,2,can,200,54,0,84.31266846361186
vial,2,can,200,54,1,84.31266846361186
vial,2,can,200,54,2,84.31266846361186
vial,2,can,500,54,0,84.31266846361186
vial,2,can,500,54,1,84.31266846361186
vial,2,can,500,54,2,84.31266846361186
vial,2,can,1000,54,0,84.31266846361186
vial,2,can,1000,54,1,84.31266846361186
vial,2,can,1000,54,2,84.31266846361186
vial,2,fabric,200,200,0,63.18059299191374
vial,2,fabric,200,200,1,68.67924528301887
vial,2,fabric,200,200,2,60.97035040431267
vial,2,fabric,500,500,0,62.58760107816711
vial,2,fabric,500,500,1,62.74932614555255
vial,2,fabric,500,500,2,64.90566037735849
vial,2,fabric,1000,1000,0,62.37196765498653
vial,2,fabric,1000,1000,1,62.695417789757414
vial,2,fabric,1000,1000,2,63.342318059299195
vial,2,fruit_jelly,200,200,0,76.54986522911051
vial,2,fruit_jelly,200,200,1,80.26954177897574
vial,2,fruit_jelly,200,200,2,76.8733153638814
vial,2,fruit_jelly,500,500,0,76.76549865229111
vial,2,fruit_jelly,500,500,1,75.95687331536388
vial,2,fruit_jelly,500,500,2,77.52021563342318
vial,2,fruit_jelly,1000,1000,0,76.87331536388142
vial,2,fruit_jelly,1000,1000,1,76.76549865229111
vial,2,fruit_jelly,1000,1000,2,76.38814016172506
vial,2,rice,200,200,0,78.27493261455525
vial,2,rice,200,200,1,76.76549865229111
vial,2,rice,200,200,2,77.46630727762803
vial,2,rice,500,500,0,76.17250673854447
vial,2,rice,500,500,1,75.84905660377359
vial,2,rice,500,500,2,76.06469002695417
vial,2,rice,1000,564,0,76.22641509433961
vial,2,rice,1000,564,1,76.22641509433961
vial,2,rice,1000,564,2,76.22641509433961
vial,2,sheet_metal,200,200,0,70.88948787061994
vial,2,sheet_metal,200,200,1,63.39622641509435
vial,2,sheet_metal,200,200,2,67.33153638814015
vial,2,sheet_metal,500,500,0,67.4932614555256
vial,2,sheet_metal,500,500,1,70.13477088948787
vial,2,sheet_metal,500,500,2,69.5956873315364
vial,2,sheet_metal,1000,1000,0,67.7088948787062
vial,2,sheet_metal,1000,1000,1,69.32614555256066
vial,2,sheet_metal,1000,1000,2,69.38005390835579
vial,2,wallplugs,200,200,0,64.2587601078167
vial,2,wallplugs,200,200,1,78.54447439353099
vial,2,wallplugs,200,200,2,78.05929919137466
vial,2,wallplugs,500,500,0,66.3611859838275
vial,2,wallplugs,500,500,1,66.19946091644205
vial,2,wallplugs,500,500,2,66.0377358490566
vial,2,wallplugs,1000,528,0,66.1455525606469
vial,2,wallplugs,1000,528,1,66.1455525606469
vial,2,wallplugs,1000,528,2,66.1455525606469
vial,2,walnuts,200,200,0,70.29649595687331
vial,2,walnuts,200,200,1,74.71698113207547
vial,2,walnuts,200,200,2,73.69272237196766
vial,2,walnuts,500,500,0,74.28571428571429
vial,2,walnuts,500,500,1,73.15363881401618
vial,2,walnuts,500,500,2,73.20754716981132
vial,2,walnuts,1000,1000,0,70.29649595687333
vial,2,walnuts,1000,1000,1,70.94339622641509
vial,2,walnuts,1000,1000,2,75.2021563342318
sheet_metal,0,can,200,54,0,79.72222222222221
sheet_metal,0,can,200,54,1,79.72222222222221
sheet_metal,0,can,200,54,2,79.72222222222221
sheet_metal,0,can,500,54,0,79.72222222222221
sheet_metal,0,can,500,54,1,79.72222222222221
sheet_metal,0,can,500,54,2,79.72222222222221
sheet_metal,0,can,1000,54,0,79.72222222222221
sheet_metal,0,can,1000,54,1,79.72222222222221
sheet_metal,0,can,1000,54,2,79.72222222222221
sheet_metal,0,fabric,200,200,0,76.11111111111111
sheet_metal,0,fabric,200,200,1,71.4814814814815
sheet_metal,0,fabric,200,200,2,74.07407407407408
sheet_metal,0,fabric,500,500,0,77.12962962962962
sheet_metal,0,fabric,500,500,1,73.24074074074073
sheet_metal,0,fabric,500,500,2,78.79629629629629
sheet_metal,0,fabric,1000,1000,0,75.27777777777777
sheet_metal,0,fabric,1000,1000,1,75.64814814814814
sheet_metal,0,fabric,1000,1000,2,77.6851851851852
sheet_metal,0,fruit_jelly,200,200,0,84.35185185185185
sheet_metal,0,fruit_jelly,200,200,1,82.12962962962963
sheet_metal,0,fruit_jelly,200,200,2,85.18518518518519
sheet_metal,0,fruit_jelly,500,500,0,85.0
sheet_metal,0,fruit_jelly,500,500,1,80.27777777777777
sheet_metal,0,fruit_jelly,500,500,2,80.18518518518519
sheet_metal,0,fruit_jelly,1000,1000,0,83.14814814814814
sheet_metal,0,fruit_jelly,1000,1000,1,81.20370370370371
sheet_metal,0,fruit_jelly,1000,1000,2,81.38888888888889
sheet_metal,0,rice,200,200,0,76.29629629629629
sheet_metal,0,rice,200,200,1,76.3888888888889
sheet_metal,0,rice,200,200,2,73.88888888888889
sheet_metal,0,rice,500,500,0,78.33333333333333
sheet_metal,0,rice,500,500,1,78.05555555555556
sheet_metal,0,rice,500,500,2,77.5
sheet_metal,0,rice,1000,564,0,78.33333333333333
sheet_metal,0,rice,1000,564,1,78.33333333333333
sheet_metal,0,rice,1000,564,2,78.33333333333333
sheet_metal,0,vial,200,200,0,81.75925925925925
sheet_metal,0,vial,200,200,1,78.70370370370371
sheet_metal,0,vial,200,200,2,78.51851851851852
sheet_metal,0,vial,500,500,0,78.7962962962963
sheet_metal,0,vial,500,500,1,82.5925925925926
sheet_metal,0,vial,500,500,2,80.27777777777777
sheet_metal,0,vial,1000,1000,0,79.25925925925927
sheet_metal,0,vial,1000,1000,1,79.25925925925925
sheet_metal,0,vial,1000,1000,2,76.57407407407408
sheet_metal,0,wallplugs,200,200,0,78.42592592592592
sheet_metal,0,wallplugs,200,200,1,83.05555555555556
sheet_metal,0,wallplugs,200,200,2,77.5925925925926
sheet_metal,0,wallplugs,500,500,0,78.24074074074073
sheet_metal,0,wallplugs,500,500,1,78.24074074074073
sheet_metal,0,wallplugs,500,500,2,78.24074074074073
sheet_metal,0,wallplugs,1000,528,0,78.24074074074073
sheet_metal,0,wallplugs,1000,528,1,78.24074074074073
sheet_metal,0,wallplugs,1000,528,2,78.24074074074073
sheet_metal,0,walnuts,200,200,0,79.35185185185185
sheet_metal,0,walnuts,200,200,1,78.98148148148148
sheet_metal,0,walnuts,200,200,2,73.8888888888889
sheet_metal,0,walnuts,500,500,0,78.24074074074075
sheet_metal,0,walnuts,500,500,1,79.44444444444444
sheet_metal,0,walnuts,500,500,2,78.24074074074073
sheet_metal,0,walnuts,1000,1000,0,76.29629629629629
sheet_metal,0,walnuts,1000,1000,1,77.5925925925926
sheet_metal,0,walnuts,1000,1000,2,75.83333333333333
sheet_metal,1,can,200,54,0,81.94444444444444
sheet_metal,1,can,200,54,1,81.94444444444444
sheet_metal,1,can,200,54,2,81.94444444444444
sheet_metal,1,can,500,54,0,81.94444444444444
sheet_metal,1,can,500,54,1,81.94444444444444
sheet_metal,1,can,500,54,2,81.94444444444444
sheet_metal,1,can,1000,54,0,81.94444444444444
sheet_metal,1,can,1000,54,1,81.94444444444444
sheet_metal,1,can,1000,54,2,81.94444444444444
sheet_metal,1,fabric,200,200,0,78.42592592592592
sheet_metal,1,fabric,200,200,1,79.81481481481481
sheet_metal,1,fabric,200,200,2,76.94444444444444
sheet_metal,1,fabric,500,500,0,80.0
sheet_metal,1,fabric,500,500,1,78.8888888888889
sheet_metal,1,fabric,500,500,2,79.35185185185185
sheet_metal,1,fabric,1000,1000,0,79.53703703703702
sheet_metal,1,fabric,1000,1000,1,80.37037037037038
sheet_metal,1,fabric,1000,1000,2,79.44444444444443
sheet_metal,1,fruit_jelly,200,200,0,85.64814814814815
sheet_metal,1,fruit_jelly,200,200,1,83.61111111111111
sheet_metal,1,fruit_jelly,200,200,2,84.16666666666667
sheet_metal,1,fruit_jelly,500,500,0,84.35185185185185
sheet_metal,1,fruit_jelly,500,500,1,83.6111111111111
sheet_metal,1,fruit_jelly,500,500,2,84.44444444444444
sheet_metal,1,fruit_jelly,1000,1000,0,85.0
sheet_metal,1,fruit_jelly,1000,1000,1,84.72222222222221
sheet_metal,1,fruit_jelly,1000,1000,2,86.85185185185186
sheet_metal,1,rice,200,200,0,79.35185185185186
sheet_metal,1,rice,200,200,1,77.03703703703704
sheet_metal,1,rice,200,200,2,79.44444444444444
sheet_metal,1,rice,500,500,0,82.12962962962965
sheet_metal,1,rice,500,500,1,82.31481481481482
sheet_metal,1,rice,500,500,2,81.94444444444444
sheet_metal,1,rice,1000,564,0,82.31481481481482
sheet_metal,1,rice,1000,564,1,82.31481481481482
sheet_metal,1,rice,1000,564,2,82.31481481481482
sheet_metal,1,vial,200,200,0,83.61111111111111
sheet_metal,1,vial,200,200,1,85.18518518518519
sheet_metal,1,vial,200,200,2,84.35185185185186
sheet_metal,1,vial,500,500,0,84.9074074074074
sheet_metal,1,vial,500,500,1,75.74074074074075
sheet_metal,1,vial,500,500,2,82.77777777777779
sheet_metal,1,vial,1000,1000,0,83.05555555555554
sheet_metal,1,vial,1000,1000,1,81.2037037037037
sheet_metal,1,vial,1000,1000,2,83.7037037037037
sheet_metal,1,wallplugs,200,200,0,83.61111111111111
sheet_metal,1,wallplugs,200,200,1,82.77777777777779
sheet_metal,1,wallplugs,200,200,2,88.42592592592592
sheet_metal,1,wallplugs,500,500,0,83.51851851851852
sheet_metal,1,wallplugs,500,500,1,82.96296296296296
sheet_metal,1,wallplugs,500,500,2,82.96296296296296
sheet_metal,1,wallplugs,1000,528,0,82.96296296296296
sheet_metal,1,wallplugs,1000,528,1,82.96296296296296
sheet_metal,1,wallplugs,1000,528,2,82.96296296296296
sheet_metal,1,walnuts,200,200,0,79.72222222222223
sheet_metal,1,walnuts,200,200,1,81.11111111111111
sheet_metal,1,walnuts,200,200,2,80.83333333333333
sheet_metal,1,walnuts,500,500,0,82.4074074074074
sheet_metal,1,walnuts,500,500,1,81.01851851851852
sheet_metal,1,walnuts,500,500,2,79.9074074074074
sheet_metal,1,walnuts,1000,1000,0,79.25925925925927
sheet_metal,1,walnuts,1000,1000,1,81.29629629629629
sheet_metal,1,walnuts,1000,1000,2,81.38888888888889
sheet_metal,2,can,200,54,0,82.03703703703704
sheet_metal,2,can,200,54,1,82.03703703703704
sheet_metal,2,can,200,54,2,82.03703703703704
sheet_metal,2,can,500,54,0,82.03703703703704
sheet_metal,2,can,500,54,1,82.03703703703704
sheet_metal,2,can,500,54,2,82.03703703703704
sheet_metal,2,can,1000,54,0,82.03703703703704
sheet_metal,2,can,1000,54,1,82.03703703703704
sheet_metal,2,can,1000,54,2,82.03703703703704
sheet_metal,2,fabric,200,200,0,78.7962962962963
sheet_metal,2,fabric,200,200,1,79.16666666666666
sheet_metal,2,fabric,200,200,2,76.94444444444444
sheet_metal,2,fabric,500,500,0,76.57407407407408
sheet_metal,2,fabric,500,500,1,79.16666666666666
sheet_metal,2,fabric,500,500,2,81.85185185185185
sheet_metal,2,fabric,1000,1000,0,79.35185185185185
sheet_metal,2,fabric,1000,1000,1,82.12962962962963
sheet_metal,2,fabric,1000,1000,2,81.29629629629629
sheet_metal,2,fruit_jelly,200,200,0,86.57407407407408
sheet_metal,2,fruit_jelly,200,200,1,84.53703703703704
sheet_metal,2,fruit_jelly,200,200,2,85.92592592592592
sheet_metal,2,fruit_jelly,500,500,0,86.66666666666666
sheet_metal,2,fruit_jelly,500,500,1,86.57407407407408
sheet_metal,2,fruit_jelly,500,500,2,85.37037037037038
sheet_metal,2,fruit_jelly,1000,1000,0,85.18518518518519
sheet_metal,2,fruit_jelly,1000,1000,1,84.72222222222221
sheet_metal,2,fruit_jelly,1000,1000,2,84.9074074074074
sheet_metal,2,rice,200,200,0,76.20370370370371
sheet_metal,2,rice,200,200,1,75.0
sheet_metal,2,rice,200,200,2,76.20370370370371
sheet_metal,2,rice,500,500,0,78.9814814814815
sheet_metal,2,rice,500,500,1,79.07407407407409
sheet_metal,2,rice,500,500,2,78.14814814814814
sheet_metal,2,rice,1000,564,0,78.98148148148148
sheet_metal,2,rice,1000,564,1,78.98148148148148
sheet_metal,2,rice,1000,564,2,78.98148148148148
sheet_metal,2,vial,200,200,0,85.0
sheet_metal,2,vial,200,200,1,85.0925925925926
sheet_metal,2,vial,200,200,2,82.87037037037037
sheet_metal,2,vial,500,500,0,83.79629629629629
sheet_metal,2,vial,500,500,1,83.24074074074075
sheet_metal,2,vial,500,500,2,84.35185185185186
sheet_metal,2,vial,1000,1000,0,81.4814814814815
sheet_metal,2,vial,1000,1000,1,83.05555555555556
sheet_metal,2,vial,1000,1000,2,84.72222222222221
sheet_metal,2,wallplugs,200,200,0,84.62962962962962
sheet_metal,2,wallplugs,200,200,1,83.51851851851852
sheet_metal,2,wallplugs,200,200,2,82.22222222222223
sheet_metal,2,wallplugs,500,500,0,83.9814814814815
sheet_metal,2,wallplugs,500,500,1,83.9814814814815
sheet_metal,2,wallplugs,500,500,2,83.9814814814815
sheet_metal,2,wallplugs,1000,528,0,83.9814814814815
sheet_metal,2,wallplugs,1000,528,1,83.9814814814815
sheet_metal,2,wallplugs,1000,528,2,83.9814814814815
sheet_metal,2,walnuts,200,200,0,85.37037037037038
sheet_metal,2,walnuts,200,200,1,79.81481481481481
sheet_metal,2,walnuts,200,200,2,80.83333333333333
sheet_metal,2,walnuts,500,500,0,82.49999999999999
sheet_metal,2,walnuts,500,500,1,85.37037037037038
sheet_metal,2,walnuts,500,500,2,83.24074074074073
sheet_metal,2,walnuts,1000,1000,0,84.07407407407406
sheet_metal,2,walnuts,1000,1000,1,83.79629629629629
sheet_metal,2,walnuts,1000,1000,2,83.42592592592591
can,0,fabric,200,200,0,52.067901234567906
can,0,fabric,200,200,1,50.77160493827161
can,0,fabric,200,200,2,53.425925925925924
can,0,fabric,500,500,0,54.29012345679012
can,0,fabric,500,500,1,52.03703703703704
can,0,fabric,500,500,2,54.50617283950616
can,0,fabric,1000,1000,0,54.5679012345679
can,0,fabric,1000,1000,1,54.29012345679012
can,0,fabric,1000,1000,2,55.432098765432094
can,0,fruit_jelly,200,200,0,41.26543209876543
can,0,fruit_jelly,200,200,1,39.783950617283956
can,0,fruit_jelly,200,200,2,42.53086419753087
can,0,fruit_jelly,500,500,0,44.907407407407405
can,0,fruit_jelly,500,500,1,42.53086419753087
can,0,fruit_jelly,500,500,2,42.77777777777778
can,0,fruit_jelly,1000,1000,0,43.518518518518526
can,0,fruit_jelly,1000,1000,1,41.97530864197531
can,0,fruit_jelly,1000,1000,2,43.919753086419746
can,0,rice,200,200,0,46.913580246913575
can,0,rice,200,200,1,43.7962962962963
can,0,rice,200,200,2,43.611111111111114
can,0,rice,500,500,0,43.67283950617284
can,0,rice,500,500,1,43.981481481481474
can,0,rice,500,500,2,44.29012345679013
can,0,rice,1000,564,0,43.73456790123457
can,0,rice,1000,564,1,43.73456790123457
can,0,rice,1000,564,2,43.73456790123457
can,0,sheet_metal,200,200,0,46.2037037037037
can,0,sheet_metal,200,200,1,47.870370370370374
can,0,sheet_metal,200,200,2,45.7716049382716
can,0,sheet_metal,500,500,0,44.25925925925927
can,0,sheet_metal,500,500,1,47.376543209876544
can,0,sheet_metal,500,500,2,47.592592592592595
can,0,sheet_metal,1000,1000,0,45.58641975308642
can,0,sheet_metal,1000,1000,1,46.48148148148148
can,0,sheet_metal,1000,1000,2,47.5
can,0,vial,200,200,0,47.43827160493827
can,0,vial,200,200,1,48.179012345679006
can,0,vial,200,200,2,48.27160493827161
can,0,vial,500,500,0,51.20370370370371
can,0,vial,500,500,1,47.68518518518518
can,0,vial,500,500,2,47.623456790123456
can,0,vial,1000,1000,0,49.753086419753096
can,0,vial,1000,1000,1,47.839506172839506
can,0,vial,1000,1000,2,47.00617283950616
can,0,wallplugs,200,200,0,48.33333333333333
can,0,wallplugs,200,200,1,48.08641975308643
can,0,wallplugs,200,200,2,48.67283950617284
can,0,wallplugs,500,500,0,47.68518518518518
can,0,wallplugs,500,500,1,47.654320987654316
can,0,wallplugs,500,500,2,47.654320987654316
can,0,wallplugs,1000,528,0,47.654320987654316
can,0,wallplugs,1000,528,1,47.654320987654316
can,0,wallplugs,1000,528,2,47.654320987654316
can,0,walnuts,200,200,0,47.03703703703704
can,0,walnuts,200,200,1,43.73456790123456
can,0,walnuts,200,200,2,53.17901234567901
can,0,walnuts,500,500,0,49.72222222222222
can,0,walnuts,500,500,1,52.56172839506172
can,0,walnuts,500,500,2,50.89506172839506
can,0,walnuts,1000,1000,0,48.919753086419746
can,0,walnuts,1000,1000,1,47.87037037037037
can,0,walnuts,1000,1000,2,50.06172839506172
can,1,fabric,200,200,0,54.1358024691358
can,1,fabric,200,200,1,51.57407407407407
can,1,fabric,200,200,2,54.4753086419753
can,1,fabric,500,500,0,52.53086419753086
can,1,fabric,500,500,1,55.030864197530875
can,1,fabric,500,500,2,53.54938271604939
can,1,fabric,1000,1000,0,54.074074074074076
can,1,fabric,1000,1000,1,54.47530864197532
can,1,fabric,1000,1000,2,53.425925925925924
can,1,fruit_jelly,200,200,0,41.75925925925926
can,1,fruit_jelly,200,200,1,45.67901234567901
can,1,fruit_jelly,200,200,2,45.67901234567901
can,1,fruit_jelly,500,500,0,44.4753086419753
can,1,fruit_jelly,500,500,1,43.11728395061728
can,1,fruit_jelly,500,500,2,41.66666666666667
can,1,fruit_jelly,1000,1000,0,43.98148148148148
can,1,fruit_jelly,1000,1000,1,43.24074074074074
can,1,fruit_jelly,1000,1000,2,43.64197530864198
can,1,rice,200,200,0,47.962962962962955
can,1,rice,200,200,1,48.148148148148145
can,1,rice,200,200,2,47.46913580246914
can,1,rice,500,500,0,47.901234567901234
can,1,rice,500,500,1,47.376543209876544
can,1,rice,500,500,2,47.654320987654316
can,1,rice,1000,564,0,47.37654320987654
can,1,rice,1000,564,1,47.37654320987654
can,1,rice,1000,564,2,47.37654320987654
can,1,sheet_metal,200,200,0,51.17283950617284
can,1,sheet_metal,200,200,1,41.913580246913575
can,1,sheet_metal,200,200,2,41.41975308641975
can,1,sheet_metal,500,500,0,45.83333333333333
can,1,sheet_metal,500,500,1,44.50617283950618
can,1,sheet_metal,500,500,2,43.14814814814815
can,1,sheet_metal,1000,1000,0,44.44444444444444
can,1,sheet_metal,1000,1000,1,43.858024691358025
can,1,sheet_metal,1000,1000,2,42.901234567901234
can,1,vial,200,200,0,49.72222222222222
can,1,vial,200,200,1,52.685185185185176
can,1,vial,200,200,2,49.78395061728395
can,1,vial,500,500,0,51.41975308641975
can,1,vial,500,500,1,51.697530864197525
can,1,vial,500,500,2,52.53086419753086
can,1,vial,1000,1000,0,48.98148148148148
can,1,vial,1000,1000,1,52.03703703703704
can,1,vial,1000,1000,2,50.4320987654321
can,1,wallplugs,200,200,0,49.93827160493827
can,1,wallplugs,200,200,1,50.308641975308646
can,1,wallplugs,200,200,2,48.45679012345679
can,1,wallplugs,500,500,0,50.0925925925926
can,1,wallplugs,500,500,1,50.03086419753087
can,1,wallplugs,500,500,2,49.87654320987655
can,1,wallplugs,1000,528,0,50.03086419753087
can,1,wallplugs,1000,528,1,50.03086419753087
can,1,wallplugs,1000,528,2,50.03086419753087
can,1,walnuts,200,200,0,45.74074074074074
can,1,walnuts,200,200,1,50.617283950617285
can,1,walnuts,200,200,2,49.87654320987654
can,1,walnuts,500,500,0,45.061728395061735
can,1,walnuts,500,500,1,46.75925925925925
can,1,walnuts,500,500,2,46.82098765432099
can,1,walnuts,1000,1000,0,45.7716049382716
can,1,walnuts,1000,1000,1,44.93827160493828
can,1,walnuts,1000,1000,2,45.4320987654321
can,2,fabric,200,200,0,49.53703703703704
can,2,fabric,200,200,1,49.78395061728395
can,2,fabric,200,200,2,48.02469135802469
can,2,fabric,500,500,0,49.22839506172839
can,2,fabric,500,500,1,51.141975308641975
can,2,fabric,500,500,2,51.6358024691358
can,2,fabric,1000,1000,0,49.81481481481481
can,2,fabric,1000,1000,1,51.51234567901235
can,2,fabric,1000,1000,2,51.358024691358025
can,2,fruit_jelly,200,200,0,46.358024691358025
can,2,fruit_jelly,200,200,1,44.413580246913575
can,2,fruit_jelly,200,200,2,44.84567901234568
can,2,fruit_jelly,500,500,0,47.68518518518518
can,2,fruit_jelly,500,500,1,45.92592592592593
can,2,fruit_jelly,500,500,2,46.48148148148149
can,2,fruit_jelly,1000,1000,0,45.46296296296296
can,2,fruit_jelly,1000,1000,1,45.864197530864196
can,2,fruit_jelly,1000,1000,2,46.04938271604938
can,2,rice,200,200,0,42.098765432098766
can,2,rice,200,200,1,42.99382716049382
can,2,rice,200,200,2,42.12962962962963
can,2,rice,500,500,0,42.0679012345679
can,2,rice,500,500,1,42.03703703703703
can,2,rice,500,500,2,42.19135802469135
can,2,rice,1000,564,0,41.97530864197531
can,2,rice,1000,564,1,41.97530864197531
can,2,rice,1000,564,2,41.97530864197531
can,2,sheet_metal,200,200,0,44.32098765432099
can,2,sheet_metal,200,200,1,51.23456790123457
can,2,sheet_metal,200,200,2,47.623456790123456
can,2,sheet_metal,500,500,0,48.7962962962963
can,2,sheet_metal,500,500,1,44.197530864197525
can,2,sheet_metal,500,500,2,43.39506172839506
can,2,sheet_metal,1000,1000,0,47.46913580246914
can,2,sheet_metal,1000,1000,1,44.96913580246914
can,2,sheet_metal,1000,1000,2,44.87654320987654
can,2,vial,200,200,0,48.82716049382716
can,2,vial,200,200,1,49.35185185185185
can,2,vial,200,200,2,48.14814814814816
can,2,vial,500,500,0,50.46296296296296
can,2,vial,500,500,1,50.308641975308646
can,2,vial,500,500,2,47.716049382716044
can,2,vial,1000,1000,0,47.839506172839506
can,2,vial,1000,1000,1,48.95061728395061
can,2,vial,1000,1000,2,49.351851851851855
can,2,wallplugs,200,200,0,45.80246913580247
can,2,wallplugs,200,200,1,48.58024691358025
can,2,wallplugs,200,200,2,48.919753086419746
can,2,wallplugs,500,500,0,48.27160493827161
can,2,wallplugs,500,500,1,48.333333333333336
can,2,wallplugs,500,500,2,48.39506172839506
can,2,wallplugs,1000,528,0,48.364197530864196
can,2,wallplugs,1000,528,1,48.364197530864196
can,2,wallplugs,1000,528,2,48.364197530864196
can,2,walnuts,200,200,0,40.925925925925924
can,2,walnuts,200,200,1,55.27777777777778
can,2,walnuts,200,200,2,54.59876543209876
can,2,walnuts,500,500,0,49.413580246913575
can,2,walnuts,500,500,1,51.9753086419753
can,2,walnuts,500,500,2,51.17283950617284
can,2,walnuts,1000,1000,0,50.98765432098765
can,2,walnuts,1000,1000,1,51.04938271604937
can,2,walnuts,1000,1000,2,50.52469135802469
