recall@1,recall@5,recall@10,n_query,target,config
86.0,85.2,84.73333333333332,150,bottle,C0
93.33333333333333,93.86666666666667,93.53333333333335,150,bottle,C3
70.0,63.733333333333334,60.20000000000001,150,cable,C0
82.66666666666667,83.33333333333334,82.80000000000001,150,cable,C3
86.0,83.46666666666665,80.06666666666666,150,capsule,C0
92.0,91.06666666666666,90.86666666666667,150,capsule,C3
82.66666666666667,81.19999999999999,80.33333333333333,150,carpet,C0
95.33333333333334,95.73333333333335,95.13333333333333,150,carpet,C3
82.66666666666667,81.19999999999999,79.73333333333333,150,grid,C0
98.0,98.13333333333333,98.13333333333333,150,grid,C3
82.66666666666667,81.46666666666667,82.26666666666667,150,hazelnut,C0
96.66666666666667,96.26666666666667,96.53333333333333,150,hazelnut,C3
96.0,93.60000000000001,92.66666666666666,150,leather,C0
97.33333333333334,97.33333333333334,96.86666666666667,150,leather,C3
95.33333333333334,94.93333333333331,94.53333333333333,150,metal_nut,C0
96.0,96.93333333333334,97.39999999999999,150,metal_nut,C3
78.66666666666666,77.86666666666665,76.8,150,pill,C0
85.33333333333334,86.79999999999998,86.4,150,pill,C3
84.66666666666667,80.53333333333335,79.2,150,screw,C0
87.33333333333333,85.2,84.39999999999999,150,screw,C3
98.0,98.26666666666665,98.06666666666668,150,tile,C0
100.0,100.0,100.0,150,tile,C3
100.0,100.0,100.0,150,toothbrush,C0
100.0,100.0,100.0,150,toothbrush,C3
91.33333333333333,88.53333333333335,88.0,150,transistor,C0
96.66666666666667,95.73333333333335,94.86666666666667,150,transistor,C3
75.33333333333333,74.4,73.53333333333335,150,wood,C0
95.33333333333334,95.2,95.06666666666668,150,wood,C3
61.33333333333333,53.6,52.06666666666666,150,zipper,C0
72.0,70.0,70.53333333333333,150,zipper,C3
78.66666666666666,78.26666666666668,76.93333333333334,150,bottle,C1
78.0,75.06666666666666,73.6,150,bottle,C2a
72.66666666666667,74.79999999999998,73.86666666666667,150,bottle,C2b
64.0,60.13333333333334,59.333333333333336,150,cable,C1
62.66666666666667,60.8,59.46666666666667,150,cable,C2a
54.666666666666664,56.93333333333334,57.199999999999996,150,cable,C2b
80.0,75.33333333333333,73.0,150,capsule,C1
76.66666666666667,75.33333333333333,73.6,150,capsule,C2a
84.0,78.93333333333334,76.0,150,capsule,C2b
79.33333333333333,77.6,75.33333333333333,150,carpet,C1
80.66666666666666,80.26666666666668,80.0,150,carpet,C2a
80.66666666666666,80.93333333333332,80.2,150,carpet,C2b
74.66666666666667,69.46666666666667,65.93333333333334,150,grid,C1
75.33333333333333,73.33333333333333,70.73333333333332,150,grid,C2a
69.33333333333334,67.86666666666665,67.06666666666666,150,grid,C2b
80.66666666666666,79.86666666666667,79.33333333333333,150,hazelnut,C1
84.0,85.86666666666667,84.06666666666666,150,hazelnut,C2a
84.0,84.8,84.60000000000001,150,hazelnut,C2b
84.0,80.0,76.4,150,leather,C1
85.33333333333334,85.33333333333334,83.66666666666667,150,leather,C2a
84.0,82.53333333333333,82.06666666666668,150,leather,C2b
92.66666666666666,93.60000000000001,93.06666666666666,150,metal_nut,C1
91.33333333333333,92.39999999999999,91.66666666666666,150,metal_nut,C2a
93.33333333333333,92.26666666666668,91.7333333333333,150,metal_nut,C2b
74.66666666666667,73.2,72.79999999999998,150,pill,C1
76.66666666666667,77.6,76.26666666666667,150,pill,C2a
79.33333333333333,76.26666666666667,75.93333333333334,150,pill,C2b
82.66666666666667,73.73333333333333,71.53333333333333,150,screw,C1
84.0,78.53333333333332,75.06666666666666,150,screw,C2a
75.33333333333333,71.46666666666667,68.73333333333332,150,screw,C2b
92.66666666666666,91.46666666666667,91.93333333333332,150,tile,C1
96.0,96.26666666666665,96.0,150,tile,C2a
93.33333333333333,91.7333333333333,90.73333333333335,150,tile,C2b
100.0,100.0,100.0,150,toothbrush,C1
100.0,100.0,100.0,150,toothbrush,C2a
100.0,100.0,100.0,150,toothbrush,C2b
86.66666666666667,86.93333333333334,86.73333333333333,150,transistor,C1
85.33333333333334,83.73333333333332,81.53333333333333,150,transistor,C2a
85.33333333333334,85.86666666666667,84.06666666666666,150,transistor,C2b
62.66666666666667,60.80000000000001,59.8,150,wood,C1
70.0,70.66666666666667,69.46666666666668,150,wood,C2a
78.0,77.06666666666666,75.53333333333333,150,wood,C2b
52.666666666666664,43.60000000000001,42.6,150,zipper,C1
48.66666666666667,50.0,48.4,150,zipper,C2a
46.0,42.53333333333333,41.6,150,zipper,C2b
