object,shot,split,layer,T,img_AUROC,px_AUROC,AUPRO
metal_nut,1,0,mid,0.38055646419525146,76.05083088954056,91.29629980242653,43.85904166848964
metal_nut,1,0,midlate,0.3552093505859375,95.79667644183773,88.01159088548646,58.33663200986038
metal_nut,1,0,final,0.24551065266132355,99.46236559139784,94.89403450260271,72.28483409030396
metal_nut,1,1,mid,0.3856014013290405,69.59921798631477,89.82060029787989,38.85187185826919
metal_nut,1,1,midlate,0.36022982001304626,87.97653958944281,86.95758910132784,52.37626555834714
metal_nut,1,1,final,0.2181386947631836,99.8533724340176,95.9875408364764,74.09499255900832
metal_nut,1,2,mid,0.2626327574253082,69.35483870967741,90.0503824429242,39.20933853612074
metal_nut,1,2,midlate,0.29243946075439453,87.14565004887585,87.32213629488028,53.6764698647733
metal_nut,1,2,final,0.2557949423789978,99.95112414467253,95.76450059023965,73.9196023020697
metal_nut,4,0,mid,0.19088537991046906,98.72922776148583,95.89008842133815,75.34499947293574
metal_nut,4,0,midlate,0.22661706805229187,99.65786901270772,93.50083526656259,73.60582936326938
metal_nut,4,0,final,0.17925256490707397,100.0,96.99463141864682,78.42825497974732
metal_nut,4,1,mid,0.2963642477989197,95.79667644183773,94.34782862707071,65.66352583670218
metal_nut,4,1,midlate,0.2879927158355713,99.70674486803519,92.21764172215735,70.1729411993833
metal_nut,4,1,final,0.17376525700092316,100.0,96.89943871396557,77.4950318137669
metal_nut,4,2,mid,0.18851670622825623,98.48484848484848,95.20643040271953,70.70940220569048
metal_nut,4,2,midlate,0.22889967262744904,99.90224828934507,93.00539399320378,72.41085249572501
metal_nut,4,2,final,0.1891491711139679,99.8533724340176,97.31025317278072,77.80904106218948
pill,1,0,mid,0.22914235293865204,93.67157665030005,91.36268201820891,75.0607380367336
pill,1,0,midlate,0.25940078496932983,94.46262956901255,91.8888038142455,77.66636280492115
pill,1,0,final,0.2609247863292694,88.51609383524277,95.62583899145103,83.98471987541075
pill,1,1,mid,0.2460457980632782,91.32569558101473,90.82813715104876,75.83262439796471
pill,1,1,midlate,0.27485984563827515,92.44408074195307,90.76454740460319,79.27699409195483
pill,1,1,final,0.2802494764328003,88.67975995635571,92.01171001898292,82.5849169403004
pill,1,2,mid,0.25345176458358765,86.06110201854882,91.45219871312536,70.4277791251224
pill,1,2,midlate,0.2642502188682556,92.33496999454445,91.91988641111709,74.8932305375358
pill,1,2,final,0.2135208398103714,92.41680305510091,95.17686991950691,83.61014111677639
pill,4,0,mid,0.17576472461223602,93.0441898527005,92.84445152260912,80.86251478743237
pill,4,0,midlate,0.17872312664985657,94.62629569012549,93.2116762492193,82.11684723788511
pill,4,0,final,0.13444122672080994,96.4266230223677,96.11414403099326,87.18576308801231
pill,4,1,mid,0.16062679886817932,94.29896344789962,93.81558677051856,80.14225973127364
pill,4,1,midlate,0.17478300631046295,97.59956355701037,94.19528702425063,83.11771339239617
pill,4,1,final,0.1588861048221588,96.80851063829786,96.80266395937157,87.36617257221204
pill,4,2,mid,0.1917208731174469,94.27168576104748,93.427163705386,81.78302123554283
pill,4,2,midlate,0.21411912143230438,94.08074195308237,93.57988200515285,82.90187661875999
pill,4,2,final,0.18303921818733215,94.54446262956901,96.21232239114991,86.50541596954558
screw,1,0,mid,0.480752557516098,53.228120516499274,88.92684701913034,17.956228184144884
screw,1,0,midlate,0.44639864563941956,57.327321172371384,91.56625139331358,25.49680934807723
screw,1,0,final,0.3469827473163605,69.70690715310515,89.39038811235143,52.725143410253
screw,1,1,mid,0.4954436421394348,41.93482270957164,87.58466247154448,20.75002401194848
screw,1,1,midlate,0.5153627991676331,49.76429596228735,91.67676222592046,33.32412011644521
screw,1,1,final,0.31457194685935974,67.12441073990573,91.12099397202978,53.22666522677469
screw,1,2,mid,0.5251202583312988,43.18507890961263,87.94269226307419,18.511060854810186
screw,1,2,midlate,0.5486666560173035,48.06312769010043,91.77281904679779,30.016953827882535
screw,1,2,final,0.3361726701259613,75.09735601557696,90.73329486120397,52.332019156897694
screw,4,0,mid,0.40791210532188416,56.11805697888912,91.18261398799118,20.723780082196253
screw,4,0,midlate,0.44959941506385803,62.51281000204961,92.86219301603057,31.88236684271058
screw,4,0,final,0.26830586791038513,78.62266857962697,92.40552713914573,55.827357563389555
screw,4,1,mid,0.32108935713768005,52.77720844435335,92.88535250540221,24.33255103124256
screw,4,1,midlate,0.3335660398006439,59.294937487190005,95.02476414091075,43.389125789956026
screw,4,1,final,0.21221613883972168,87.78438204550113,94.49137451771652,67.78549788081176
screw,4,2,mid,0.3222920000553131,55.99508095921295,94.04401023147256,27.882523182521478
screw,4,2,midlate,0.3411177098751068,63.7630662020906,95.34333477377133,43.88453502864885
screw,4,2,final,0.28336653113365173,87.66140602582497,94.37107586275982,65.27592575384776
