object,shot,split,config,n_bank_img,n_bank_patch,img_AUROC,px_AUROC,AUPRO
carpet,1,0,final_raw,1,1024,100.0,99.07985971110969,88.94551893114445
carpet,1,0,agg_all3,1,1024,100.0,99.48653643821476,93.56374089595141
carpet,1,1,final_raw,1,1024,100.0,99.12100751239859,89.16145719829866
carpet,1,1,agg_all3,1,1024,100.0,99.51951809676805,93.71674597000468
carpet,1,2,final_raw,1,1024,100.0,99.10763116898208,89.0107987320252
carpet,1,2,agg_all3,1,1024,100.0,99.51541212688588,93.63925791885167
carpet,2,0,final_raw,2,2048,100.0,99.05070600159416,87.77487204161368
carpet,2,0,agg_all3,2,2048,100.0,99.48596215972478,93.30139758834125
carpet,2,1,final_raw,2,2048,100.0,99.14099404768488,89.35919841190227
carpet,2,1,agg_all3,2,2048,100.0,99.51429684277318,93.74219861132028
carpet,2,2,final_raw,2,2048,100.0,99.14479210327812,89.14053747178022
carpet,2,2,agg_all3,2,2048,100.0,99.51934533677792,93.70198969606243
carpet,4,0,final_raw,4,4096,100.0,99.1227743519802,89.16686592287313
carpet,4,0,agg_all3,4,4096,100.0,99.52183259868596,93.70662571152069
carpet,4,1,final_raw,4,4096,100.0,99.14448544708374,87.32579167235393
carpet,4,1,agg_all3,4,4096,100.0,99.54329625830279,93.6260287257489
carpet,4,2,final_raw,4,4096,100.0,99.1167311366362,88.95929214845334
carpet,4,2,agg_all3,4,4096,100.0,99.53406792358123,93.686804160205
carpet,8,0,final_raw,8,8192,100.0,99.14293337628112,86.44058352421821
carpet,8,0,agg_all3,8,8192,100.0,99.54723410288369,93.56318071671707
carpet,8,1,final_raw,8,8192,100.0,99.15349116565962,87.37045219600157
carpet,8,1,agg_all3,8,8192,100.0,99.54607002693484,93.54643219265847
carpet,8,2,final_raw,8,8192,100.0,99.14991531699577,88.34580560055834
carpet,8,2,agg_all3,8,8192,100.0,99.53719406410073,93.63590579761096
hazelnut,1,0,final_raw,1,1024,88.28571428571428,99.11959814905836,71.35182020926165
hazelnut,1,0,agg_all3,1,1024,93.17857142857143,98.84625632795007,65.81235880492233
hazelnut,1,1,final_raw,1,1024,98.32142857142857,99.47268124907349,86.78434353436955
hazelnut,1,1,agg_all3,1,1024,99.21428571428572,99.1942859163214,83.93083133876003
hazelnut,1,2,final_raw,1,1024,87.78571428571429,98.48100130919062,64.90165776918904
hazelnut,1,2,agg_all3,1,1024,95.89285714285715,97.4424829098905,68.22386747887035
hazelnut,2,0,final_raw,2,2048,99.57142857142857,99.43038543744743,83.54766272633618
hazelnut,2,0,agg_all3,2,2048,99.71428571428571,99.17694670705409,73.21093072559405
hazelnut,2,1,final_raw,2,2048,97.28571428571428,99.45219228265121,82.874579356295
hazelnut,2,1,agg_all3,2,2048,98.14285714285714,99.18356237145309,73.39260391411874
hazelnut,2,2,final_raw,2,2048,96.96428571428571,99.49939394413441,85.41790974823984
hazelnut,2,2,agg_all3,2,2048,98.78571428571429,99.19639330952651,83.55997322969874
hazelnut,4,0,final_raw,4,4096,99.17857142857143,99.42319984158554,85.95082516287667
hazelnut,4,0,agg_all3,4,4096,99.53571428571428,99.23020069021817,81.16209851686557
hazelnut,4,1,final_raw,4,4096,94.32142857142857,99.4180919954938,77.15923817806778
hazelnut,4,1,agg_all3,4,4096,97.78571428571429,99.27187440055894,72.66931930287369
hazelnut,4,2,final_raw,4,4096,98.5,99.43113293172003,81.22737778657664
hazelnut,4,2,agg_all3,4,4096,98.64285714285714,99.17707388148493,74.14500026314356
hazelnut,8,0,final_raw,8,8192,99.78571428571428,99.57372901266616,88.13683914378831
hazelnut,8,0,agg_all3,8,8192,100.0,99.47501815151757,86.69256710458959
hazelnut,8,1,final_raw,8,8192,100.0,99.53769755762046,84.94586245052818
hazelnut,8,1,agg_all3,8,8192,100.0,99.44664947801266,83.34052755467542
hazelnut,8,2,final_raw,8,8192,99.82142857142857,99.57103542019568,88.26888277565071
hazelnut,8,2,agg_all3,8,8192,100.0,99.3523952667586,84.05883292163242
leather,1,0,final_raw,1,1024,100.0,99.03133347413984,86.19166646207613
leather,1,0,agg_all3,1,1024,100.0,99.59618405576245,95.64809765972659
leather,1,1,final_raw,1,1024,100.0,99.10229373335088,85.56071565553746
leather,1,1,agg_all3,1,1024,100.0,99.60263334607691,95.25531817172514
leather,1,2,final_raw,1,1024,100.0,99.19153569986786,90.3843096474693
leather,1,2,agg_all3,1,1024,100.0,99.60916222943821,95.66421468134196
leather,2,0,final_raw,2,2048,100.0,99.05824156367217,82.25231627660504
leather,2,0,agg_all3,2,2048,100.0,99.61352259034221,95.0783193119088
leather,2,1,final_raw,2,2048,100.0,99.0727552401532,81.48843212557055
leather,2,1,agg_all3,2,2048,100.0,99.6061671868952,95.23364847732418
leather,2,2,final_raw,2,2048,100.0,98.99940353781007,83.77438143676055
leather,2,2,agg_all3,2,2048,100.0,99.58725862185048,95.3778385968639
leather,4,0,final_raw,4,4096,100.0,99.04625482751247,84.1763791512534
leather,4,0,agg_all3,4,4096,100.0,99.60041622024931,95.2086213254918
leather,4,1,final_raw,4,4096,100.0,98.90199527957483,80.35591399389926
leather,4,1,agg_all3,4,4096,100.0,99.59913815267275,94.85592918603066
leather,4,2,final_raw,4,4096,100.0,99.06429122393433,84.21758687928912
leather,4,2,agg_all3,4,4096,100.0,99.61091193326621,95.32315379609226
leather,8,0,final_raw,8,8192,100.0,98.98359550530549,80.84130416708454
leather,8,0,agg_all3,8,8192,100.0,99.59927185415857,95.0459206240609
leather,8,1,final_raw,8,8192,100.0,99.08986378859215,83.96775672466048
leather,8,1,agg_all3,8,8192,100.0,99.60691764935264,95.2933733396589
leather,8,2,final_raw,8,8192,100.0,98.91799486565631,78.72246720509877
leather,8,2,agg_all3,8,8192,100.0,99.58483172277953,94.42778954288228
toothbrush,1,0,final_raw,1,1024,98.05555555555556,98.9243482844319,72.7963845706488
toothbrush,1,0,agg_all3,1,1024,97.22222222222221,98.61212294779517,65.75541590327558
toothbrush,1,1,final_raw,1,1024,96.94444444444444,99.26248624132911,72.34938382279528
toothbrush,1,1,agg_all3,1,1024,95.83333333333334,98.98782579615246,66.77859620941203
toothbrush,1,2,final_raw,1,1024,98.61111111111111,99.20818832776493,75.1000799881534
toothbrush,1,2,agg_all3,1,1024,99.16666666666667,98.89073342932838,68.91265523046319
toothbrush,2,0,final_raw,2,2048,97.22222222222221,98.99357438622786,72.19174499360443
toothbrush,2,0,agg_all3,2,2048,94.44444444444446,98.6857830150879,66.78214407296016
toothbrush,2,1,final_raw,2,2048,98.88888888888889,99.24687050687903,73.24315974153575
toothbrush,2,1,agg_all3,2,2048,99.72222222222223,99.21792368542984,74.59093932306665
toothbrush,2,2,final_raw,2,2048,98.05555555555556,99.39644166797719,76.48817663702884
toothbrush,2,2,agg_all3,2,2048,98.61111111111111,99.30195289374223,76.95355088783408
toothbrush,4,0,final_raw,4,4096,99.72222222222223,99.3462598045445,77.48075746504244
toothbrush,4,0,agg_all3,4,4096,99.72222222222223,99.25424114291451,76.80718568891767
toothbrush,4,1,final_raw,4,4096,98.88888888888889,99.25597450173372,78.6367486441249
toothbrush,4,1,agg_all3,4,4096,99.44444444444444,99.22323914475429,77.96335978338705
toothbrush,4,2,final_raw,4,4096,98.05555555555556,99.21125782258403,75.79117995822652
toothbrush,4,2,agg_all3,4,4096,98.88888888888889,99.16358179364802,74.50316666378016
toothbrush,8,0,final_raw,8,8192,99.72222222222223,99.3378642297719,80.13226595205582
toothbrush,8,0,agg_all3,8,8192,99.16666666666667,99.26621433696539,79.24802579918301
toothbrush,8,1,final_raw,8,8192,98.88888888888889,99.2549932429347,79.68272300570473
toothbrush,8,1,agg_all3,8,8192,99.44444444444444,99.23704616997172,78.88355348367546
toothbrush,8,2,final_raw,8,8192,99.72222222222223,99.34200108900396,78.35630448520244
toothbrush,8,2,agg_all3,8,8192,99.72222222222223,99.30185047968146,78.2894723423411
