object,class,defect_match,normal_match
wallplugs,can,0.7319095730781555,0.6295984387397766
wallplugs,fabric,0.7059414982795715,0.6540271043777466
wallplugs,fruit_jelly,0.6991627812385559,0.6152775883674622
wallplugs,rice,0.6990135312080383,0.6609473824501038
wallplugs,sheet_metal,0.6351558566093445,0.6516333818435669
wallplugs,vial,0.6077046394348145,0.5846423506736755
wallplugs,walnuts,0.6451725363731384,0.6155059933662415
vial,can,0.7144030928611755,0.580763578414917
vial,fabric,0.6763949990272522,0.653513491153717
vial,fruit_jelly,0.484953910112381,0.4270918369293213
vial,rice,0.7883976101875305,0.7692428231239319
vial,sheet_metal,0.6594980359077454,0.6532922387123108
vial,wallplugs,0.664273738861084,0.6039363741874695
vial,walnuts,0.7656691074371338,0.6992055177688599
sheet_metal,can,0.6531176567077637,0.5164362192153931
sheet_metal,fabric,0.48797550797462463,0.38678357005119324
sheet_metal,fruit_jelly,0.6497750282287598,0.5654855370521545
sheet_metal,rice,0.5717028975486755,0.5133494138717651
sheet_metal,vial,0.6089943051338196,0.5499491095542908
sheet_metal,wallplugs,0.6502513885498047,0.5007424354553223
sheet_metal,walnuts,0.61795574426651,0.5050320029258728
can,fabric,0.6560355424880981,0.6314206719398499
can,fruit_jelly,0.6731512546539307,0.624710738658905
can,rice,0.7187409996986389,0.6782238483428955
can,sheet_metal,0.6130317449569702,0.6112014651298523
can,vial,0.5659782290458679,0.5231903791427612
can,wallplugs,0.6786075830459595,0.6294435858726501
can,walnuts,0.7454443573951721,0.6968265771865845
