object,shot,split,config,img_AUROC,px_AUROC,AUPRO
transistor,1,0,ctx_K64,88.16666666666667,92.95930850044988,53.27710242032244
transistor,1,0,ctx_K16,80.37500000000001,92.02065225585554,48.33206037719685
transistor,1,0,ctx_K256,88.79166666666667,93.12761250213491,54.36456217314478
transistor,1,1,ctx_K64,92.5,95.1380396671665,57.03014760055295
transistor,1,1,ctx_K16,83.99999999999999,94.0951136894814,50.39013974467781
transistor,1,1,ctx_K256,94.45833333333333,95.36035292319039,58.68611663724995
transistor,1,2,ctx_K64,80.83333333333333,90.82796073510401,47.25161449141425
transistor,1,2,ctx_K16,71.29166666666666,89.65584093566052,41.033605240368615
transistor,1,2,ctx_K256,83.0,90.98837601986547,49.2474269466454
transistor,4,0,ctx_K64,92.375,95.05501550810278,58.54465249996199
transistor,4,0,ctx_K16,79.83333333333333,93.91302154573944,50.49114083806434
transistor,4,0,ctx_K256,95.24999999999999,95.42903859269494,61.443680803285325
transistor,4,1,ctx_K64,95.66666666666667,94.65018829153992,61.75696112285124
transistor,4,1,ctx_K16,89.79166666666667,93.62827978776609,55.958463636407885
transistor,4,1,ctx_K256,98.16666666666667,94.90813451504755,63.22284778000146
transistor,4,2,ctx_K64,91.70833333333333,92.46579070237962,56.00355481346868
transistor,4,2,ctx_K16,85.0,91.4777382503651,50.008890944383346
transistor,4,2,ctx_K256,93.66666666666667,92.8102608284486,57.740301671924776
