object,shot,split,repr,n_bad,img_AUROC,px_AUROC,AUPRO,C_feat,sep_auc
pcb4,1,0,r0,201,78.87128712871286,95.35947322745947,33.080449737795504,0.058556759357452394,0.7489450636788167
pcb4,1,1,r0,201,97.71287128712872,96.29492072977916,53.69249049998434,0.05983770668506622,0.737545629612496
pcb4,1,2,r0,201,96.01980198019803,96.80466406999838,56.04710921659037,0.06552078157663345,0.755718886782281
pcb4,4,0,r0,201,97.01980198019801,97.617082738562,58.73177506152314,0.06159337520599365,0.7840028973893564
pcb4,4,1,r0,201,94.20792079207921,97.81235204260659,59.17541554965634,0.05899947553873062,0.7974864400047988
pcb4,4,2,r0,201,96.96039603960396,97.5681732240242,60.04987548594737,0.05832027554512024,0.7828946571832677
pcb4,1,0,r1,201,92.43564356435643,95.77208389664128,40.059984777533174,0.07116306781768798,0.7688155182404437
pcb4,1,1,r1,201,97.98019801980197,96.88497245624339,62.93694528199887,0.07335255414247513,0.7607134929044864
pcb4,1,2,r1,201,98.02970297029702,97.13383452561159,62.71928276689056,0.07333280056715012,0.7588676309944095
pcb4,4,0,r1,201,98.03960396039604,97.81421531341279,66.10343395113641,0.06902657747268677,0.784588029216839
pcb4,4,1,r1,201,97.0,98.04171868714808,65.67706884526598,0.06846910655498505,0.8007005513748058
pcb4,4,2,r1,201,99.10891089108911,97.88151545609331,65.94037643292548,0.06666701853275299,0.7875337994744313
pcb4,1,0,r2,201,73.89108910891089,93.16268503368907,38.01005663184162,0.0907927942276001,0.8345761581722946
pcb4,1,1,r2,201,99.41584158415841,95.54222858818845,55.08671941047453,0.09752348512411117,0.8267497093433324
pcb4,1,2,r2,201,99.1980198019802,96.24864087760736,61.75315366650821,0.10368511408567428,0.8475803795777962
pcb4,4,0,r2,201,99.68316831683168,96.19294224707711,59.37030139138268,0.10790574401617051,0.8495587638434842
pcb4,4,1,r2,201,99.18811881188118,96.46821206338211,61.83090112674322,0.11177324175834656,0.8738571785348169
pcb4,4,2,r2,201,99.52475247524752,96.13466746371499,58.71389410222439,0.10261644214391709,0.8455730314664239
pcb2,1,0,r0,200,72.72999999999999,96.66882798966073,51.28888095328357,0.07927151560783387,0.7886058665306785
pcb2,1,1,r0,200,79.36000000000001,96.26461152990011,52.650335471988974,0.0838373726606369,0.7919195809425869
pcb2,1,2,r0,200,78.41,96.58828453891685,55.04246502446184,0.0825377082824707,0.7932681816163349
pcb2,4,0,r0,200,82.15999999999998,97.6929521643898,62.01180639411887,0.07882467150688172,0.8258860097218167
pcb2,4,1,r0,200,82.33,97.11621619390145,60.30336463435128,0.08010516583919525,0.8136134378499337
pcb2,4,2,r0,200,81.24,97.52316111924416,61.55470982684547,0.08098756790161132,0.8271314219788597
pcb2,1,0,r1,200,79.42,97.4985923491255,60.62989954085399,0.12000691980123519,0.850919732412999
pcb2,1,1,r1,200,83.00999999999999,97.57867278020711,61.514474796143325,0.12148748487234115,0.8585513646782355
pcb2,1,2,r1,200,79.02,97.16063828840042,58.83166341988949,0.11121001064777375,0.8412299621489602
pcb2,4,0,r1,200,85.64999999999999,98.23387377879281,68.96638427236985,0.10829122811555862,0.8668796401548288
pcb2,4,1,r1,200,87.66000000000001,98.24412003308024,69.46102634491864,0.1138886222243309,0.8642475253028928
pcb2,4,2,r1,200,84.07,98.13633067742371,69.83495278522415,0.1127581062912941,0.8699782159593497
pcb2,1,0,r2,200,90.45,96.04760647936658,69.5458438717701,0.12012630671262742,0.898606618786096
pcb2,1,1,r2,200,91.83,95.55277196504676,65.5856215131779,0.11538544237613678,0.8846304296667529
pcb2,1,2,r2,200,93.23,95.94764490362293,70.48028827850716,0.11259571641683579,0.8902231352984917
pcb2,4,0,r2,200,92.58999999999999,96.65972328994015,71.65371671267513,0.12564183086156844,0.9097041828565818
pcb2,4,1,r2,200,91.46000000000001,96.30610665412028,71.76738276035735,0.12758237451314927,0.9089603098091302
pcb2,4,2,r2,200,90.86,96.34085224169613,71.16207360422534,0.132320736348629,0.9104712141628306
pcb3,1,0,r0,201,82.7128712871287,97.82351993066065,51.96487186449586,0.10087925165891648,0.795491399410125
pcb3,1,1,r0,201,85.16831683168317,97.80032791745477,49.491179056011426,0.09925411880016327,0.8059219351474692
pcb3,1,2,r0,201,86.37623762376238,97.75529570270265,51.91626020644278,0.09590816110372544,0.7911955647925484
pcb3,4,0,r0,201,88.95049504950495,98.36985673854328,57.02973145627177,0.09196754813194274,0.8221244589165737
pcb3,4,1,r0,201,88.56435643564356,98.54520109667834,57.974923984931635,0.0938620987534523,0.8261718834566542
pcb3,4,2,r0,201,88.22772277227723,98.59976051193081,58.1367548431131,0.09026998907327652,0.8238333272666636
pcb3,1,0,r1,201,84.02970297029702,98.35684051989784,57.12165136503721,0.11691483259201049,0.8111885431524949
pcb3,1,1,r1,201,87.04950495049505,98.38688086544015,59.46200668724434,0.12203515738248825,0.8195430605601572
pcb3,1,2,r1,201,87.35643564356434,98.38857108330257,59.498322411470916,0.12003302991390229,0.825902362708413
pcb3,4,0,r1,201,88.31683168316832,98.83063056895834,67.62806606666368,0.11150455355644226,0.8495954727670418
pcb3,4,1,r1,201,88.99009900990097,98.92041510208105,68.42450343452224,0.11428516656160355,0.8529204192073759
pcb3,4,2,r1,201,88.98019801980197,98.96716556561483,66.65989211943372,0.10986960351467133,0.8462073066599807
pcb3,1,0,r2,201,90.98019801980197,97.24948427210086,68.69314656135113,0.1383255487680435,0.9012808296030661
pcb3,1,1,r2,201,89.37623762376236,97.10351108384091,66.61001662614477,0.13760159015655518,0.8990601234457033
pcb3,1,2,r2,201,93.89108910891089,96.99083791071706,69.17004375044561,0.13534529656171798,0.8961667386845261
pcb3,4,0,r2,201,93.35643564356435,98.0159483310736,73.61779288260726,0.14904940545558928,0.915980709176827
pcb3,4,1,r2,201,92.41584158415841,97.46556368277103,72.91412902382832,0.148859703540802,0.914668557744176
pcb3,4,2,r2,201,96.03960396039604,97.49191537159246,72.36817748956015,0.14730852365493774,0.9147870750727427
