dataset,object,shot,split,n_support,support_ids,q_ref,q_support,baseline_final_img_AUROC,baseline_agg_img_AUROC,tsn_img_AUROC,delta_tsn_vs_agg,delta_tsn_vs_final,elapsed_sec
mvtec,bottle,2,0,2,26;140,0.23486627132178028,0.166926825365;0.302805717279,99.68253968253968,99.92063492063492,81.34920634920636,-18.57142857142857,-18.33333333333333,2.857742600142956
mvtec,bottle,2,1,2,43;183,0.20262859945275316,0.0639206860923;0.341336512813,99.28571428571428,99.60317460317461,73.09523809523809,-26.50793650793652,-26.19047619047619,2.9433655000757426
mvtec,bottle,2,2,2,153;167,0.08170518996053605,0.0617217134159;0.101688666505,98.73015873015872,99.36507936507935,10.873015873015873,-88.49206349206348,-87.85714285714285,2.9189609000459313
mvtec,bottle,4,0,4,36;81;117;197,0.26990032374935546,0.23636242735;0.222114751995;0.303438220149;0.566974925555,100.0,100.0,88.4126984126984,-11.587301587301596,-11.587301587301596,2.910825999919325
mvtec,bottle,4,1,4,19;64;194;205,0.2781858443028041,0.371593132289;0.340449825351;0.215921863255;0.0584671358738,100.0,100.0,88.96825396825396,-11.031746031746039,-11.031746031746039,2.89579900004901
mvtec,bottle,4,2,4,73;94;133;149,0.23765476267945745,0.300785314202;0.174524211157;0.303641935745;0.144174762132,100.0,100.0,81.34920634920636,-18.650793650793645,-18.650793650793645,2.914565899875015
mvtec,bottle,8,0,8,0;104;127;141;148;169;185;198,0.277835382282341,0.191305644807;0.127407978357;0.332119864905;0.0639710598878;0.242042167814;0.547256496261;0.313628596751;0.439664523604,100.0,100.0,83.33333333333334,-16.666666666666657,-16.666666666666657,3.086137499893084
mvtec,bottle,8,1,8,7;31;38;52;83;120;159;161,0.26210031032839254,0.182025913622;0.169600493077;0.411106127745;0.183577715884;0.745171678155;0.34874945714;0.155421722199;0.340622904773,100.0,100.0,77.06349206349205,-22.93650793650795,-22.93650793650795,3.05158400000073
mvtec,bottle,8,2,8,39;78;88;93;104;120;146;181,0.24957685714882424,0.189550678862;0.228023289409;0.349345212362;0.26883883101;0.348276630845;0.230314883287;0.343873642665;0.181373308899,100.0,100.0,76.98412698412699,-23.015873015873012,-23.015873015873012,3.0864661000669003
mvtec,cable,2,0,2,138;148,0.2522682865877517,0.282013575997;0.222522997178,90.51724137931033,89.84257871064469,75.91829085457272,-13.92428785607197,-14.598950524737617,3.840824200073257
mvtec,cable,2,1,2,122;160,0.14815091697150745,0.114370704023;0.18193112992,91.54797601199401,91.04197901049474,64.05547226386807,-26.986506746626674,-27.49250374812594,3.8749056002125144
mvtec,cable,2,2,2,113;135,0.16661101430521907,0.214325572558;0.118896456052,86.82533733133432,88.28710644677662,57.758620689655174,-30.528485757121445,-29.06671664167915,3.8480340000241995
mvtec,cable,4,0,4,42;52;123;141,0.0923946518448058,0.104782321827;0.0800069818625;0.0648146163149;0.13348926494,93.75937031484257,95.93328335832084,28.204647676161915,-67.72863568215892,-65.55472263868066,3.9982249001041055
mvtec,cable,4,1,4,63;78;204;211,0.10305995084082457,0.123749950249;0.0432427806152;0.357916758207;0.0823699514323,93.72188905547226,97.28260869565217,30.95952023988006,-66.32308845577211,-62.7623688155922,3.9803230999968946
mvtec,cable,4,2,4,61;64;85;165,0.21332761303648615,0.158380055932;0.192400434693;0.23425479138;0.291518145404,94.95877061469264,96.66416791604198,66.96026986506747,-29.7038980509745,-27.998500749625165,3.9712562998756766
mvtec,cable,8,0,8,47;117;123;134;156;206;212;218,0.2040091661718701,0.195114620149;0.158223032336;0.212903712195;0.329816158513;0.0929836524318;0.23748748208;0.336883927223;0.18648963218,92.69115442278861,94.0967016491754,70.65217391304347,-23.44452773613193,-22.038980509745144,4.202836999902502
mvtec,cable,8,1,8,36;52;84;119;146;149;197;208,0.21286037603591135,0.101696169563;0.148124962311;0.320591710123;0.125243921916;0.233995953711;0.214992157712;0.21072859436;0.276492442097,95.89580209895053,97.73238380809596,69.15292353823088,-28.57946026986508,-26.742878560719646,4.233639899874106
mvtec,cable,8,2,8,19;60;78;94;136;178;209;221,0.1367461983914895,0.128649162796;0.144843233987;0.180974243467;0.108841168846;0.418340567154;0.0964810363715;0.209511203279;0.113466951585,93.62818590704649,97.07646176911544,48.669415292353825,-48.407046476761614,-44.95877061469266,4.245957700069994
visa,candle,2,0,2,547;820,0.3034034699601723,0.273967656114;0.332839283806,88.1,89.23,49.96,-39.27,-38.13999999999999,11.390833100071177
visa,candle,2,1,2,247;601,0.3509563080784282,0.333324620425;0.368587995732,90.45,88.55999999999999,63.23,-25.32999999999999,-27.220000000000006,11.235576500184834
visa,candle,2,2,2,598;688,0.2925213456947692,0.370870718806;0.214171972584,89.03000000000002,86.97,54.31,-32.66,-34.72000000000001,11.203528600046411
visa,candle,4,0,4,173;326;738;745,0.2842966027015943,0.219998777076;0.348594428327;0.211625032442;0.405110817081,91.72,89.71000000000001,49.88,-39.830000000000005,-41.839999999999996,11.80864439997822
visa,candle,4,1,4,488;682;700;803,0.21211297315401645,0.18327152569;0.134610440476;0.271169057478;0.240954420618,86.07,88.77000000000001,44.53,-44.24000000000001,-41.53999999999999,11.330507700098678
visa,candle,4,2,4,150;171;209;393,0.3051052220087117,0.324126520439;0.734172145024;0.286083923578;0.272284911592,91.47,90.63,52.59,-38.03999999999999,-38.879999999999995,11.215868800180033
visa,candle,8,0,8,24;159;198;276;450;618;734;805,0.18436959746110793,0.165708763338;0.152254421252;0.263299022759;0.280838615832;0.193550311387;0.175188883535;0.0527203689503;0.195074764049,92.64,91.60000000000001,44.720000000000006,-46.88,-47.919999999999995,11.645419899839908
visa,candle,8,1,8,28;111;133;436;442;503;506;766,0.24851219543600278,0.28543040932;0.678063798291;0.241593050621;0.2902483005;0.150007835659;0.251155102554;0.245869288318;0.241096653361,93.35,92.39,56.790000000000006,-35.599999999999994,-36.55999999999999,11.73884249990806
visa,candle,8,2,8,106;214;287;383;710;729;846;896,0.19347185912199633,0.172368924784;0.24703132167;0.0775891479599;0.361097031866;0.40824696035;0.106371937622;0.21457479346;0.147976320034,92.67,91.7,40.81,-50.89,-51.86,11.653379700146616
mvtec,capsule,2,0,2,14;189,0.2981223549327217,0.308990852635;0.28725385723,81.09293976864778,75.78779417630635,49.90027921818907,-25.88751495811728,-31.19266055045871,3.8794495000038296
mvtec,capsule,2,1,2,95;119,0.2514154386795922,0.221445862559;0.2813850148,88.47227762265658,93.17909852413243,54.287993617869965,-38.89110490626246,-34.18428400478661,3.5525446999818087
mvtec,capsule,2,2,2,26;217,0.1691111262793967,0.111569692982;0.226652559577,92.381332269645,94.45552453131232,36.05903470283207,-58.39648982848025,-56.32229756681293,3.570966700091958
mvtec,capsule,4,0,4,31;57;92;182,0.2723782644665388,0.281495856731;0.309204624625;0.194908557622;0.263260672202,93.69764658954927,91.54367770243319,57.359393697646595,-34.18428400478659,-36.33825289190267,3.6331994000356644
mvtec,capsule,4,1,4,40;49;67;189,0.2133862122582073,0.170326492335;0.191308434703;0.235463989813;0.336184261313,95.25329078579976,96.01116872756282,31.352213801356204,-64.65895492620662,-63.90107698444356,3.6354948999360204
mvtec,capsule,4,2,4,20;29;127;191,0.4891334433363036,0.212665866088;0.637985113064;0.431776201388;0.546490685284,95.7718388512166,97.52692461108894,69.16633426406062,-28.36059034702832,-26.605504587155977,3.63059449987486
mvtec,capsule,8,0,8,35;94;99;153;176;185;208;214,0.21869076368217666,0.203910013212;0.212787034792;0.0876959418475;0.270160570525;0.171714933918;0.224594492572;0.51608894186;0.487357417541,96.76904666932589,97.84603111288392,36.21858795372956,-61.62744315915436,-60.55045871559633,3.8668642002157867
mvtec,capsule,8,1,8,7;13;50;126;168;185;194;201,0.19111482526680199,0.206556001892;0.137290921963;0.225037184155;0.147309757382;0.256301022551;0.137299977924;0.267116952509;0.175673648641,94.7746310331073,96.17072197846032,48.14519345831672,-48.0255285201436,-46.62943757479058,3.880012599984184
mvtec,capsule,8,2,8,0;78;87;104;133;158;190;218,0.2592900540648919,0.301186466301;0.223020051584;0.293302393197;0.207643642577;0.225277714933;0.52264547412;0.217518226937;0.535620159992,97.28759473474273,98.00558436378142,45.87155963302752,-52.1340247307539,-51.4160351017152,3.8731078000273556
visa,capsules,2,0,2,282;399,0.24811799154430064,0.297828272658;0.19840771043,93.66666666666667,94.53333333333333,43.7,-50.83333333333333,-49.96666666666667,10.662417699815705
visa,capsules,2,1,2,123;150,0.4693407994006427,0.53270928483;0.405972313972,94.86666666666666,95.16666666666667,58.95,-36.21666666666667,-35.91666666666666,10.099199599819258
visa,capsules,2,2,2,180;518,0.349782427646664,0.321222900508;0.378341954785,94.01666666666667,94.23333333333333,66.73333333333333,-27.5,-27.28333333333333,9.926781499991193
visa,capsules,4,0,4,75;216;220;522,0.2627735998231628,0.0926510961644;0.486218909544;0.20703771136;0.318509488286,94.86666666666666,95.16666666666667,56.21666666666667,-38.95,-38.64999999999999,9.363138499902561
visa,capsules,4,1,4,7;107;181;255,0.5288277923258402,0.67909799927;0.346076162412;0.450855778476;0.606799806176,95.51666666666667,95.78333333333335,53.300000000000004,-42.48333333333334,-42.21666666666666,8.546302900183946
visa,capsules,4,2,4,167;393;422;508,0.3346469668755252,0.152081433382;0.386676144493;0.353524288038;0.315769645713,93.45,93.61666666666666,64.95,-28.666666666666657,-28.5,8.549490900011733
visa,capsules,8,0,8,76;108;113;303;335;417;518;540,0.2561404138366611,0.143866956672;0.515065667539;0.167348294391;0.284190311852;0.417863793823;0.0756469434536;0.257771980834;0.25450884684,94.83333333333333,95.13333333333334,58.733333333333334,-36.400000000000006,-36.099999999999994,9.135875299805775
visa,capsules,8,1,8,179;238;254;378;394;460;483;511,0.2688395283657267,0.220322162885;0.454475097442;0.266241712092;0.426732314791;0.247699347983;0.642794916435;0.27143734464;0.247502325404,96.05000000000001,95.68333333333334,61.11666666666666,-34.56666666666668,-34.93333333333335,9.439137700013816
visa,capsules,8,2,8,29;58;67;89;121;258;314;352,0.2765996026918279,0.252941692791;0.140776521823;0.225066401545;0.30234877106;0.142319716894;0.300257512593;0.641075344228;0.610515091137,95.61666666666666,95.10000000000001,61.23333333333334,-33.86666666666667,-34.38333333333332,9.045688799815252
mvtec,carpet,2,0,2,82;171,0.18717442841957932,0.160174287907;0.214174568932,100.0,100.0,46.26805778491171,-53.73194221508829,-53.73194221508829,3.5593592000659555
mvtec,carpet,2,1,2,200;266,0.23653935971856616,0.240394871936;0.232683847501,100.0,100.0,55.81861958266453,-44.18138041733547,-44.18138041733547,3.177404300076887
mvtec,carpet,2,2,2,13;213,0.20178017227536182,0.306813389982;0.0967469545689,100.0,100.0,49.59871589085073,-50.40128410914927,-50.40128410914927,3.1888162000104785
mvtec,carpet,4,0,4,32;95;175;180,0.2206108097294161,0.246828166541;0.181064539883;0.292126062251;0.194393452918,100.0,100.0,57.30337078651685,-42.69662921348315,-42.69662921348315,3.2673912001773715
mvtec,carpet,4,1,4,18;56;121;252,0.27849209311832934,0.456656967787;0.14779923933;0.230494447854;0.326489738383,100.0,100.0,82.26324237560193,-17.736757624398066,-17.736757624398066,3.2609009998850524
mvtec,carpet,4,2,4,8;123;140;194,0.18074658256755077,0.086836589808;0.130096541847;0.231396623289;0.308273902008,100.0,100.0,37.92134831460674,-62.07865168539326,-62.07865168539326,3.25776829989627
mvtec,carpet,8,0,8,36;51;54;135;163;186;212;265,0.3038629967795409,0.121864425118;0.281181809481;0.160786932293;0.356218039693;0.342053067482;0.407187912704;0.326544184078;0.0774505539388,100.0,100.0,80.25682182985553,-19.743178170144475,-19.743178170144475,3.459809800144285
mvtec,carpet,8,1,8,31;49;91;104;181;191;230;266,0.3443325876334872,0.35111414338;0.36363753882;0.162401988233;0.0725405279651;0.563055791593;0.319991069543;0.498595323912;0.337551031887,100.0,100.0,93.53932584269663,-6.460674157303373,-6.460674157303373,3.4589813000056893
mvtec,carpet,8,2,8,12;44;71;112;124;141;175;187,0.18826951906579314,0.324002177577;0.175925761885;0.147905582579;0.969661460222;0.120799185834;0.200613276246;0.128304876255;0.291476189112,100.0,100.0,41.21187800963082,-58.78812199036918,-58.78812199036918,3.641754399985075
visa,cashew,2,0,2,174;406,0.330662051335397,0.237318181895;0.424005920776,91.46,95.48,54.1,-41.38,-37.35999999999999,7.131437699776143
visa,cashew,2,1,2,33;117,0.37329814644991666,0.565836234427;0.180760058473,93.80000000000001,96.6,61.760000000000005,-34.83999999999999,-32.040000000000006,5.287352399900556
visa,cashew,2,2,2,7;192,0.238221442743069,0.326426531016;0.15001635447,90.17999999999999,91.64,46.14,-45.5,-44.03999999999999,5.013487099902704
visa,cashew,4,0,4,97;122;242;292,0.23142376618794794,0.130730603302;0.206943528386;0.255904003989;0.28271783233,91.56,94.84,49.38,-45.46,-42.18,5.114610800053924
visa,cashew,4,1,4,130;144;220;302,0.24607602965346825,0.269790556059;0.162186429362;0.523270933796;0.222361503248,94.39999999999999,95.5,49.559999999999995,-45.940000000000005,-44.839999999999996,5.159187400015071
visa,cashew,4,2,4,1;88;135;265,0.30872168770809894,0.311164626929;0.475882069116;0.212570302731;0.306278748487,92.96,96.25999999999999,41.92000000000001,-54.33999999999998,-51.039999999999985,5.172258900012821
visa,cashew,8,0,8,6;81;94;180;263;301;309;376,0.2163152558896152,0.14986238348;0.0698978793229;0.196955292399;0.188685945687;0.387838693691;0.235675219381;0.428719128121;0.328655595813,95.34,96.78000000000002,49.22,-47.56000000000002,-46.120000000000005,5.41354320012033
visa,cashew,8,1,8,3;53;117;216;345;377;408;437,0.1943866039675133,0.183633776598;0.131124965477;0.201029366688;0.187743841247;0.281932647344;0.249687996514;0.378221959118;0.176124334762,96.5,97.86,55.67999999999999,-42.18000000000001,-40.82000000000001,6.344947499921545
visa,cashew,8,2,8,9;44;45;171;318;366;387;435,0.20361424329296757,0.220071027411;0.409966857313;0.191694771761;0.215533714825;0.182233129918;0.217163854753;0.16071223569;0.0974555142024,93.89999999999999,95.92,54.21999999999999,-41.70000000000001,-39.68,6.508133900118992
visa,chewinggum,2,0,2,155;190,0.15044676978841384,0.216466372943;0.0844271666338,98.32,99.1,32.019999999999996,-67.08,-66.3,8.041320700198412
visa,chewinggum,2,1,2,241;290,0.1750410902662224,0.235270313521;0.114811867011,97.42,98.4,38.86000000000001,-59.54,-58.559999999999995,6.802997399820015
visa,chewinggum,2,2,2,32;355,0.29565256360929054,0.40201182637;0.189293300849,98.2,98.7,65.52,-33.18000000000001,-32.68000000000001,6.802686200011522
visa,chewinggum,4,0,4,56;178;285;433,0.2553489650415668,0.205591394639;0.75419858028;0.264605517945;0.246092412138,97.3,97.78,60.620000000000005,-37.16,-36.67999999999999,6.959733500145376
visa,chewinggum,4,1,4,155;190;221;373,0.18047701403887884,0.11159474743;0.201321176885;0.253543802127;0.159632851193,98.16,99.3,31.599999999999994,-67.7,-66.56,6.962109199957922
visa,chewinggum,4,2,4,32;195;230;372,0.4559435362862387,0.370890920948;0.607128725968;0.0740465681512;0.540996151624,97.77999999999999,98.66,79.74,-18.92,-18.039999999999992,6.947011600015685
visa,chewinggum,8,0,8,66;98;191;201;209;225;292;318,0.34616194351873175,0.352714578897;0.240011326735;0.558132184747;0.402987316098;0.188317583272;0.339609308141;0.262358623052;0.482255293428,98.4,98.74,69.26,-29.47999999999999,-29.14,7.347834600135684
visa,chewinggum,8,1,8,55;114;163;230;268;309;368;424,0.1992055418425306,0.284026304542;0.197133379884;0.13382482783;0.128353289031;0.371339084901;0.201277703801;0.307291330203;0.189047163293,98.08,98.32000000000001,41.0,-57.32000000000001,-57.08,7.326214300002903
visa,chewinggum,8,2,8,46;89;132;141;335;386;399;425,0.40315075795711336,0.756834525733;0.345716310498;0.478128244956;0.154118793806;0.229134205614;0.198428733952;0.542426408916;0.460585205416,97.72000000000001,98.32,80.43999999999998,-17.88000000000001,-17.28000000000003,7.285660399822518
visa,fryum,2,0,2,51;323,0.4361797781100103,0.394641755295;0.477717800925,93.89999999999999,96.88,42.96,-53.919999999999995,-50.93999999999999,9.17055210005492
visa,fryum,2,1,2,201;318,0.2391942349843836,0.283724506616;0.194663963353,93.76,96.52000000000001,59.5,-37.02000000000001,-34.260000000000005,8.605675200000405
visa,fryum,2,2,2,57;330,0.36122541085530957,0.373841974304;0.348608847407,93.02,96.1,55.919999999999995,-40.18,-37.1,8.299565099878237
visa,fryum,4,0,4,32;128;309;311,0.19249527559428486,0.448918670879;0.149554855634;0.0798549997763;0.235435695554,96.1,97.39999999999999,66.8,-30.599999999999994,-29.299999999999997,8.885359399951994
visa,fryum,4,1,4,0;32;173;355,0.2790559131774167,0.253934898081;0.339487913691;0.304176928274;0.206524400138,93.69999999999999,95.98,60.28,-35.7,-33.41999999999999,8.946834599832073
visa,fryum,4,2,4,14;41;193;277,0.39532378966979403,0.0834961531857;0.386858567181;0.403789012158;0.523217095869,94.33999999999999,96.41999999999999,57.52,-38.899999999999984,-36.819999999999986,8.936853399965912
visa,fryum,8,0,8,143;191;214;333;372;397;401;434,0.28660535194953995,0.22738243742;0.294367915769;0.617693816847;0.335492994636;0.141097700449;0.27884278813;0.358620857398;0.153405345099,95.44,97.10000000000001,59.399999999999984,-37.700000000000024,-36.04000000000001,9.647711500059813
visa,fryum,8,1,8,80;121;222;253;324;350;370;394,0.34156491830529245,0.391102735252;0.522144244979;0.161154761079;0.328730796557;0.282986093033;0.354399040053;0.32299280914;0.46314180835,94.94,96.28000000000002,53.959999999999994,-42.32000000000002,-40.980000000000004,9.608180299866945
visa,fryum,8,2,8,90;121;145;206;218;263;285;348,0.19605689083855504,0.283152988745;0.382806763537;0.202374044706;0.375810898166;0.129989735787;0.189739736971;0.185457365315;0.174633309995,94.76,96.3,62.839999999999996,-33.46,-31.92000000000001,9.361257900018245
mvtec,grid,2,0,2,3;196,0.3747148525332604,0.439907446781;0.309522258286,99.33166248955723,99.16457811194654,70.76023391812866,-28.404344193817877,-28.57142857142857,3.3148934000637382
mvtec,grid,2,1,2,129;141,0.09056461377595713,0.070133999633;0.110995227919,100.0,100.0,41.687552213868,-58.312447786132,-58.312447786132,3.2354877998586744
mvtec,grid,2,2,2,122;165,0.06543431831914931,0.0876379808251;0.0432306558132,98.9139515455305,99.66583124477862,32.748538011695906,-66.91729323308272,-66.1654135338346,3.249446399975568
mvtec,grid,4,0,4,205;207;218;223,0.18289270589696366,0.125192782697;0.336301691901;0.153418844632;0.212366567162,99.66583124477862,99.91645781119465,59.899749373433586,-40.01670843776106,-39.76608187134503,3.275415499927476
mvtec,grid,4,1,4,21;56;180;223,0.17369916745123692,0.191814468236;0.155583866667;0.294949633964;0.100472487661,99.58228905597326,100.0,55.55555555555556,-44.44444444444444,-44.026733500417706,3.2694077999331057
mvtec,grid,4,2,4,140;193;237;239,0.2521407602544772,0.457371571474;0.293301453958;0.114887938306;0.210980066551,99.66583124477862,99.49874686716792,64.91228070175438,-34.58646616541354,-34.75355054302423,3.2317556999623775
mvtec,grid,8,0,8,45;63;119;120;126;168;224;225,0.15072875580186326,0.119074356539;0.0303879117681;0.319535083358;0.0756788899357;0.172736340716;0.128721170888;0.306067358287;0.269872403906,100.0,100.0,67.75271512113616,-32.24728487886384,-32.24728487886384,3.4320971998386085
mvtec,grid,8,1,8,32;97;102;123;164;165;182;198,0.1355501527988699,0.31865919947;0.115157068849;0.163164709265;0.101752534289;0.0436776919024;0.0431958838857;0.155943236749;0.159576260129,100.0,100.0,60.56808688387636,-39.43191311612364,-39.43191311612364,3.4502147999592125
mvtec,grid,8,2,8,15;59;63;72;76;148;229;260,0.1501299713183589,0.0801958704586;0.346720961945;0.0267666457013;0.250421016296;0.162192471449;0.319241855353;0.138067471187;0.0457573569624,99.91645781119465,99.83291562238931,66.75020885547201,-33.0827067669173,-33.16624895572264,3.4342263999860734
mvtec,hazelnut,2,0,2,5;93,0.41258821628921616,0.604366061924;0.220810370655,99.57142857142857,99.71428571428571,84.39285714285715,-15.321428571428555,-15.178571428571416,5.111304499907419
mvtec,hazelnut,2,1,2,13;308,0.19520857892607252,0.0818763083374;0.308540849515,97.28571428571428,98.14285714285714,64.67857142857143,-33.46428571428571,-32.60714285714285,4.684179800096899
mvtec,hazelnut,2,2,2,76;129,0.1275981022141761,0.0872757148772;0.167920489551,96.96428571428571,98.78571428571429,36.464285714285715,-62.32142857142858,-60.49999999999999,4.699135000118986
mvtec,hazelnut,4,0,4,55;130;182;196,0.10876032694567965,0.0981292917361;0.119391362155;0.442436842511;0.0903350798547,99.17857142857143,99.53571428571428,43.99999999999999,-55.535714285714285,-55.17857142857144,4.655215899925679
mvtec,hazelnut,4,1,4,115;183;193;348,0.08336155216407058,0.103444185269;0.19203362662;0.0589639347791;0.0632789190587,94.32142857142857,97.78571428571429,35.57142857142857,-62.21428571428572,-58.75,4.01867669983767
mvtec,hazelnut,4,2,4,79;84;224;261,0.2218408406728677,0.183197219828;0.264526738486;0.24948206856;0.194199612786,98.5,98.64285714285714,73.67857142857144,-24.964285714285694,-24.821428571428555,4.038514300016686
mvtec,hazelnut,8,0,8,10;73;87;130;266;301;319;375,0.19595994619141544,0.105306922861;0.175155290888;0.215528169999;0.319115048994;0.311050786786;0.141953015848;0.176391722384;0.228263675183,99.78571428571428,100.0,75.64285714285714,-24.35714285714286,-24.14285714285714,4.651478500105441
mvtec,hazelnut,8,1,8,152;184;259;272;273;317;346;375,0.14085697570018885,0.143839169054;0.062271062811;0.0940021615685;0.295043833243;0.0878243496525;0.348445490064;0.137874782346;0.235627293179,100.0,100.0,53.89285714285714,-46.10714285714286,-46.10714285714286,5.049973099958152
mvtec,hazelnut,8,2,8,64;99;139;165;214;304;321;369,0.1807013988209872,0.106151911985;0.316353264888;0.142415207712;0.433296575566;0.218987589929;0.0402761669889;0.357929139875;0.0605500305823,99.82142857142857,100.0,63.53571428571429,-36.46428571428571,-36.28571428571428,5.020942300092429
mvtec,leather,2,0,2,49;117,0.3178099813273084,0.230888310434;0.404731652221,100.0,100.0,95.68614130434783,-4.313858695652172,-4.313858695652172,4.065379300154746
mvtec,leather,2,1,2,46;79,0.5782102410898847,0.649448813879;0.5069716683,100.0,100.0,96.12771739130434,-3.872282608695656,-3.872282608695656,3.7008741998579353
mvtec,leather,2,2,2,86;220,0.4608688975350735,0.828702985725;0.0930348093453,100.0,100.0,96.3654891304348,-3.6345108695652044,-3.6345108695652044,3.7069039000198245
mvtec,leather,4,0,4,56;62;164;220,0.3828165345914166,0.51582060977;0.249812459412;0.620034320957;0.159122392737,100.0,100.0,95.5842391304348,-4.415760869565204,-4.415760869565204,3.82432430004701
mvtec,leather,4,1,4,63;68;97;146,0.3187281261150801,0.373795150889;0.318156611362;0.319299640868;0.295655727278,100.0,100.0,95.92391304347827,-4.076086956521735,-4.076086956521735,3.8317603999748826
mvtec,leather,4,2,4,71;84;155;190,0.3784482486767823,0.163104727021;0.304201038038;0.452695459315;0.534895418272,100.0,100.0,96.39945652173913,-3.6005434782608745,-3.6005434782608745,3.764984500128776
mvtec,leather,8,0,8,42;101;116;135;139;148;174;184,0.3165557519170653,0.198434790023;0.488375264095;0.273098077169;0.757406815003;0.585367797825;0.319663066226;0.173177752413;0.313448437609,100.0,100.0,88.58695652173914,-11.41304347826086,-11.41304347826086,4.045232099946588
mvtec,leather,8,1,8,43;47;50;72;86;133;196;241,0.3163283474912809,0.157519279714;0.593369778848;0.179735546692;0.428613809715;0.361437149321;0.476406194842;0.271219545662;0.259382397484,100.0,100.0,89.09646739130433,-10.90353260869567,-10.90353260869567,4.028699200134724
mvtec,leather,8,2,8,10;21;88;116;170;213;215;243,0.27201906635821793,0.822697648129;0.281331357301;0.503353442935;0.204750963063;0.220397330037;0.361589831066;0.262706775415;0.141191021236,100.0,100.0,89.6399456521739,-10.360054347826093,-10.360054347826093,4.004178099799901
visa,macaroni1,2,0,2,646;887,0.19569633671645018,0.189610691435;0.201781981998,70.55,75.01,77.84,2.8299999999999983,7.290000000000006,16.83449099981226
visa,macaroni1,2,1,2,771;797,0.16185879918441992,0.14663683483;0.177080763539,77.55,81.78999999999999,66.72,-15.069999999999993,-10.829999999999998,15.718402199912816
visa,macaroni1,2,2,2,464;846,0.38757668060955347,0.392396847247;0.382756513972,74.99,73.11999999999999,57.65999999999999,-15.46,-17.330000000000005,14.724314299877733
visa,macaroni1,4,0,4,586;745;883;891,0.21271826350828454,0.159437369858;0.381659189082;0.21292807198;0.212508455037,76.51,80.65,74.0,-6.650000000000006,-2.510000000000005,12.964414099929854
visa,macaroni1,4,1,4,335;345;371;482,0.200565899230134,0.147803722584;0.180620519704;0.220511278756;0.245412253652,81.56,81.17,59.330000000000005,-21.839999999999996,-22.229999999999997,14.533374699996784
visa,macaroni1,4,2,4,206;255;850;873,0.17351166608870608,0.136678192854;0.339166796417;0.124883315988;0.210345139323,82.30999999999999,79.47999999999999,75.54,-3.9399999999999835,-6.769999999999982,15.725271300179884
visa,macaroni1,8,0,8,114;309;475;629;692;723;727;872,0.2193140608375072,0.120416195795;0.5355417453;0.214570240724;0.495341399318;0.365785840749;0.195306348613;0.224057880951;0.115706303207,82.19000000000001,82.98,75.44999999999999,-7.530000000000015,-6.740000000000023,16.064161099959165
visa,macaroni1,8,1,8,57;106;306;443;523;527;665;688,0.18029220239941207,0.148991428345;0.340311932063;0.147968079384;0.176594650718;0.403037071207;0.0932543432428;0.451920485895;0.18398975408,81.71000000000001,84.24000000000001,71.89,-12.350000000000009,-9.820000000000007,16.38030540011823
visa,macaroni1,8,2,8,61;70;93;104;171;496;601;818,0.29049666821342907,0.180940358806;0.219644173187;0.308740646754;0.302950155565;0.278043180862;0.348640462799;0.251550526609;0.364209360158,85.03,83.94,65.31,-18.629999999999995,-19.72,16.278921499848366
visa,macaroni2,2,0,2,295;427,0.13135210118492494,0.102683657886;0.160020544484,63.519999999999996,61.199999999999996,79.88,18.68,16.36,15.772302500205114
visa,macaroni2,2,1,2,294;406,0.209972677090382,0.304167221208;0.115778132973,68.65,56.88999999999999,61.1,4.210000000000008,-7.550000000000004,15.358536200132221
visa,macaroni2,2,2,2,620;650,0.30007694207103464,0.260415763337;0.339738120805,66.99000000000001,63.72,50.96000000000001,-12.759999999999991,-16.03,14.706789100077003
visa,macaroni2,4,0,4,311;486;591;692,0.15591623978350877,0.205954728025;0.144535997031;0.167296482536;0.100557839313,71.33,68.24,69.99,1.75,-1.3400000000000034,15.258420699974522
visa,macaroni2,4,1,4,29;245;554;852,0.2546024620856274,0.311850620083;0.185871050969;0.205568306436;0.303636617735,65.57000000000001,62.85000000000001,55.02999999999999,-7.820000000000022,-10.54000000000002,15.611515199998394
visa,macaroni2,4,2,4,156;578;781;872,0.21687341266993143,0.315011658997;0.231253796814;0.202493028526;0.154601094752,65.53999999999999,60.86,61.260000000000005,0.4000000000000057,-4.279999999999987,15.43154829996638
visa,macaroni2,8,0,8,101;139;211;294;325;367;715;879,0.23087135338791895,0.186052294777;0.0888978291216;0.402307566315;0.269479314139;0.364885073983;0.192263392637;0.516276994348;0.116755040762,70.13000000000001,63.23,58.64,-4.589999999999996,-11.490000000000009,16.100483799818903
visa,macaroni2,8,1,8,48;203;234;324;697;722;726;816,0.19358572793922252,0.489666540975;0.108987704065;0.109777717493;0.300834546369;0.106064762345;0.176490925207;0.270408516301;0.210680530672,66.14999999999999,64.82,60.77000000000001,-4.049999999999983,-5.379999999999981,16.171494900016114
visa,macaroni2,8,2,8,90;113;274;385;491;802;816;895,0.3084240637990324,0.279346401799;0.218711694314;0.201817024175;0.33952538581;0.346118555568;0.354631505759;0.3375017258;0.151809959112,70.16000000000001,71.88999999999999,57.71000000000001,-14.179999999999978,-12.450000000000003,16.16676550009288
mvtec,metal_nut,2,0,2,8;214,0.30160631567526636,0.266282407915;0.336930223436,99.75562072336265,99.90224828934507,87.68328445747801,-12.218963831867057,-12.072336265884644,3.549433199921623
mvtec,metal_nut,2,1,2,23;128,0.3176742894941412,0.397427418896;0.237921160093,100.0,99.8533724340176,92.91300097751711,-6.940371456500486,-7.086999022482885,2.7581428000703454
mvtec,metal_nut,2,2,2,64;182,0.14353943171766428,0.195026862067;0.0920520013681,100.0,99.95112414467253,35.581622678396876,-64.36950146627566,-64.41837732160312,2.7496634998824447
mvtec,metal_nut,4,0,4,52;134;150;168,0.3519393426910473,0.380892196025;0.238291815584;0.322986489357;0.496742325874,100.0,100.0,88.51417399804497,-11.485826001955033,-11.485826001955033,2.8161863000132143
mvtec,metal_nut,4,1,4,10;157;176;211,0.24300214954277924,0.245598318281;0.240405980805;0.283088735664;0.21175912719,100.0,99.95112414467253,85.43499511241447,-14.516129032258064,-14.56500488758553,2.818094899877906
mvtec,metal_nut,4,2,4,117;127;131;199,0.1784523982714964,0.0839436157625;0.265555474504;0.245313904204;0.111590892339,99.8533724340176,100.0,59.43304007820137,-40.56695992179863,-40.42033235581623,2.831801700172946
mvtec,metal_nut,8,0,8,12;31;83;112;124;152;206;214,0.1955650512322734,0.162321930975;0.24282949329;0.116282794033;0.199838849187;0.23870777202;0.191291253277;0.118890116719;0.523677528246,99.95112414467253,100.0,42.86412512218964,-57.13587487781036,-57.08699902248289,2.999595900066197
mvtec,metal_nut,8,1,8,17;31;33;62;81;84;111;117,0.17830122643064644,0.146989135926;0.329034480854;0.0779672159392;0.290393116423;0.365203028978;0.174942136053;0.0726325928136;0.181660316808,99.95112414467253,100.0,47.06744868035191,-52.93255131964809,-52.883675464320625,3.0066134999506176
mvtec,metal_nut,8,2,8,15;54;55;62;95;129;147;176,0.1970340360235524,0.381350478219;0.186771857227;0.159185325263;0.20729621482;0.247738723785;0.158928610127;0.172662916701;0.450650488683,100.0,100.0,47.31182795698925,-52.68817204301075,-52.68817204301075,3.2554172000382096
visa,pcb1,2,0,2,428;719,0.23008509190697768,0.154683363875;0.305486819938,77.94,81.58,53.53,-28.049999999999997,-24.409999999999997,14.758145099971443
visa,pcb1,2,1,2,263;773,0.5699359696500568,0.581149148104;0.558722791196,93.75,89.66,72.85999999999999,-16.80000000000001,-20.890000000000015,13.081760399974883
visa,pcb1,2,2,2,216;534,0.2121817521027014,0.217674049415;0.206689454791,94.88000000000001,90.74,34.23,-56.51,-60.65000000000001,13.153317699907348
visa,pcb1,4,0,4,157;175;186;233,0.44054127260128323,0.463729679463;0.495107902995;0.349404741889;0.41735286574,92.14,89.34,67.72,-21.620000000000005,-24.42,13.19097979995422
visa,pcb1,4,1,4,366;581;617;731,0.44606324731950875,0.322048250293;0.56732803146;0.700864099307;0.324798463179,78.02999999999999,81.69999999999999,45.96,-35.73999999999999,-32.069999999999986,13.263909799978137
visa,pcb1,4,2,4,66;193;207;514,0.39725798152296665,0.404813000899;0.311050175669;0.743031580422;0.389702962147,93.87,90.31,63.27,-27.04,-30.6,13.192928500007838
visa,pcb1,8,0,8,4;251;319;447;484;611;796;800,0.4381608096316833,0.66902878976;0.467015014732;0.587249591331;0.409306604531;0.212805975782;0.0799107883254;0.709962945506;0.254252976781,88.85,91.7,48.949999999999996,-42.75000000000001,-39.9,13.802046600030735
visa,pcb1,8,1,8,33;83;292;382;524;663;684;691,0.3682104137888187,0.130019646352;0.525845224682;0.31685563979;0.475420888266;0.680090604263;0.357254031646;0.337629933553;0.379166795932,86.61,88.34,60.11,-28.230000000000004,-26.5,13.536639800062403
visa,pcb1,8,2,8,48;206;273;373;447;600;828;882,0.34473108973405575,0.316307658591;0.320044488208;0.355312394181;0.334149785287;0.415877915702;0.173615221322;0.382068380706;0.434547591149,89.07,93.67,57.010000000000005,-36.66,-32.05999999999999,13.857700299937278
visa,pcb2,2,0,2,659;765,0.38625095535166976,0.34414495292;0.428356957783,79.33,81.39,51.849999999999994,-29.540000000000006,-27.480000000000004,14.093945699976757
visa,pcb2,2,1,2,256;734,0.25512587056860864,0.383232165022;0.127019576115,73.78,75.79,46.650000000000006,-29.14,-27.129999999999995,13.00882439990528
visa,pcb2,2,2,2,545;738,0.3390157672759675,0.173145750534;0.504885784018,75.97999999999999,77.81,48.47,-29.340000000000003,-27.50999999999999,13.236952400067821
visa,pcb2,4,0,4,200;392;684;900,0.2648152191333783,0.394738485058;0.207324079638;0.322306358629;0.179680173439,80.98,82.15999999999998,57.43000000000001,-24.729999999999976,-23.549999999999997,13.342364500043914
visa,pcb2,4,1,4,431;614;790;842,0.37637083412461736,0.317128300956;0.219124323244;0.435613367293;0.472702123739,80.55000000000001,82.33,41.48,-40.85,-39.070000000000014,13.528452600119635
visa,pcb2,4,2,4,227;367;445;467,0.41189636158795917,0.384995810377;0.438796912799;0.478357625331;0.382807039716,79.57000000000001,81.24,53.59,-27.64999999999999,-25.980000000000004,13.3962094001472
visa,pcb2,8,0,8,2;192;248;282;506;542;575;753,0.34300989466802867,0.652913596456;0.355220583587;0.292440777605;0.555683917525;0.330799205749;0.326087905549;0.628193627397;0.162433065827,80.49000000000001,82.50999999999999,49.14,-33.36999999999999,-31.35000000000001,13.72696499992162
visa,pcb2,8,1,8,41;261;607;644;645;689;694;745,0.3412960782555491,0.337293589557;0.345298566954;0.33280992898;0.2791558352;0.446269580092;0.374947070694;0.25004801145;0.361535578993,82.61999999999999,83.3,52.760000000000005,-30.539999999999992,-29.859999999999985,13.848178700078279
visa,pcb2,8,2,8,82;370;380;486;606;620;758;807,0.3608019084958472,0.194490424893;0.460620007286;0.475338915962;0.41909495942;0.439395515859;0.172964121184;0.276790813842;0.302508857572,83.82000000000001,84.71000000000001,48.93,-35.78000000000001,-34.89000000000001,13.698237500153482
visa,pcb3,2,0,2,459;574,0.37474438202077226,0.410124405456;0.339364358586,85.8019801980198,88.15841584158416,45.980198019801975,-42.178217821782184,-39.82178217821783,18.066850800067186
visa,pcb3,2,1,2,113;283,0.27816523844794855,0.210486745541;0.345843731355,83.39603960396039,85.42574257425743,45.53465346534654,-39.89108910891089,-37.86138613861385,16.76523629995063
visa,pcb3,2,2,2,166;209,0.2136084066422822,0.112302837456;0.314913975828,85.70297029702971,86.25742574257427,44.83168316831683,-41.42574257425744,-40.87128712871288,16.761187199968845
visa,pcb3,4,0,4,122;288;624;718,0.24118097135527827,0.231463719227;0.891594181986;0.226439794899;0.250898223484,85.62376237623762,88.95049504950495,51.64356435643565,-37.306930693069305,-33.980198019801975,17.04974289983511
visa,pcb3,4,1,4,72;164;587;896,0.2831347306607175,0.10179120031;0.405081435548;0.310423954655;0.255845506667,85.6039603960396,88.56435643564356,51.21782178217822,-37.34653465346534,-34.38613861386138,17.14424579986371
visa,pcb3,4,2,4,69;584;730;832,0.17936978782835633,0.202001163188;0.156738412469;0.08885045176;0.272498191102,86.91089108910892,88.22772277227723,47.71287128712871,-40.51485148514852,-39.1980198019802,17.13684260006994
visa,pcb3,8,0,8,3;47;206;369;542;613;716;882,0.29877268444098193,0.155961767178;0.319468459075;0.17141521994;0.530691772443;0.374410998536;0.223973035305;0.62591694381;0.278076909807,90.04950495049503,90.46534653465346,56.3960396039604,-34.06930693069306,-33.65346534653463,18.233348900219426
visa,pcb3,8,1,8,10;127;201;361;379;416;518;621,0.24371675774050772,0.151488690009;0.229586707079;0.395970791515;0.11829475818;0.294106665043;0.401285426783;0.257846808402;0.164037840773,90.45544554455446,90.79207920792079,52.5940594059406,-38.198019801980195,-37.86138613861387,17.811292300000787
visa,pcb3,8,2,8,71;74;200;252;722;886;891;897,0.27938715125762337,0.556778148374;0.266031984551;0.191687608717;0.18631509804;0.292742317964;0.345917606098;0.226919063574;0.565443653669,89.09900990099011,90.23762376237623,52.10891089108911,-38.12871287128712,-36.990099009901,18.306386499898508
visa,pcb4,2,0,2,250;724,0.11997459896576591,0.186528588944;0.0534206089871,77.83168316831683,91.52475247524751,39.02970297029703,-52.49504950495048,-38.8019801980198,13.348355500027537
visa,pcb4,2,1,2,139;246,0.25038612887996814,0.275826576601;0.224945681159,89.36633663366338,93.98019801980197,41.069306930693074,-52.9108910891089,-48.297029702970306,10.737842299975455
visa,pcb4,2,2,2,454;703,0.1927551611515015,0.144518695733;0.24099162657,84.55445544554455,93.01980198019801,37.0990099009901,-55.920792079207914,-47.45544554455445,10.458598800003529
visa,pcb4,4,0,4,353;500;666;717,0.22589251673686042,0.795218985523;0.0780273928417;0.258267427306;0.193517606168,95.61386138613861,97.01980198019801,23.861386138613863,-73.15841584158414,-71.75247524752474,10.605127800023183
visa,pcb4,4,1,4,110;142;766;834,0.34962589463672133,0.0775930361276;0.234365566571;0.464886222702;0.465235635249,87.30693069306932,94.20792079207921,55.346534653465355,-38.86138613861385,-31.960396039603964,10.571769200032577
visa,pcb4,4,2,4,213;332;412;510,0.3361341354658895,0.0610053606441;0.363751356896;0.313338236126;0.358930034806,93.40594059405942,96.96039603960396,59.17821782178218,-37.78217821782179,-34.22772277227724,10.68022340000607
visa,pcb4,8,0,8,18;364;383;414;443;780;861;885,0.3393001923580795,0.359228557035;0.576530776878;0.338124386311;0.335464581096;0.0855704014347;0.304764771244;0.464977668975;0.340475998405,90.83168316831683,96.46534653465346,51.18811881188119,-45.277227722772274,-39.64356435643564,11.084752700058743
visa,pcb4,8,1,8,68;172;219;505;574;602;628;785,0.2775242881637576,0.367663667303;0.321674444007;0.232282012109;0.297463664644;0.431951738425;0.257584911684;0.197229293044;0.098315423315,92.92079207920793,96.29702970297029,30.207920792079207,-66.08910891089108,-62.71287128712872,11.098325700033456
visa,pcb4,8,2,8,79;100;237;600;607;698;703;836,0.28966697886023035,0.431852270159;0.13408931969;0.219270758337;0.279985068886;0.0840893621615;0.337055568066;0.299348888835;0.672428264355,95.58415841584159,98.72277227722772,38.0,-60.72277227722772,-57.584158415841586,11.061134999850765
mvtec,pill,2,0,2,6;139,0.17693960401461656,0.199189924458;0.154689283571,93.34424440807419,96.39934533551555,57.11947626841244,-39.27986906710311,-36.22476813966175,3.8567896999884397
mvtec,pill,2,1,2,41;183,0.24357690786202216,0.189058413445;0.298095402279,93.23513366066558,95.3355155482815,66.28477905073649,-29.050736497545017,-26.950354609929093,3.602936699986458
mvtec,pill,2,2,2,143;263,0.1236739339903916,0.0661779660689;0.181169901912,93.28968903436989,95.19912711402073,35.51554828150573,-59.683578832514996,-57.774140752864156,3.597430899972096
mvtec,pill,4,0,4,2;14;57;244,0.25633527519230875,0.18558871486;0.370946384218;0.26800154717;0.244669003214,96.4266230223677,96.94489907255866,75.94108019639935,-21.0038188761593,-20.485542825968352,3.700957000022754
mvtec,pill,4,1,4,77;105;124;215,0.2377969750700476,0.271226641405;0.338777462094;0.179215000208;0.204367308735,96.80851063829786,98.19967266775778,58.756137479541735,-39.443535188216046,-38.052373158756126,3.6944240999873728
mvtec,pill,4,2,4,66;67;164;265,0.20204343346973216,0.41282544809;0.145908203415;0.258178663524;0.141320334576,94.54446262956901,96.20840152755046,59.02891434806329,-37.179487179487175,-35.51554828150572,3.7022698998916894
mvtec,pill,8,0,8,5;21;23;29;84;108;151;218,0.17972535320123897,0.159583863868;0.082667594443;0.245181395727;0.36291127203;0.16740622194;0.192044484462;0.241452984798;0.143540863338,97.13584288052373,97.57228587015821,46.94489907255864,-50.62738679759957,-50.190943807965084,3.9626993001438677
mvtec,pill,8,1,8,56;68;69;75;140;157;218;226,0.26459061417341334,0.244338176359;0.291339420411;0.389850083072;0.41840605882;0.244544523815;0.284636704532;0.242980974108;0.179607144277,96.07201309328968,97.21767594108019,75.31369339879978,-21.903982542280403,-20.7583196944899,4.218717199983075
mvtec,pill,8,2,8,28;56;124;138;195;212;220;259,0.21270465845711434,0.253653358742;0.171755958172;0.101754138518;0.12790990249;0.488122206019;0.128122173901;0.316779489102;0.374000568394,96.34478996181124,98.3087834151664,52.345881069285326,-45.962902345881076,-43.99890889252592,4.813218799885362
visa,pipe_fryum,2,0,2,146;159,0.2854059757545391,0.232191966491;0.338619985018,91.62,95.86,58.660000000000004,-37.199999999999996,-32.96,14.88179439981468
visa,pipe_fryum,2,1,2,166;213,0.22202962252215053,0.123871834972;0.320187410072,91.41999999999999,93.74,61.20000000000001,-32.539999999999985,-30.219999999999978,6.462022699881345
visa,pipe_fryum,2,2,2,20;129,0.19259481544839743,0.261646508576;0.12354312232,93.24,96.2,34.42,-61.78,-58.81999999999999,5.956892499933019
visa,pipe_fryum,4,0,4,56;274;281;379,0.20554128959782225,0.186270618123;0.328213215347;0.224811961072;0.0834953596571,92.60000000000001,94.76,58.699999999999996,-36.06000000000001,-33.90000000000001,5.543291099835187
visa,pipe_fryum,4,1,4,53;144;315;407,0.2662082261246259,0.112151014223;0.363878168817;0.187256059193;0.345160393056,95.0,94.98,56.88000000000001,-38.099999999999994,-38.11999999999999,5.504389500012621
visa,pipe_fryum,4,2,4,4;165;269;373,0.1810761465580996,0.413960246545;0.172557539172;0.126981282987;0.189594753944,91.84,94.04,51.66,-42.38000000000001,-40.18000000000001,5.517943500075489
visa,pipe_fryum,8,0,8,41;122;154;256;265;268;289;359,0.18196446611598321,0.647210991635;0.183977778839;0.179951153393;0.0370538791487;0.0597577451357;0.198217071902;0.153376624494;0.412466391521,94.16,94.94,58.040000000000006,-36.89999999999999,-36.11999999999999,5.7847601000685245
visa,pipe_fryum,8,1,8,90;176;274;276;277;356;386;392,0.24199242182601077,0.418488415626;0.242278504502;0.24170633915;0.182947072169;0.281595191673;0.209377684993;0.0658337384975;0.306575148003,95.56,96.54,56.58,-39.96000000000001,-38.980000000000004,5.84898169990629
visa,pipe_fryum,8,2,8,31;41;124;196;293;300;325;376,0.2976673740913538,0.384790510569;0.697734716919;0.25651336481;0.338821383372;0.130568143018;0.450618072854;0.120820740197;0.218676489051,95.16,96.44,65.32,-31.120000000000005,-29.840000000000003,5.867149600060657
mvtec,screw,2,0,2,24;239,0.08570592894058995,0.0857463089822;0.0856655488989,72.10493953679033,61.03709776593564,68.37466693994672,7.3375691740110796,-3.730272596843605,4.285562499891967
mvtec,screw,2,1,2,50;288,0.10623712510818867,0.0613660940831;0.151108156133,67.7597868415659,56.67144906743186,62.63578602172577,5.964336954293913,-5.124000819840127,3.961985500063747
mvtec,screw,2,2,2,57;273,0.10243377730151207,0.127625968787;0.0772415858163,72.92477966796476,60.99610575937692,71.81799549087928,10.821889731502367,-1.1067841770854727,4.037528400076553
mvtec,screw,4,0,4,102;145;158;284,0.20260931189528394,0.359048759231;0.288592027261;0.116626596529;0.101959457929,78.62266857962697,69.87087517934003,49.86677597868415,-20.00409920065588,-28.755892600942822,4.122117100050673
mvtec,screw,4,1,4,23;117;126;166,0.11193584637563261,0.191571302505;0.0677850039481;0.0761076361029;0.147764056648,87.78438204550113,76.24513219922116,66.01762656282025,-10.227505636400906,-21.76675548268088,4.162028500111774
mvtec,screw,4,2,4,47;227;266;312,0.0940817759117807,0.129891419642;0.0528326124193;0.149086426869;0.0582721321813,87.66140602582497,75.99918015986883,67.43185078909613,-8.567329370772697,-20.229555236728842,4.149149399949238
mvtec,screw,8,0,8,8;91;110;122;147;178;221;301,0.2514454124212374,0.540018393552;0.246309751239;0.256581073603;0.527619200175;0.0439306146629;0.263731216493;0.233058793653;0.119770287806,77.94630047140808,69.25599508095921,36.01147776183644,-33.24451731912277,-41.93482270957164,4.375665300060064
mvtec,screw,8,1,8,40;67;140;161;189;227;256;271,0.19956424829995237,0.166433861748;0.232694634852;0.279304074796;0.104762361945;0.282841857194;0.284258405886;0.106739630155;0.124709256469,79.99590079934413,66.05861856937896,62.82025005124001,-3.238368518138955,-17.17565074810412,4.396641899831593
mvtec,screw,8,2,8,6;19;24;132;172;186;231;253,0.2253449001712981,0.151060984997;0.289421406923;0.208569346364;0.50616050765;0.112901657165;0.242120453979;0.65736255379;0.0660242090204,82.41442918630867,74.5029719204755,54.51936872309899,-19.98360319737651,-27.895060463209674,4.411938000004739
mvtec,tile,2,0,2,13;93,0.1978044014240949,0.148808100883;0.246800701965,99.96392496392497,98.05194805194806,89.35786435786436,-8.694083694083702,-10.606060606060609,3.1208447001408786
mvtec,tile,2,1,2,160;225,0.16026202250442415,0.138399696084;0.182124348925,100.0,99.81962481962483,67.46031746031747,-32.359307359307365,-32.53968253968253,2.8609698999207467
mvtec,tile,2,2,2,143;191,0.1361391138012759,0.170264406043;0.10201382156,99.92784992784993,98.3044733044733,79.54545454545455,-18.75901875901876,-20.382395382395387,2.9056555000133812
mvtec,tile,4,0,4,46;74;154;200,0.2169288287174847,0.131596446316;0.097051985141;0.302261211119;0.468105302007,100.0,99.92784992784993,98.37662337662337,-1.5512265512265628,-1.623376623376629,2.9886002000421286
mvtec,tile,4,1,4,53;148;150;186,0.17572498139808382,0.0930665635611;0.225416634011;0.224618100777;0.126831862019,100.0,99.89177489177489,77.52525252525253,-22.36652236652236,-22.474747474747474,2.9747959999367595
mvtec,tile,4,2,4,7;19;25;213,0.12564371728961377,0.100916723366;0.248684015716;0.144327542305;0.106959892274,100.0,100.0,55.80808080808082,-44.19191919191918,-44.19191919191918,3.0040655999910086
mvtec,tile,8,0,8,61;64;67;74;76;77;104;158,0.26726844594254506,0.297720496827;0.263671583045;0.206188822862;0.155851279883;0.270865308841;0.286473824652;0.109157763287;0.306440277009,100.0,99.92784992784993,95.81529581529583,-4.112554112554108,-4.184704184704174,3.1871778999920934
mvtec,tile,8,1,8,3;11;17;26;41;60;125;202,0.11181286135752794,0.141929451059;0.278459058356;0.0906689459909;0.165234762404;0.0873544579282;0.115603968145;0.10802175457;0.107388019606,100.0,100.0,43.686868686868685,-56.313131313131315,-56.313131313131315,3.173280800227076
mvtec,tile,8,2,8,19;27;96;102;105;199;214;226,0.15610351888077706,0.258577920015;0.158887362088;0.0971039016272;0.159628459586;0.140330144265;0.100976924106;0.161818817065;0.153319675674,100.0,100.0,65.72871572871574,-34.27128427128426,-34.27128427128426,3.178679799893871
mvtec,toothbrush,2,0,2,2;17,0.17608976311075625,0.240695532302;0.11148399392,97.22222222222221,94.44444444444446,51.944444444444436,-42.50000000000002,-45.27777777777778,1.0010699999984354
mvtec,toothbrush,2,1,2,3;23,0.053151550516587195,0.0653708883369;0.0409322126963,98.88888888888889,99.72222222222223,24.999999999999996,-74.72222222222223,-73.88888888888889,0.8688288000412285
mvtec,toothbrush,2,2,2,19;49,0.10789323597689993,0.0718434520778;0.143943019876,98.05555555555556,98.61111111111111,42.50000000000001,-56.11111111111111,-55.55555555555555,0.8702144999988377
mvtec,toothbrush,4,0,4,1;43;55;56,0.23638186263791772,0.0461069776756;0.241284743139;0.307174570828;0.231478982137,99.72222222222223,99.72222222222223,51.944444444444436,-47.77777777777779,-47.77777777777779,0.9063989000860602
mvtec,toothbrush,4,1,4,2;11;30;52,0.25264925975156893,0.262932762791;0.403149921167;0.242365756712;0.187805682966,98.88888888888889,99.44444444444444,54.44444444444445,-44.99999999999999,-44.444444444444436,0.9102032999508083
mvtec,toothbrush,4,2,4,11;14;17;52,0.25708580701572814,0.114691852406;0.244997595316;0.269174018716;0.279269176594,98.05555555555556,98.88888888888889,78.88888888888889,-20.0,-19.16666666666667,0.9102729000151157
mvtec,toothbrush,8,0,8,7;10;20;28;50;53;54;56,0.21487691200026948,0.333884690388;0.19591718934;0.114958008385;0.167456511688;0.19738931599;0.41086292631;0.327236543821;0.23236450801,99.72222222222223,99.16666666666667,45.55555555555556,-53.611111111111114,-54.16666666666667,1.0101903001777828
mvtec,toothbrush,8,1,8,13;15;17;27;32;42;46;49,0.20897969482891826,0.45945518191;0.104255347722;0.151728804362;0.103253169802;0.1335280153;0.266230585296;0.387213650963;0.282397389314,98.88888888888889,99.44444444444444,58.05555555555556,-41.388888888888886,-40.83333333333333,1.0015146001242101
mvtec,toothbrush,8,2,8,19;23;25;28;34;51;53;56,0.1627987680963147,0.0669804796534;0.131871107781;0.117038927808;0.0713487219837;0.237566419602;0.193726428411;0.437730428068;0.217853672527,99.72222222222223,99.72222222222223,25.833333333333336,-73.88888888888889,-73.88888888888889,1.0001939001958817
mvtec,transistor,2,0,2,132;169,0.20136212107901588,0.100390670134;0.302333572024,93.74999999999999,93.08333333333334,65.875,-27.208333333333343,-27.874999999999986,2.8096485999412835
mvtec,transistor,2,1,2,146;186,0.11980793693788819,0.0918853815801;0.147730492296,91.79166666666667,93.41666666666666,43.125,-50.29166666666666,-48.66666666666667,2.5758394999429584
mvtec,transistor,2,2,2,133;194,0.10611541754957235,0.0974595377219;0.114771297377,86.45833333333334,90.0,39.916666666666664,-50.083333333333336,-46.54166666666668,2.6126632001250982
mvtec,transistor,4,0,4,40;180;185;211,0.204107894278868,0.158216695028;0.249999093529;0.0621206139348;0.263535845072,96.54166666666666,97.04166666666666,59.04166666666667,-37.999999999999986,-37.499999999999986,2.66886099986732
mvtec,transistor,4,1,4,55;131;132;148,0.12120426211491603,0.103068922906;0.127178975959;0.115229548271;0.291003393098,97.375,98.29166666666667,48.50000000000001,-49.791666666666664,-48.87499999999999,2.6867953999899328
mvtec,transistor,4,2,4,43;61;95;141,0.2815729604629902,0.310664043213;0.281991156586;0.28115476434;0.244551853005,93.62499999999999,94.66666666666666,66.95833333333333,-27.70833333333333,-26.666666666666657,2.68040299997665
mvtec,transistor,8,0,8,1;19;21;45;63;80;120;149,0.21518701236957166,0.521008719607;0.213019036865;0.184998276265;0.219485312784;0.217354987875;0.245065905034;0.081783335812;0.147322905601,98.125,98.66666666666667,63.0,-35.66666666666667,-35.125,2.8471372998319566
mvtec,transistor,8,1,8,104;108;123;127;164;169;174;198,0.2175360241131754,0.158353035445;0.230843324159;0.204228724067;0.177185215097;0.3706518336;0.24141608964;0.162287449022;0.337168652292,93.95833333333333,94.375,59.54166666666667,-34.83333333333333,-34.41666666666666,2.854718699818477
mvtec,transistor,8,2,8,23;111;130;131;135;151;156;159,0.21741522883155973,0.468551414423;0.225347627765;0.124124823696;0.209482829898;0.182843187048;0.255928741918;0.521876096592;0.187687739477,94.33333333333334,96.04166666666666,62.79166666666666,-33.25,-31.541666666666686,2.8499104999937117
mvtec,wood,2,0,2,104;145,0.09521923696541273,0.108768299484;0.0816701744469,98.6842105263158,98.7719298245614,56.92982456140351,-41.84210526315789,-41.75438596491229,2.826215900015086
mvtec,wood,2,1,2,82;205,0.09895139233937617,0.13281575661;0.0650870280683,98.85964912280703,99.03508771929825,63.24561403508772,-35.78947368421053,-35.61403508771931,2.5988754997961223
mvtec,wood,2,2,2,20;132,0.0973146997140816,0.139987459978;0.05464193945,99.38596491228068,98.85964912280703,58.42105263157894,-40.43859649122809,-40.964912280701746,3.1467076998669654
mvtec,wood,4,0,4,56;116;159;235,0.12148305974583862,0.108578931024;0.0731874492197;0.134387188468;0.176816106716,97.71929824561403,98.94736842105263,69.73684210526316,-29.210526315789465,-27.982456140350862,3.243821900105104
mvtec,wood,4,1,4,8;10;108;131,0.09645522077979457,0.216438915327;0.0936883604682;0.0912010942227;0.0992220810914,98.859649122807,98.859649122807,60.0,-38.859649122807,-38.859649122807,3.246931599918753
mvtec,wood,4,2,4,13;99;151;211,0.08010796334183787,0.141207939178;0.0814284728783;0.0787874538053;0.024052688429,98.42105263157896,99.12280701754386,35.08771929824561,-64.03508771929825,-63.33333333333335,3.222516499925405
mvtec,wood,8,0,8,4;19;65;123;132;175;221;224,0.23735446569880275,0.136826856371;0.311788328119;0.310423991407;0.253838084229;0.0964322905054;0.220870847169;0.150421010711;0.362303632774,98.07017543859648,99.12280701754386,86.75438596491227,-12.36842105263159,-11.315789473684205,3.4414786000270396
mvtec,wood,8,1,8,8;60;62;139;159;190;208;212,0.16592700967010587,0.12408896145;0.17521689088;0.321330855341;0.18078638249;0.0778388760401;0.180253767968;0.156637128461;0.0541729857706,97.63157894736842,98.7719298245614,90.6140350877193,-8.157894736842096,-7.017543859649123,3.42947329999879
mvtec,wood,8,2,8,0;28;62;141;156;171;188;210,0.11103683027276837,0.119984237083;0.154111832529;0.115777601269;0.0753178185542;0.123585648772;0.0968292916476;0.106296059276;0.0889022358972,98.7719298245614,99.29824561403508,59.210526315789465,-40.08771929824562,-39.56140350877193,3.4249289999715984
mvtec,zipper,2,0,2,107;220,0.3328669930967413,0.346179603761;0.319554382433,99.44852941176471,96.55987394957984,75.2626050420168,-21.297268907563037,-24.18592436974791,4.597981300204992
mvtec,zipper,2,1,2,40;135,0.32163013958217046,0.312914701303;0.330345577861,99.57983193277312,97.42647058823529,79.72689075630251,-17.69957983193278,-19.85294117647061,4.037198199890554
mvtec,zipper,2,2,2,10;163,0.19832399028415668,0.138729661381;0.257918319188,98.7920168067227,96.69117647058823,72.45273109243698,-24.238445378151255,-26.339285714285722,4.088704299880192
mvtec,zipper,4,0,4,36;75;137;209,0.12735462109135476,0.127398867157;0.127310375026;0.0254115630986;0.252727251108,99.60609243697479,98.29306722689076,32.983193277310924,-65.30987394957984,-66.62289915966386,3.851979000028223
mvtec,zipper,4,1,4,18;28;36;87,0.12485836156026603,0.100698569978;0.149018153142;0.0667596626651;0.264009419953,99.44852941176471,98.94957983193278,35.530462184873954,-63.419117647058826,-63.918067226890756,3.413302000146359
mvtec,zipper,4,2,4,3;44;89;155,0.20086107009273252,0.0928820292084;0.149576343335;0.362562180157;0.25214579685,99.29096638655463,98.10924369747899,56.17121848739496,-41.93802521008403,-43.11974789915967,3.400994700146839
mvtec,zipper,8,0,8,7;34;130;148;149;193;196;213,0.1845678882556573,0.142937495131;0.16101528473;0.14016420365;0.628913508363;0.14533424169;0.528334290389;0.446486030046;0.208120491781,98.9233193277311,98.89705882352942,39.57457983193278,-59.32247899159664,-59.34873949579831,3.6441487001720816
mvtec,zipper,8,1,8,6;105;112;120;131;179;201;206,0.24394356926102972,0.188159141191;0.472294191999;0.29018738547;0.191621669718;0.178632289258;0.481723486574;0.351943346047;0.197699753052,99.39600840336135,98.87079831932772,61.79096638655462,-37.0798319327731,-37.60504201680673,3.6435793000273407
mvtec,zipper,8,2,8,43;69;71;86;103;112;174;187,0.3122981181018877,0.38052848114;0.454500454717;0.30065293029;0.188510640693;0.323943305914;0.512823194105;0.271525668329;0.222799898142,99.23844537815127,98.2405462184874,68.98634453781513,-29.254201680672267,-30.25210084033614,3.6411216999404132
