object,shot,split,dose,auc_top1,auc_max,auc_q
bottle,2,2,0.0,98.73015873015872,97.38095238095237,6.11111111111111
bottle,2,2,0.25,98.88888888888889,97.6190476190476,5.793650793650793
bottle,2,2,0.5,99.04761904761904,97.93650793650792,5.5555555555555545
bottle,2,2,1.0,99.12698412698411,98.09523809523809,5.634920634920634
bottle,2,2,2.0,99.36507936507935,98.73015873015872,4.444444444444444
bottle,2,2,4.0,99.92063492063492,99.52380952380952,3.8095238095238084
bottle,8,2,0.0,100.0,99.84126984126985,8.253968253968253
bottle,8,2,0.25,100.0,99.92063492063492,7.857142857142857
bottle,8,2,0.5,100.0,100.0,7.698412698412699
bottle,8,2,1.0,100.0,100.0,7.6190476190476195
bottle,8,2,2.0,100.0,100.0,7.460317460317461
bottle,8,2,4.0,100.0,100.0,6.11111111111111
cable,2,2,0.0,86.82533733133432,82.55247376311844,19.246626686656672
cable,2,2,0.25,87.66866566716642,84.08920539730134,18.515742128935532
cable,2,2,0.5,88.53073463268365,84.8575712143928,18.02848575712144
cable,2,2,1.0,90.1424287856072,87.08770614692654,16.997751124437784
cable,2,2,2.0,93.12218890554722,90.83583208395802,15.55472263868066
cable,2,2,4.0,98.27586206896551,96.02698650674662,11.18815592203898
cable,8,2,0.0,93.62818590704649,91.92278860569714,21.92653673163418
cable,8,2,0.25,94.24662668665668,92.84107946026987,22.07646176911544
cable,8,2,0.5,94.92128935532233,93.75937031484257,21.701649175412292
cable,8,2,1.0,96.51424287856072,95.18365817091454,21.251874062968515
cable,8,2,2.0,98.83808095952024,97.3575712143928,19.52773613193403
cable,8,2,4.0,99.98125937031483,99.58770614692654,15.292353823088453
candle,2,2,0.0,89.03000000000002,88.19,42.09
candle,2,2,0.25,89.26,88.64999999999999,42.970000000000006
candle,2,2,0.5,89.43,89.14,43.82
candle,2,2,1.0,89.84,90.13,45.64
candle,2,2,2.0,90.66000000000001,91.72999999999999,49.66
candle,2,2,4.0,92.0,93.65,56.48
candle,8,2,0.0,92.67,90.56,42.400000000000006
candle,8,2,0.25,92.87,90.86,43.14
candle,8,2,0.5,92.93,91.23,43.81
candle,8,2,1.0,93.33,91.75999999999999,45.46
candle,8,2,2.0,93.88000000000001,92.86999999999999,49.11000000000001
candle,8,2,4.0,95.17,94.39,55.96
capsule,2,2,0.0,92.381332269645,89.62903869166333,32.708416433984844
capsule,2,2,0.25,92.74032708416435,89.98803350618269,32.78819305943358
capsule,2,2,0.5,93.05943358595931,90.46669325887515,32.98763462305545
capsule,2,2,1.0,93.73753490227364,91.90267251695255,33.42640606302354
capsule,2,2,2.0,94.61507778220981,93.77742321499801,35.50059832469087
capsule,2,2,4.0,96.37016354208217,96.80893498205026,38.17311527722377
capsule,8,2,0.0,97.28759473474273,95.13362584762665,23.37455125648185
capsule,8,2,0.25,97.32748304746708,95.45273234942162,23.494216194654964
capsule,8,2,0.5,97.36737136019147,95.65217391304348,23.693657758276824
capsule,8,2,1.0,97.64658954926207,96.0510570402872,24.451535700039887
capsule,8,2,2.0,98.04547267650578,96.68927004387714,25.887514958117276
capsule,8,2,4.0,98.40446749102513,97.68647786198645,28.201037096130836
capsules,2,2,0.0,94.01666666666667,95.23333333333332,40.949999999999996
capsules,2,2,0.25,94.23333333333333,95.58333333333333,41.833333333333336
capsules,2,2,0.5,94.33333333333334,96.06666666666666,42.7
capsules,2,2,1.0,94.68333333333334,96.56666666666666,44.35
capsules,2,2,2.0,95.15,97.5,46.6
capsules,2,2,4.0,96.06666666666666,99.13333333333333,51.583333333333336
capsules,8,2,0.0,95.61666666666666,95.56666666666666,43.25000000000001
capsules,8,2,0.25,95.7,95.88333333333334,43.88333333333333
capsules,8,2,0.5,95.75,96.11666666666667,44.53333333333334
capsules,8,2,1.0,95.86666666666666,96.78333333333333,45.98333333333333
capsules,8,2,2.0,96.2,97.44999999999999,49.18333333333334
capsules,8,2,4.0,96.91666666666666,99.01666666666667,54.199999999999996
carpet,2,2,0.0,100.0,98.95666131621188,3.77207062600321
carpet,2,2,0.25,100.0,99.07704654895666,3.77207062600321
carpet,2,2,0.5,100.0,99.23756019261639,3.8523274478330647
carpet,2,2,1.0,100.0,99.59871589085071,4.093097913322633
carpet,2,2,2.0,100.0,99.95987158908507,4.253611556982342
carpet,2,2,4.0,100.0,100.0,4.895666131621187
carpet,8,2,0.0,100.0,100.0,2.327447833065811
carpet,8,2,0.25,100.0,100.0,2.367576243980738
carpet,8,2,0.5,100.0,100.0,2.2873194221508824
carpet,8,2,1.0,100.0,100.0,2.487961476725521
carpet,8,2,2.0,100.0,100.0,2.969502407704655
carpet,8,2,4.0,100.0,100.0,3.4911717495987156
cashew,2,2,0.0,90.17999999999999,85.22000000000001,40.08
cashew,2,2,0.25,90.3,85.46000000000001,40.46
cashew,2,2,0.5,90.42,85.82000000000001,40.88
cashew,2,2,1.0,90.84,86.36000000000001,41.760000000000005
cashew,2,2,2.0,91.5,87.4,44.02
cashew,2,2,4.0,92.69999999999999,89.47999999999999,47.760000000000005
cashew,8,2,0.0,93.89999999999999,91.67999999999999,54.34000000000001
cashew,8,2,0.25,94.03999999999999,91.94,54.980000000000004
cashew,8,2,0.5,94.1,92.0,55.44
cashew,8,2,1.0,94.3,92.30000000000001,56.279999999999994
cashew,8,2,2.0,94.58,92.89999999999999,58.54000000000001
cashew,8,2,4.0,95.38,94.28,62.419999999999995
chewinggum,2,2,0.0,98.2,97.36,17.060000000000006
chewinggum,2,2,0.25,98.22,97.54,17.22
chewinggum,2,2,0.5,98.24,97.6,17.44
chewinggum,2,2,1.0,98.28,97.8,18.099999999999998
chewinggum,2,2,2.0,98.44,98.12,19.259999999999998
chewinggum,2,2,4.0,98.7,98.54,21.939999999999998
chewinggum,8,2,0.0,97.72000000000001,97.04,16.34
chewinggum,8,2,0.25,97.76,97.16,16.5
chewinggum,8,2,0.5,97.83999999999999,97.26,16.76
chewinggum,8,2,1.0,97.88000000000001,97.46000000000001,17.36
chewinggum,8,2,2.0,98.03999999999999,97.72000000000001,18.64
chewinggum,8,2,4.0,98.48,98.32,22.119999999999997
fryum,2,2,0.0,93.02,93.56,58.599999999999994
fryum,2,2,0.25,93.16,93.69999999999999,58.68
fryum,2,2,0.5,93.34,94.02,58.80000000000001
fryum,2,2,1.0,93.63999999999999,94.44,59.260000000000005
fryum,2,2,2.0,94.26,95.16,60.08
fryum,2,2,4.0,95.38,97.17999999999999,63.259999999999984
fryum,8,2,0.0,94.76,95.66,62.35999999999999
fryum,8,2,0.25,95.06,95.82000000000001,62.42000000000001
fryum,8,2,0.5,95.20000000000002,95.96000000000001,62.38
fryum,8,2,1.0,95.44,96.32000000000001,62.559999999999995
fryum,8,2,2.0,95.82,96.74000000000001,62.85999999999999
fryum,8,2,4.0,96.41999999999999,97.82,64.38
grid,2,2,0.0,98.9139515455305,98.99749373433583,38.59649122807017
grid,2,2,0.25,98.9139515455305,98.99749373433583,39.59899749373433
grid,2,2,0.5,98.9139515455305,98.99749373433583,40.93567251461988
grid,2,2,1.0,98.9139515455305,99.08103592314119,42.9406850459482
grid,2,2,2.0,98.99749373433583,99.08103592314119,42.857142857142854
grid,2,2,4.0,99.08103592314119,99.58228905597326,41.10275689223057
grid,8,2,0.0,99.91645781119465,100.0,14.369256474519634
grid,8,2,0.25,99.91645781119465,100.0,14.619883040935674
grid,8,2,0.5,99.91645781119465,100.0,15.371762740183792
grid,8,2,1.0,99.91645781119465,100.0,15.956558061821221
grid,8,2,2.0,100.0,100.0,16.70843776106934
grid,8,2,4.0,100.0,100.0,18.045112781954888
hazelnut,2,2,0.0,96.96428571428571,93.35714285714286,14.821428571428571
hazelnut,2,2,0.25,97.35714285714285,94.42857142857143,14.464285714285714
hazelnut,2,2,0.5,98.0,95.21428571428572,13.821428571428573
hazelnut,2,2,1.0,98.60714285714286,96.85714285714286,12.85714285714286
hazelnut,2,2,2.0,99.42857142857142,98.57142857142858,11.32142857142857
hazelnut,2,2,4.0,99.92857142857142,99.85714285714286,8.785714285714286
hazelnut,8,2,0.0,99.82142857142857,99.0,24.964285714285715
hazelnut,8,2,0.25,99.89285714285714,99.25,25.035714285714285
hazelnut,8,2,0.5,99.89285714285714,99.46428571428572,24.28571428571428
hazelnut,8,2,1.0,99.96428571428572,99.64285714285714,23.5
hazelnut,8,2,2.0,100.0,99.92857142857142,21.714285714285715
hazelnut,8,2,4.0,100.0,100.0,18.214285714285715
leather,2,2,0.0,100.0,100.0,3.6005434782608696
leather,2,2,0.25,100.0,100.0,4.076086956521739
leather,2,2,0.5,100.0,100.0,4.381793478260869
leather,2,2,1.0,100.0,100.0,5.2309782608695645
leather,2,2,2.0,100.0,100.0,8.186141304347828
leather,2,2,4.0,100.0,100.0,15.828804347826086
leather,8,2,0.0,100.0,100.0,3.770380434782608
leather,8,2,0.25,100.0,100.0,4.177989130434782
leather,8,2,0.5,100.0,100.0,4.857336956521738
leather,8,2,1.0,100.0,100.0,6.148097826086956
leather,8,2,2.0,100.0,100.0,8.55978260869565
leather,8,2,4.0,100.0,100.0,15.557065217391305
macaroni1,2,2,0.0,74.99,77.22,45.410000000000004
macaroni1,2,2,0.25,75.29,77.66,46.13999999999999
macaroni1,2,2,0.5,75.57000000000001,78.16000000000001,47.029999999999994
macaroni1,2,2,1.0,76.05000000000001,79.17999999999999,48.41000000000001
macaroni1,2,2,2.0,77.32,81.39,51.550000000000004
macaroni1,2,2,4.0,79.78,85.77999999999999,59.14999999999999
macaroni1,8,2,0.0,85.03,89.52,74.14999999999999
macaroni1,8,2,0.25,85.33,89.83,74.79
macaroni1,8,2,0.5,85.52000000000001,90.09,75.27000000000001
macaroni1,8,2,1.0,85.95,90.47999999999999,76.04
macaroni1,8,2,2.0,86.97,91.51,78.22
macaroni1,8,2,4.0,89.25,94.35,83.3
macaroni2,2,2,0.0,66.99000000000001,74.87,64.53999999999999
macaroni2,2,2,0.25,67.75999999999999,76.11000000000001,65.68
macaroni2,2,2,0.5,68.56,77.36999999999999,67.04
macaroni2,2,2,1.0,70.13,80.19000000000001,69.99000000000001
macaroni2,2,2,2.0,73.16,85.39,77.01
macaroni2,2,2,4.0,77.99000000000001,91.77000000000001,85.6
macaroni2,8,2,0.0,70.16000000000001,73.99,62.860000000000014
macaroni2,8,2,0.25,70.74999999999999,74.93,63.559999999999995
macaroni2,8,2,0.5,71.50999999999999,76.16000000000001,64.91
macaroni2,8,2,1.0,72.87,78.94,67.59
macaroni2,8,2,2.0,75.86,84.07,73.38
macaroni2,8,2,4.0,81.19,91.75,82.4
metal_nut,2,2,0.0,100.0,98.87585532746822,5.913978494623655
metal_nut,2,2,0.25,100.0,99.2179863147605,5.52297165200391
metal_nut,2,2,0.5,100.0,99.41348973607037,5.376344086021505
metal_nut,2,2,1.0,100.0,99.70674486803519,4.887585532746822
metal_nut,2,2,2.0,100.0,99.95112414467253,3.6168132942326485
metal_nut,2,2,4.0,100.0,100.0,2.4926686217008798
metal_nut,8,2,0.0,100.0,99.95112414467253,2.297165200391006
metal_nut,8,2,0.25,100.0,99.95112414467253,2.1994134897360698
metal_nut,8,2,0.5,100.0,100.0,2.1505376344086016
metal_nut,8,2,1.0,100.0,100.0,2.003910068426197
metal_nut,8,2,2.0,100.0,100.0,1.4662756598240463
metal_nut,8,2,4.0,100.0,100.0,0.9775171065493643
pcb1,2,2,0.0,94.88000000000001,89.66999999999999,27.500000000000004
pcb1,2,2,0.25,95.2,90.27,28.42
pcb1,2,2,0.5,95.46000000000001,90.88000000000001,29.38
pcb1,2,2,1.0,96.02,92.28999999999999,31.86
pcb1,2,2,2.0,96.85000000000001,94.75,37.099999999999994
pcb1,2,2,4.0,97.71,98.05999999999999,47.22
pcb1,8,2,0.0,89.07,86.03,45.550000000000004
pcb1,8,2,0.25,89.28,86.37,45.919999999999995
pcb1,8,2,0.5,89.44,86.71,46.42
pcb1,8,2,1.0,89.86999999999999,87.37,47.620000000000005
pcb1,8,2,2.0,90.82000000000001,88.75,49.33
pcb1,8,2,4.0,92.68,91.91,54.04
pcb2,2,2,0.0,75.97999999999999,70.53999999999999,45.78999999999999
pcb2,2,2,0.25,76.56,71.22,45.73
pcb2,2,2,0.5,77.17,72.03,46.05
pcb2,2,2,1.0,78.36000000000001,73.44000000000001,46.7
pcb2,2,2,2.0,80.9,76.55,48.24
pcb2,2,2,4.0,85.60000000000001,82.86,50.739999999999995
pcb2,8,2,0.0,83.82000000000001,76.59,44.46
pcb2,8,2,0.25,84.27000000000001,77.16999999999999,44.73
pcb2,8,2,0.5,84.65,77.85,44.98999999999999
pcb2,8,2,1.0,85.36,79.3,45.650000000000006
pcb2,8,2,2.0,86.81,81.87,47.07
pcb2,8,2,4.0,89.18,86.7,49.23
pcb3,2,2,0.0,85.70297029702971,77.41584158415841,41.52475247524753
pcb3,2,2,0.25,86.3069306930693,78.53465346534654,42.039603960396036
pcb3,2,2,0.5,86.77227722772275,79.72277227722773,42.66336633663366
pcb3,2,2,1.0,87.79207920792079,81.82178217821782,43.663366336633665
pcb3,2,2,2.0,89.95049504950495,85.79207920792079,46.24752475247525
pcb3,2,2,4.0,93.43564356435643,92.91089108910892,51.306930693069305
pcb3,8,2,0.0,89.09900990099011,84.42574257425743,49.76237623762376
pcb3,8,2,0.25,89.58415841584159,85.06930693069307,49.92079207920792
pcb3,8,2,0.5,89.97029702970298,85.6039603960396,50.10891089108911
pcb3,8,2,1.0,90.64356435643565,86.97029702970298,50.386138613861384
pcb3,8,2,2.0,91.99009900990099,89.51485148514851,51.415841584158414
pcb3,8,2,4.0,94.49504950495047,93.83168316831684,54.099009900990104
pcb4,2,2,0.0,84.55445544554455,87.73267326732673,45.59405940594059
pcb4,2,2,0.25,84.95049504950495,88.15841584158416,45.76237623762376
pcb4,2,2,0.5,85.35643564356435,88.6930693069307,46.13861386138614
pcb4,2,2,1.0,86.32673267326733,89.53465346534654,46.58415841584158
pcb4,2,2,2.0,88.43564356435643,91.43564356435645,48.0
pcb4,2,2,4.0,92.14851485148515,94.93069306930693,49.693069306930695
pcb4,8,2,0.0,95.58415841584159,93.87128712871286,37.42574257425743
pcb4,8,2,0.25,95.75247524752474,94.13861386138613,37.633663366336634
pcb4,8,2,0.5,95.96039603960395,94.35643564356435,37.89108910891089
pcb4,8,2,1.0,96.35643564356435,94.94059405940594,38.0
pcb4,8,2,2.0,96.84158415841584,95.85148514851485,38.18811881188119
pcb4,8,2,4.0,97.97029702970296,97.39603960396039,38.396039603960396
pill,2,2,0.0,93.28968903436989,91.78941625750137,28.777959629023453
pill,2,2,0.25,93.80796508456082,92.3076923076923,28.887070376432078
pill,2,2,0.5,94.29896344789961,92.82596835788326,29.268957992362242
pill,2,2,1.0,95.19912711402073,94.10801963993454,30.060010911074738
pill,2,2,2.0,96.12656846699399,95.8810692853246,31.123840698308786
pill,2,2,4.0,97.57228587015821,98.063284233497,31.669394435351876
pill,8,2,0.0,96.34478996181124,92.19858156028369,15.575559192580467
pill,8,2,0.25,96.69939989088925,92.58046917621385,15.793780687397707
pill,8,2,0.5,96.83578832515003,93.07146753955266,15.957446808510639
pill,8,2,1.0,97.24495362793235,93.91707583196946,16.42116748499727
pill,8,2,2.0,97.89961811238406,96.04473540643752,17.321331151118386
pill,8,2,4.0,98.6088379705401,98.1178396072013,19.01254773595199
pipe_fryum,2,2,0.0,93.24,88.32,27.380000000000003
pipe_fryum,2,2,0.25,93.63999999999999,88.72,27.640000000000004
pipe_fryum,2,2,0.5,93.84,89.10000000000001,27.860000000000003
pipe_fryum,2,2,1.0,94.26,89.93999999999998,28.640000000000004
pipe_fryum,2,2,2.0,95.10000000000001,91.48,30.48
pipe_fryum,2,2,4.0,96.33999999999999,93.72,34.540000000000006
pipe_fryum,8,2,0.0,95.16,99.4,45.800000000000004
pipe_fryum,8,2,0.25,95.22,99.46,46.26
pipe_fryum,8,2,0.5,95.3,99.5,46.71999999999999
pipe_fryum,8,2,1.0,95.56,99.56,47.8
pipe_fryum,8,2,2.0,96.0,99.66,49.74
pipe_fryum,8,2,4.0,96.52000000000001,99.89999999999999,53.059999999999995
screw,2,2,0.0,72.92477966796476,81.63558106169296,72.90428366468538
screw,2,2,0.25,74.03156384505021,82.66038122566101,73.56015576962491
screw,2,2,0.5,75.05636400901824,83.56220536995286,74.42098790735807
screw,2,2,1.0,77.24943635990982,85.16089362574299,76.47058823529413
screw,2,2,2.0,80.61078089772494,88.7886862061898,79.83193277310924
screw,2,2,4.0,86.71858987497437,94.0766550522648,81.5126050420168
screw,8,2,0.0,82.41442918630867,81.71756507481041,58.96700143472023
screw,8,2,0.25,82.90633326501332,82.27095716335316,59.31543349046936
screw,8,2,0.5,83.45972535355605,82.9678212748514,59.88932158229146
screw,8,2,1.0,84.36154949784792,84.81246156999386,60.75015372002459
screw,8,2,2.0,86.30866980938717,87.62041401926625,63.45562615290018
screw,8,2,4.0,89.81348637015782,90.94076655052264,64.45993031358886
tile,2,2,0.0,99.92784992784993,99.63924963924964,2.886002886002885
tile,2,2,0.25,100.0,99.71139971139971,2.705627705627705
tile,2,2,0.5,100.0,99.78354978354979,2.813852813852813
tile,2,2,1.0,100.0,99.85569985569985,2.344877344877344
tile,2,2,2.0,100.0,100.0,1.695526695526695
tile,2,2,4.0,100.0,100.0,0.9018759018759013
tile,8,2,0.0,100.0,99.49494949494951,2.0562770562770556
tile,8,2,0.25,100.0,99.53102453102454,1.9119769119769117
tile,8,2,0.5,100.0,99.56709956709958,1.7316017316017311
tile,8,2,1.0,100.0,99.60317460317461,1.3347763347763342
tile,8,2,2.0,100.0,99.78354978354979,1.2987012987012982
tile,8,2,4.0,100.0,100.0,0.7215007215007212
toothbrush,2,2,0.0,98.05555555555556,98.05555555555556,27.499999999999996
toothbrush,2,2,0.25,98.88888888888889,98.05555555555556,27.222222222222225
toothbrush,2,2,0.5,98.88888888888889,98.33333333333334,26.944444444444443
toothbrush,2,2,1.0,98.88888888888889,98.61111111111111,26.66666666666667
toothbrush,2,2,2.0,99.72222222222223,99.16666666666667,26.66666666666667
toothbrush,2,2,4.0,100.0,100.0,26.666666666666668
toothbrush,8,2,0.0,99.72222222222223,94.16666666666667,15.000000000000002
toothbrush,8,2,0.25,100.0,94.44444444444444,15.000000000000002
toothbrush,8,2,0.5,100.0,94.72222222222221,15.000000000000002
toothbrush,8,2,1.0,100.0,95.0,13.88888888888889
toothbrush,8,2,2.0,100.0,96.38888888888889,14.166666666666666
toothbrush,8,2,4.0,100.0,98.61111111111111,14.166666666666666
transistor,2,2,0.0,86.45833333333334,80.58333333333334,33.08333333333333
transistor,2,2,0.25,87.08333333333333,81.58333333333333,33.416666666666664
transistor,2,2,0.5,87.79166666666667,83.75,33.083333333333336
transistor,2,2,1.0,89.58333333333333,86.29166666666667,33.958333333333336
transistor,2,2,2.0,92.29166666666667,90.16666666666666,33.958333333333336
transistor,2,2,4.0,96.58333333333333,96.125,35.333333333333336
transistor,8,2,0.0,94.33333333333334,92.04166666666667,37.00000000000001
transistor,8,2,0.25,94.875,92.66666666666667,36.833333333333336
transistor,8,2,0.5,95.37500000000001,93.16666666666666,36.41666666666667
transistor,8,2,1.0,96.20833333333334,94.16666666666667,36.083333333333336
transistor,8,2,2.0,97.45833333333334,95.875,36.875
transistor,8,2,4.0,98.54166666666667,98.37500000000001,36.16666666666667
wood,2,2,0.0,99.38596491228068,99.21052631578948,8.421052631578947
wood,2,2,0.25,99.38596491228068,99.3859649122807,8.421052631578949
wood,2,2,0.5,99.56140350877195,99.3859649122807,8.421052631578949
wood,2,2,1.0,99.56140350877195,99.47368421052632,8.070175438596491
wood,2,2,2.0,99.73684210526315,99.9122807017544,7.105263157894738
wood,2,2,4.0,99.9122807017544,99.9122807017544,6.140350877192983
wood,8,2,0.0,98.7719298245614,99.12280701754386,7.280701754385967
wood,8,2,0.25,98.85964912280703,99.12280701754386,7.192982456140351
wood,8,2,0.5,99.03508771929825,99.12280701754386,7.192982456140353
wood,8,2,1.0,99.29824561403508,99.64912280701755,7.543859649122808
wood,8,2,2.0,99.82456140350878,99.82456140350878,7.631578947368421
wood,8,2,4.0,100.0,100.0,6.403508771929825
zipper,2,2,0.0,98.7920168067227,99.39600840336135,31.801470588235297
zipper,2,2,0.25,98.7920168067227,99.52731092436974,32.1953781512605
zipper,2,2,0.5,98.9233193277311,99.63235294117648,32.799369747899156
zipper,2,2,1.0,99.13340336134453,99.76365546218487,33.27205882352941
zipper,2,2,2.0,99.39600840336135,99.94747899159664,33.66596638655462
zipper,2,2,4.0,99.92121848739495,100.0,31.35504201680672
zipper,8,2,0.0,99.23844537815127,99.21218487394958,26.260504201680675
zipper,8,2,0.25,99.23844537815127,99.3172268907563,26.4968487394958
zipper,8,2,0.5,99.26470588235294,99.3172268907563,26.365546218487395
zipper,8,2,1.0,99.42226890756302,99.57983193277312,26.54936974789916
zipper,8,2,2.0,99.60609243697479,99.84243697478992,26.57563025210084
zipper,8,2,4.0,99.78991596638656,99.97373949579831,25.288865546218485
