object,radius,donor_rank,ring,feature_drift_bad,score_shift_bad,feature_drift_good,score_shift_good,drift_diff,score_shift_DiD
bottle,0,0,1-2,0.052297119470313146,-0.030262030178449483,0.007664230114702704,-0.0006202801339303818,0.04463288935561044,-0.0296417500445191
bottle,0,0,17+,0.014305986950057508,-0.012793521312306206,0.0007628463822280688,-0.00022047528977576039,0.013543140567829438,-0.012573046022530445
bottle,0,0,3-4,0.02106152736814688,-0.017555402656624464,0.002396654523909043,-0.0005029668651680523,0.01866487284423784,-0.017052435791456412
bottle,0,0,5-8,0.01820312358322549,-0.016100686889963634,0.0021346693506832516,-0.0005301531139391605,0.01606845423254224,-0.015570533776024473
bottle,0,0,9-16,0.016801489458885,-0.014663805132328145,0.002096834341500597,-0.0004688395908455573,0.014704655117384401,-0.014194965541482588
bottle,0,1,1-2,0.05392436366528268,-0.028668732098325694,0.007759968745328125,-0.0004984932548510809,0.046164394919954554,-0.028170238843474613
bottle,0,1,17+,0.014969708607532032,-0.012484183669480097,0.0008425521617027236,-0.0002479659651073534,0.014127156445829308,-0.012236217704372745
bottle,0,1,3-4,0.02158701639855275,-0.016772467383861366,0.002390605615073531,-0.000464076420863838,0.01919641078347922,-0.016308390962997528
bottle,0,1,5-8,0.01852844908135007,-0.015497101656449106,0.002117266260271765,-0.00048070784776158747,0.016411182821078306,-0.01501639380868752
bottle,0,1,9-16,0.017440648522460786,-0.014252712298107855,0.002083912038991253,-0.0005159895995889664,0.015356736483469533,-0.013736722698518888
bottle,2,0,17+,0.01653251550160343,-0.014064303645416934,0.0019478396740547526,-0.0002181490776088252,0.014584675827548677,-0.013846154567808109
bottle,2,0,3-4,0.031463696924038186,-0.01960584259082898,0.010666220673980764,-0.0004684568257011074,0.02079747625005742,-0.019137385765127874
bottle,2,0,5-8,0.022675389680080066,-0.018084252264704795,0.005092762638620671,-0.0005147270848543611,0.017582627041459395,-0.017569525179850432
bottle,2,0,9-16,0.020386654080357357,-0.016310351320308777,0.004660625296916451,-0.00036896362281172427,0.015726028783440905,-0.01594138769749705
bottle,2,1,17+,0.017987372592324347,-0.014360968879813297,0.002122952923430857,-0.0004207631477683364,0.01586441966889349,-0.01394020573204496
bottle,2,1,3-4,0.03323150675278151,-0.01999068892678173,0.010838339918215397,-0.0003969070805342017,0.022393166834566117,-0.019593781846247528
bottle,2,1,5-8,0.02406817993614818,-0.01836526272875281,0.005164295466965948,-0.0006193393169137977,0.01890388446918223,-0.01774592341183901
bottle,2,1,9-16,0.022319280868396112,-0.016736517362117155,0.0046685302120749355,-0.0007012231254697432,0.017650750656321178,-0.016035294236647412
bottle,4,0,17+,0.01803294022101904,-0.014160383077426151,0.0031718593760160234,-0.0002737238833184458,0.014861080845003018,-0.013886659194107705
bottle,4,0,5-8,0.030045802099630193,-0.01799419741047726,0.011135697764499684,-0.00045351908223597177,0.01891010433513051,-0.01754067832824129
bottle,4,0,9-16,0.02340692986035715,-0.0163100235752329,0.007206772758703006,-0.0002513089622326969,0.016200157101654143,-0.0160587146130002
bottle,4,1,17+,0.0202873935224488,-0.014289818489206527,0.003512629006096734,-0.00030052224809347123,0.016774764516352066,-0.013989296241113055
bottle,4,1,5-8,0.031539946352131615,-0.018295516314108636,0.01129866208260253,-0.0004533934034776719,0.020241284269529085,-0.017842122910630965
bottle,4,1,9-16,0.02572937852237369,-0.01683700964949949,0.007193667358175497,-0.0006291981979348382,0.018535711164198193,-0.01620781145156465
bottle,8,0,17+,0.020007193228229837,-0.014558446855300116,0.0052075281661624175,-0.0003974406265743235,0.01479966506206742,-0.014161006228725792
bottle,8,0,9-16,0.030092564923688718,-0.016099855449224924,0.013473866480247378,0.00010883419909720279,0.01661869844344134,-0.016208689648322127
bottle,8,1,17+,0.023105137667152983,-0.015183107332708414,0.00548357625957573,-0.0009023614439882434,0.017621561407577254,-0.014280745888720171
bottle,8,1,9-16,0.03359696704428639,-0.017017761705688493,0.013499506881150055,-0.0006204967443119268,0.020097460163136335,-0.016397264961376567
bottle,16,0,17+,0.025855768495239278,-0.014641569294205639,0.00823547725837362,-0.0005677194979596456,0.017620291236865655,-0.014073849796245994
bottle,16,1,17+,0.030392984766513066,-0.015872863098977272,0.009183600036582551,-0.0017675083644243643,0.021209384729930517,-0.014105354734552907
cable,0,0,1-2,0.06062496423113099,-0.014942489319442311,0.032089514166851595,0.005706447181822599,0.028535450064279398,-0.02064893650126491
cable,0,0,17+,0.005351187618525306,-0.0023031792599029653,0.0018079908678329797,-0.0003263666103986737,0.003543196750692326,-0.0019768126495042916
cable,0,0,3-4,0.01405356485130526,-0.005085602502241329,0.006950912033730345,0.0008439936570384532,0.007102652817574915,-0.005929596159279783
cable,0,0,5-8,0.01057405800829465,-0.004534247072690522,0.0048372232053051425,0.0006069577469021151,0.005736834802989508,-0.005141204819592637
cable,0,0,9-16,0.007994589132104706,-0.0038721668547716938,0.003194184686559312,-2.6601888816761417e-05,0.004800404445545393,-0.0038455649659549325
cable,0,1,1-2,0.0595619316231839,-0.019445079035064605,0.028755286841520192,0.0015890172602608188,0.030806644781663707,-0.021034096295325422
cable,0,1,17+,0.005313208160389698,-0.0029706353475637604,0.0015634349594842551,-0.000531237130829115,0.003749773200905443,-0.0024393982167346456
cable,0,1,3-4,0.014346584283309571,-0.006134533748161289,0.006320237191979958,-0.00011019371239409413,0.008026347091329614,-0.006024340035767195
cable,0,1,5-8,0.010857232499449478,-0.005293527865695348,0.004447769388157687,-1.114135417060032e-05,0.006409463111291791,-0.005282386511524748
cable,0,1,9-16,0.008065715192208894,-0.004670194812128134,0.0028508201104486936,-0.0004704495097599219,0.0052148950817602,-0.004199745302368212
cable,2,0,17+,0.010113589627174041,-0.0027398865514789055,0.006857830981191733,-0.001305846063574577,0.0032557586459823077,-0.0014340404879043284
cable,2,0,3-4,0.0486961818129128,-0.0002055597668116286,0.04503331548173204,0.006957024815679554,0.003662866331180757,-0.0071625845824911825
cable,2,0,5-8,0.02204314726214775,-0.003379682433805855,0.01697518406546714,0.0014190472773187187,0.005067963196680611,-0.004798729711124574
cable,2,0,9-16,0.016304736120664298,-0.0037695070236686942,0.011592182163687589,-0.0005929347472826192,0.004712553956976709,-0.003176572276386075
cable,2,1,17+,0.008585063783375839,-0.0034888564155554818,0.005305991827614779,-0.001964555671110707,0.0032790719557610594,-0.0015243007444447746
cable,2,1,3-4,0.04328686652743081,-0.0054543585654529695,0.03788733666724692,0.0018412246516693782,0.0053995298601838895,-0.0072955832171223475
cable,2,1,5-8,0.019590465285416116,-0.00600707309745104,0.01423162376495441,-0.0007314224445571172,0.005358841520461706,-0.005275650652893923
cable,2,1,9-16,0.013980310229698562,-0.0055427469493441045,0.00929886359621633,-0.001908735263479162,0.004681446633482231,-0.0036340116858649425
cable,4,0,17+,0.014627792520866661,-0.003681143023723743,0.012340710929208418,-0.002266383510328337,0.002287081591658243,-0.0014147595133954059
cable,4,0,5-8,0.04369122249891559,-0.0015276451417754477,0.04117114634766258,0.004730803878801809,0.002520076151253013,-0.006258449020577256
cable,4,0,9-16,0.023978434750163993,-0.004889842247604598,0.021021345253324174,-0.0006954049416532049,0.002957089496839819,-0.004194437305951393
cable,4,1,17+,0.012902356712717736,-0.004617484362743788,0.010729437187111245,-0.0030746233866975996,0.002172919525606491,-0.0015428609760461884
cable,4,1,5-8,0.03991136049889783,-0.006441101467313403,0.03727667518973751,-0.0006946472743605387,0.00263468530916032,-0.0057464541929528636
cable,4,1,9-16,0.020895667146055025,-0.0068001393071351925,0.018313466438225283,-0.00307218533392104,0.0025822007078297425,-0.0037279539732141525
cable,8,0,17+,0.027477741412514287,-0.004484728280527976,0.027408793391216314,-0.0037871533395246004,6.894802129797303e-05,-0.0006975749410033758
cable,8,0,9-16,0.04926849472127394,-0.004864610115165582,0.04978859888351689,-0.0005645325856204263,-0.0005201041622429486,-0.004300077529545155
cable,8,1,17+,0.02290966945263191,-0.0064469056909435005,0.02366077740277558,-0.00602973747612557,-0.0007511079501436695,-0.0004171682148179307
cable,8,1,9-16,0.043541812927139004,-0.008508891165218394,0.045368174711863156,-0.00541613911980562,-0.0018263617847241523,-0.003092752045412774
cable,16,0,17+,0.07393759724741075,-0.0065371086658738585,0.06955603596304545,-0.004734364289731016,0.004381561284365301,-0.0018027443761428428
cable,16,1,17+,0.05879947938481151,-0.009342604631405996,0.0629569457552465,-0.004978888436810979,-0.004157466370434994,-0.004363716194595017
chewinggum,0,0,1-2,0.08287469981687846,-0.051973953598257336,0.011525961253756314,0.00214913573428325,0.07134873856312215,-0.054123089332540585
chewinggum,0,0,17+,0.0035204688028897565,-0.002936434038161817,0.00036421610479132476,5.3678876251796074e-05,0.003156252698098432,-0.002990112914413613
chewinggum,0,0,3-4,0.01372565551200641,-0.010072629435805483,0.0020214921691518242,0.0005414720669854137,0.011704163342854585,-0.010614101502790897
chewinggum,0,0,5-8,0.006813775048853412,-0.005236178103369111,0.0009139579218321554,0.0002344506232609129,0.005899817127021256,-0.005470628726630024
chewinggum,0,0,9-16,0.0045848731901603195,-0.0035530493906585246,0.0005511574421396109,0.0001779298619260483,0.004033715748020709,-0.0037309792525845728
chewinggum,0,1,1-2,0.08345912900036088,-0.05307196218902036,0.010429175641303799,0.0015584741291454027,0.07302995335905708,-0.05463043631816576
chewinggum,0,1,17+,0.003552325813390062,-0.0029825389388447453,0.00031692363232139174,0.00010107147607896857,0.0032354021810686705,-0.003083610414923714
chewinggum,0,1,3-4,0.013889311207993572,-0.010315308897874909,0.0017352062979165306,0.0005440772959765444,0.01215410491007704,-0.010859386193851453
chewinggum,0,1,5-8,0.006895409035897803,-0.005282981265798585,0.0007780601806547686,0.00025900479573749604,0.006117348855243034,-0.005541986061536081
chewinggum,0,1,9-16,0.004633564729144447,-0.00366125716368041,0.00046068413524941545,0.00020290434230807594,0.004172880593895032,-0.003864161505988486
chewinggum,2,0,17+,0.005646487081091499,-0.00312923091433104,0.0016825829557422752,0.0003000796748057365,0.003963904125349224,-0.0034293105891367763
chewinggum,2,0,3-4,0.044962645968657754,-0.006435782187898363,0.024510950445986068,0.0047196092436847786,0.020451695522671686,-0.011155391431583141
chewinggum,2,0,5-8,0.013252974164019146,-0.005466360564573296,0.004813627183563969,0.0012624125703950117,0.008439346980455177,-0.006728773134968308
chewinggum,2,0,9-16,0.007749063195660658,-0.003750161515011395,0.0025418200479095936,0.0007155391091440699,0.005207243147751065,-0.004465700624155465
chewinggum,2,1,17+,0.0055407624264868114,-0.0033768172651484117,0.0015099413879003315,0.00040921249989735723,0.00403082103858648,-0.003786029765045769
chewinggum,2,1,3-4,0.04264551468578901,-0.008929232370940591,0.02174767177066693,0.0032865136866623954,0.020897842915122082,-0.012215746057602986
chewinggum,2,1,5-8,0.012783128508612802,-0.006217942109930332,0.004366333275039582,0.000901263516115989,0.008416795233573221,-0.007119205626046321
chewinggum,2,1,9-16,0.0075141379633789475,-0.004130483059981064,0.0022469462492711034,0.0006649035215282071,0.005267191714107844,-0.004795386581509272
chewinggum,4,0,17+,0.008435088589830261,-0.0026893988384459303,0.0043675394428151215,0.0010279418868363074,0.00406754914701514,-0.0037173407252822374
chewinggum,4,0,5-8,0.03480752718088951,-0.0010416852858162436,0.020345520795504893,0.004211751445827717,0.014462006385384616,-0.005253436731643961
chewinggum,4,0,9-16,0.011959491931865395,-0.0030533747597657496,0.006268550198029149,0.0017930545973223468,0.005690941733836246,-0.004846429357088096
chewinggum,4,1,17+,0.007970392436388534,-0.0036012697120653627,0.0036531715041429216,0.0008164823940287331,0.004317220932245612,-0.004417752106094096
chewinggum,4,1,5-8,0.032204522098275394,-0.0034313477656208557,0.018236861544593377,0.002750354519344328,0.013967660553682017,-0.006181702284965184
chewinggum,4,1,9-16,0.011290101299661797,-0.004241086442330585,0.005342628131531325,0.0012632108870078089,0.005947473168130472,-0.005504297329338394
chewinggum,8,0,17+,0.016051589045673564,-0.0018760369017328817,0.011462590946205678,0.002698173464877352,0.004588998099467886,-0.004574210366610234
chewinggum,8,0,9-16,0.03252079514465451,3.271345913837099e-05,0.02252461073449112,0.004773122174150132,0.009996184410163388,-0.004740408715011761
chewinggum,8,1,17+,0.015953086327290346,-0.004543590843532637,0.010063799424632133,0.0007375197981240584,0.005889286902658213,-0.005281110641656695
chewinggum,8,1,9-16,0.031440752333608116,-0.003299045665861098,0.020648923099497677,0.0024430285093648596,0.010791829234110439,-0.005742074175225958
chewinggum,16,0,17+,0.04571236907665067,0.0012608349087210322,0.03650835444401388,0.0071135121274664105,0.009204014632636787,-0.005852677218745378
chewinggum,16,1,17+,0.04768682179180366,-0.003961653486394893,0.03563589812524012,0.0029273322281904534,0.012050923666563539,-0.006888985714585346
macaroni2,0,0,1-2,0.014728775767919868,-0.00027726172332131295,0.007304641923379897,0.00208098322538788,0.007424133844539971,-0.002358244948709193
macaroni2,0,0,17+,0.00029064444169201863,-4.73695395262028e-05,6.268517879003062e-05,2.429784379469551e-05,0.000227959262901988,-7.166738332089831e-05
macaroni2,0,0,3-4,0.0015867116327474633,0.00029001610916520876,0.0007150926957735417,0.00024330768397435231,0.0008716189369739216,4.670842519085644e-05
macaroni2,0,0,5-8,0.0004944162040676697,1.6825334911175743e-05,0.0001846492901314908,5.527017777994758e-05,0.00030976691393617885,-3.8444842868771834e-05
macaroni2,0,0,9-16,0.0004003465338326687,-4.695855137832544e-05,8.908946721615834e-05,3.627193428236057e-05,0.0003112570666165104,-8.323048566068601e-05
macaroni2,0,1,1-2,0.015562767660917869,3.9318306188984166e-05,0.008531652847024633,0.002221249461379025,0.0070311148138932356,-0.0021819311551900407
macaroni2,0,1,17+,0.000301832930441942,-2.6578428291701948e-05,7.338236731572719e-05,2.7490760269018272e-05,0.00022845056312621482,-5.406918856072022e-05
macaroni2,0,1,3-4,0.0016617485723043766,0.0003925295723147231,0.0007872667019640404,0.00020486635276116818,0.0008744818703403362,0.0001876632195535549
macaroni2,0,1,5-8,0.000512621200323288,2.5953059256191283e-05,0.0002046180131636871,4.9864853587123065e-06,0.0003080031871596009,2.0966573897478977e-05
macaroni2,0,1,9-16,0.00041652564763753204,-2.6868381869908556e-05,0.00010683362905443059,1.5871025194971636e-05,0.00030969201858310145,-4.273940706488019e-05
macaroni2,2,0,17+,0.0013812151790867668,0.0003357134544098687,0.0009627263595676219,0.00019508155069806492,0.0004184888195191449,0.00014063190371180377
macaroni2,2,0,3-4,0.04508574806774651,0.015630144676542918,0.0436414727941155,0.012179557879734822,0.0014442752736310085,0.0034505867968080955
macaroni2,2,0,5-8,0.005533472693059544,0.0015341660540778984,0.004808175852910254,0.001114341180506697,0.0007252968401492898,0.00041982487357120134
macaroni2,2,0,9-16,0.0022263363728092277,0.000450622122983327,0.0015566136605667392,0.0002779102800466727,0.0006697227122424885,0.00017271184293665432
macaroni2,2,1,17+,0.0012892750897056222,0.00026882308575750235,0.0007760340703733817,7.336486282175951e-05,0.0005132410193322405,0.00019545822293574284
macaroni2,2,1,3-4,0.04405572613080338,0.014190700584494656,0.03705456513842494,0.008818191346796749,0.007001160992378436,0.0053725092376979075
macaroni2,2,1,5-8,0.005080399296194679,0.0011320578273657728,0.0038124840612807354,0.0002853855280352664,0.0012679152349139439,0.0008466722993305064
macaroni2,2,1,9-16,0.0020812665416289487,0.000332394837327477,0.0012493738528670366,-5.371010607612313e-06,0.0008318926887619122,0.00033776584793508935
macaroni2,4,0,17+,0.0030038057684173445,0.0006894352646468267,0.0025140062108186994,0.0005011418598603311,0.0004897995575986452,0.00018829340478649552
macaroni2,4,0,5-8,0.036328624209596004,0.010722496265265254,0.03363914286062392,0.009551435851107688,0.002689481348972081,0.0011710604141575657
macaroni2,4,0,9-16,0.005438076656880843,0.0011209899672534876,0.004579813560121644,0.0009824210504678318,0.0008582630967591993,0.0001385689167856558
macaroni2,4,1,17+,0.0025683812189122345,0.0006353158111259038,0.002031418239628777,0.00020712067239236537,0.0005369629792834575,0.00042819513873353836
macaroni2,4,1,5-8,0.03199491120047035,0.00867907183974553,0.02751862809096493,0.005996485009181297,0.00447628310950542,0.0026825868305642327
macaroni2,4,1,9-16,0.0045166637308688105,0.0008135024474853348,0.003539223480685046,0.0002490211118366356,0.0009774402501837643,0.0005644813356486993
macaroni2,8,0,17+,0.007037782997617241,0.0009069659958501313,0.006764281389769119,0.00047684516625617093,0.00027350160784812144,0.0004301208295939604
macaroni2,8,0,9-16,0.030811991087264432,0.007085785728511721,0.029733437296279003,0.006909634966010572,0.0010785537909854294,0.00017615076250114894
macaroni2,8,1,17+,0.005516682556157671,0.000644575954079396,0.005436063379359692,0.0001801942367828614,8.061917679797956e-05,0.0004643817172965346
macaroni2,8,1,9-16,0.023729185014963107,0.004504207447919377,0.02271122417792121,0.003658953075807028,0.001017960837041896,0.0008452543721123485
macaroni2,16,0,17+,0.03394521528648001,0.007417114393638194,0.03266894269596642,0.005016839759034267,0.0012762725905135844,0.0024002746346039267
macaroni2,16,1,17+,0.028634251488579596,0.006211724556393697,0.027636942479552448,0.003983448756813668,0.0009973090090271489,0.002228275799580029
pcb2,0,0,1-2,0.020230582898269203,-0.004023102709004398,0.00989614678110224,0.0016328935324603562,0.010334436117166963,-0.005655996241464754
pcb2,0,0,17+,0.0004937079914194508,-0.0003074895430981393,0.00016646908813789944,6.686189406870232e-05,0.0003272389032815513,-0.0003743514371668416
pcb2,0,0,3-4,0.0025364020790826646,-0.0011693491408478363,0.0012014622483951728,0.00018860718709287272,0.0013349398306874917,-0.001357956327940709
pcb2,0,0,5-8,0.0009422249031558255,-0.0005477224792357324,0.00040720693009962174,0.00012788610818193248,0.0005350179730562038,-0.0006756085874176649
pcb2,0,0,9-16,0.000591684840287551,-0.00037807531864244003,0.00022792545804699714,8.1786517377146e-05,0.00036375938224055384,-0.000459861836019586
pcb2,0,1,1-2,0.021224908302732073,-0.003101668183586814,0.01107706324061529,0.002109294587521516,0.010147845062116783,-0.0052109627711083295
pcb2,0,1,17+,0.0005097430630674231,-0.0003325498389482627,0.00018868688558070922,2.6695225700587832e-05,0.0003210561774867139,-0.0003592450646488505
pcb2,0,1,3-4,0.002644802564342729,-0.001042589461993693,0.0013450095044996585,0.0002812324505977294,0.0012997930598430706,-0.0013238219125914226
pcb2,0,1,5-8,0.0009911224638774702,-0.0005404934421251817,0.00044922241310506664,0.00010287866261866805,0.0005419000507724035,-0.0006433721047438498
pcb2,0,1,9-16,0.0006111510292801361,-0.00040131814126916613,0.0002534216843880427,3.939953337280127e-05,0.00035772934489209344,-0.0004407176746419674
pcb2,2,0,17+,0.0013759152663320635,-0.000361130330307685,0.0008259134540113938,5.554547813155031e-05,0.0005500018123206698,-0.0004166758084392353
pcb2,2,0,3-4,0.02390516785574917,0.0014157118482627995,0.017843595718861405,0.0022367757550544086,0.006061572136887766,-0.0008210639067916092
pcb2,2,0,5-8,0.003721216151461655,-0.0006612064800372077,0.0025943300968517377,0.0002924639740688989,0.0011268860546099174,-0.0009536704541061067
pcb2,2,0,9-16,0.0017272811443641404,-0.0005683687715493612,0.0011042166576468032,5.6438985655445924e-05,0.0006230644867173372,-0.0006248077572048071
pcb2,2,1,17+,0.0014553427813552332,-0.0004567337253654707,0.0009140624680285837,-0.0001515607611868572,0.0005412803133266496,-0.0003051729641786135
pcb2,2,1,3-4,0.027428914365979485,0.0018197888385462467,0.02148867567302654,0.0028154852045848724,0.0059402386929529455,-0.0009956963660386257
pcb2,2,1,5-8,0.004080196557576175,-0.0006893721423084758,0.002891721230601687,0.000177170679132696,0.0011884753269744879,-0.0008665428214411718
pcb2,2,1,9-16,0.0018397707259888302,-0.0007138984979288155,0.0012100893785220975,-0.00014531641599914346,0.0006296813474667327,-0.000568582081929672
pcb2,4,0,17+,0.0028003576784006103,0.00011844308543511838,0.0019140721039244551,5.284154043969357e-05,0.0008862855744761551,6.56015449954248e-05
pcb2,4,0,5-8,0.01806525499947985,0.0016077219462005108,0.012890774944227969,0.0015020759708352538,0.00517448005525188,0.00010564597536525701
pcb2,4,0,9-16,0.003699100619996847,-0.00017431671859113504,0.002603657963239383,8.590022373908756e-05,0.0010954426567574642,-0.0002602169423302226
pcb2,4,1,17+,0.0027549636937085533,-0.00014102930979847171,0.0021010181628500243,-0.00028398316112462473,0.000653945530858529,0.00014295385132615302
pcb2,4,1,5-8,0.020146343827946066,0.001732988901274494,0.014516921864317989,0.0011398111178283954,0.005629421963628077,0.0005931777834460986
pcb2,4,1,9-16,0.00374863024747654,-0.0005206103966544867,0.002799047550070053,-0.0002873691875756401,0.0009495826974064868,-0.0002332412090788466
pcb2,8,0,17+,0.007418616890693811,0.0013267529443927503,0.005748904720045731,0.0005003055277601145,0.0016697121706480793,0.0008264474166326357
pcb2,8,0,9-16,0.01907742212642911,0.0023885541199996237,0.01359223895673894,0.001572816236079558,0.005485183169690171,0.0008157378839200658
pcb2,8,1,17+,0.006686160554333228,0.0006373802553242659,0.005674942451555025,-0.0001919377250894876,0.001011218102778203,0.0008293179804137534
pcb2,8,1,9-16,0.019855638379037022,0.0019885044449133565,0.014592655869718175,0.0009710260934783637,0.005262982509318847,0.0010174783514349927
pcb2,16,0,17+,0.0536472854049255,0.011119248114598357,0.0366618533185424,0.005475656972788377,0.016985432086383097,0.0056435911418099794
pcb2,16,1,17+,0.052108999380531366,0.011453178457013205,0.036816287633781794,0.00604956959923571,0.015292711746749572,0.005403608857777495
screw,0,0,1-2,0.035608711133224724,0.011683050982689519,0.0758473478947219,0.04116990001364077,-0.04023863676149718,-0.02948684903095125
screw,0,0,17+,0.0012378549868800894,-4.2256544031412974e-05,0.002091454491902508,0.0009838377536267526,-0.0008535995050224184,-0.0010260942976581654
screw,0,0,3-4,0.005331017184112402,0.0017685897357033065,0.007090475509467881,0.0038340871460345615,-0.0017594583253554789,-0.002065497410331255
screw,0,0,5-8,0.002346102747884818,0.0004973483104359202,0.0030067343773319145,0.001791256980112641,-0.0006606316294470965,-0.0012939086696767206
screw,0,0,9-16,0.0015149759216258336,0.00013141361741794558,0.001965803398397949,0.0011133332607557184,-0.0004508274767721155,-0.0009819196433377727
screw,0,1,1-2,0.037711008311768504,0.012919891622180636,0.07485450208077209,0.03803976155309716,-0.03714349376900358,-0.02511986993091652
screw,0,1,17+,0.0013081824110276453,0.00011495035603165227,0.002291088994629035,0.0009208354212622301,-0.0009829065836013898,-0.0008058850652305779
screw,0,1,3-4,0.0057516149214295355,0.002327057098115678,0.0074102387600097075,0.0034729692845379104,-0.001658623838580172,-0.0011459121864222325
screw,0,1,5-8,0.002542819674034036,0.0008049764595541759,0.0031616243814182265,0.0015525113036810902,-0.0006188047073841904,-0.0007475348441269143
screw,0,1,9-16,0.0016210166760874346,0.00028308214064401644,0.002103561592225765,0.0009438973534932008,-0.00048254491613833024,-0.0006608152128491844
screw,2,0,17+,0.008792139070038426,0.004971953796582162,0.008255862818061047,0.003990691024180691,0.0005362762519773787,0.000981262772401471
screw,2,0,3-4,0.13092690526581968,0.07540008141351973,0.147699070380105,0.08142263413130646,-0.01677216511428531,-0.006022552717786733
screw,2,0,5-8,0.025239594001528986,0.015294400151440162,0.02114426617848525,0.011315950078267556,0.004095327823043737,0.0039784500731726066
screw,2,0,9-16,0.011818557509439494,0.007127662693406321,0.009766255505039557,0.005428342936769622,0.0020523020043999377,0.001699319756636699
screw,2,1,17+,0.010010113528583452,0.004887267143048065,0.008516360009034118,0.0029741267102118903,0.0014937535195493346,0.0019131404328361751
screw,2,1,3-4,0.1452980135130671,0.07972477908266425,0.1496926998516275,0.07841378915805926,-0.004394686338560411,0.0013109899246049883
screw,2,1,5-8,0.028641541072258067,0.01589525844942784,0.021432792844805693,0.009271616025921477,0.007208748227452374,0.006623642423506364
screw,2,1,9-16,0.013239884741843289,0.007255437007688327,0.009821018626484804,0.0039527140196777754,0.0034188661153584845,0.003302722988010552
screw,4,0,17+,0.01817353519165999,0.009584698916332837,0.01709287499618824,0.008116609379564063,0.0010806601954717505,0.001468089536768774
screw,4,0,5-8,0.10997664982007926,0.058636643763282426,0.10942789525409008,0.06007422922864656,0.0005487545659891846,-0.0014375854653641343
screw,4,0,9-16,0.02540491431110855,0.01392536399137016,0.022290379662687532,0.011827994777810782,0.003114534648421017,0.0020973692135593767
screw,4,1,17+,0.021303334407327002,0.00858975563264617,0.017324707558746665,0.005746213376946283,0.003978626848580337,0.0028435422556998876
screw,4,1,5-8,0.12376146772629124,0.057463654877907944,0.11204101643621213,0.054972182228995636,0.011720451290079106,0.0024914726489123074
screw,4,1,9-16,0.02928474833323426,0.0129116472489081,0.02216857772287537,0.008329141361387987,0.00711617061035889,0.0045825058875201136
screw,8,0,17+,0.030036422533222088,0.012090233007328689,0.04030650456993668,0.01943135275344945,-0.010270082036714593,-0.0073411197461207625
screw,8,0,9-16,0.08494316521966083,0.037974270981137495,0.1020423068574308,0.05353038433769056,-0.017099141637769974,-0.015556113356553068
screw,8,1,17+,0.03586410036706155,0.005572972585957533,0.041615109758830655,0.012219054829124741,-0.005751009391769105,-0.006646082243167208
screw,8,1,9-16,0.09526226820374745,0.027407062004576384,0.10306212242835562,0.041627163482267505,-0.007799854224608174,-0.014220101477691122
screw,16,0,17+,0.11594566688007481,0.043538224713670366,0.18199854352920805,0.09557375691329244,-0.06605287664913324,-0.05203553219962207
screw,16,1,17+,0.12079314394664444,0.027544630091531977,0.17626637368734954,0.07073120320412653,-0.05547322974070511,-0.04318657311259455
