cell_id,dataset,object,shot,split,arm,img_AUROC,px_AUROC,AUPRO,n_images
mvtec/bottle/k1/s0,mvtec,bottle,1,0,a0,98.17460317460318,98.8043501939316,85.40662467474218,83
mvtec/bottle/k1/s0,mvtec,bottle,1,0,a2,97.46031746031746,98.86240293025367,85.672496833647,83
mvtec/bottle/k1/s0,mvtec,bottle,1,0,a3,98.17460317460318,98.59729956247112,84.50069631702024,83
mvtec/bottle/k1/s0,mvtec,bottle,1,0,a5,98.17460317460318,98.59495004359769,84.50062625887314,83
mvtec/bottle/k1/s0,mvtec,bottle,1,0,a4s0,98.17460317460318,98.60078840652767,84.51680932581414,83
mvtec/bottle/k1/s0,mvtec,bottle,1,0,a4s1,98.17460317460318,98.60515865904941,84.5140152169297,83
mvtec/bottle/k1/s0,mvtec,bottle,1,0,a4s2,98.17460317460318,98.61985860349,84.54826084105761,83
mvtec/bottle/k1/s0,mvtec,bottle,1,0,a4s3,98.17460317460318,98.60497712544246,84.5291867549106,83
mvtec/bottle/k1/s0,mvtec,bottle,1,0,a4s4,98.17460317460318,98.60021951997098,84.5154190608919,83
mvtec/bottle/k1/s0,mvtec,bottle,1,0,a4s5,98.17460317460318,98.6067354062737,84.51617825093084,83
mvtec/bottle/k1/s0,mvtec,bottle,1,0,a4s6,98.17460317460318,98.60400377031132,84.52778450522928,83
mvtec/bottle/k1/s0,mvtec,bottle,1,0,a4s7,98.17460317460318,98.59034128694259,84.51227686035229,83
mvtec/bottle/k1/s0,mvtec,bottle,1,0,a4s8,98.17460317460318,98.60164108024422,84.5168180151788,83
mvtec/bottle/k1/s0,mvtec,bottle,1,0,a4s9,98.17460317460318,98.60187845560391,84.51413887272861,83
mvtec/bottle/k4/s0,mvtec,bottle,4,0,a0,98.96825396825398,99.07274306825674,86.96816398611648,83
mvtec/bottle/k4/s0,mvtec,bottle,4,0,a2,99.04761904761905,99.12336366936161,87.62924733256767,83
mvtec/bottle/k4/s0,mvtec,bottle,4,0,a3,98.73015873015873,98.13533532882039,84.95102562444136,83
mvtec/bottle/k4/s0,mvtec,bottle,4,0,a5,98.73015873015873,98.1362972465413,84.90843360326534,83
mvtec/bottle/k4/s0,mvtec,bottle,4,0,a4s0,98.73015873015873,98.26944157904074,85.12417304453125,83
mvtec/bottle/k4/s0,mvtec,bottle,4,0,a4s1,98.73015873015873,98.32082246431307,84.98630113157436,83
mvtec/bottle/k4/s0,mvtec,bottle,4,0,a4s2,98.73015873015873,98.2195357259926,84.97601175956996,83
mvtec/bottle/k4/s0,mvtec,bottle,4,0,a4s3,98.73015873015873,98.23289791932221,85.03289303750618,83
mvtec/bottle/k4/s0,mvtec,bottle,4,0,a4s4,98.73015873015873,98.20545606511168,84.95476635950212,83
mvtec/bottle/k4/s0,mvtec,bottle,4,0,a4s5,98.73015873015873,98.21017996172071,84.90564237169058,83
mvtec/bottle/k4/s0,mvtec,bottle,4,0,a4s6,98.73015873015873,98.2096843156635,84.96447849379058,83
mvtec/bottle/k4/s0,mvtec,bottle,4,0,a4s7,98.73015873015873,98.29804503379039,85.1994658854594,83
mvtec/bottle/k4/s0,mvtec,bottle,4,0,a4s8,98.73015873015873,98.21193661690106,84.97664455316992,83
mvtec/bottle/k4/s0,mvtec,bottle,4,0,a4s9,98.73015873015873,98.2434515833695,85.02443343023587,83
mvtec/cable/k1/s0,mvtec,cable,1,0,a0,69.92128935532233,96.50492604706602,69.48266281230536,150
mvtec/cable/k1/s0,mvtec,cable,1,0,a2,67.1289355322339,96.74974015848909,69.80929912415853,150
mvtec/cable/k1/s0,mvtec,cable,1,0,a3,56.4655172413793,82.95941556738549,47.50268500269142,150
mvtec/cable/k1/s0,mvtec,cable,1,0,a5,57.308845577211386,82.63346108036696,47.37332735527104,150
mvtec/cable/k1/s0,mvtec,cable,1,0,a4s0,55.62218890554723,81.41046983356917,43.5607690116589,150
mvtec/cable/k1/s0,mvtec,cable,1,0,a4s1,55.34107946026987,81.5271192389978,43.4193555493086,150
mvtec/cable/k1/s0,mvtec,cable,1,0,a4s2,55.62218890554722,81.62627211740879,43.801970316229436,150
mvtec/cable/k1/s0,mvtec,cable,1,0,a4s3,55.041229385307346,81.45236428051314,43.27455062680709,150
mvtec/cable/k1/s0,mvtec,cable,1,0,a4s4,55.24737631184408,81.28478763423672,43.372246757136054,150
mvtec/cable/k1/s0,mvtec,cable,1,0,a4s5,55.52848575712144,81.15914943863669,43.71671869059896,150
mvtec/cable/k1/s0,mvtec,cable,1,0,a4s6,55.1911544227886,81.39603093995592,43.47493138224724,150
mvtec/cable/k1/s0,mvtec,cable,1,0,a4s7,55.228635682158924,81.54331175919438,43.42568090995085,150
mvtec/cable/k1/s0,mvtec,cable,1,0,a4s8,55.0599700149925,81.42192391299749,43.39098821041617,150
mvtec/cable/k1/s0,mvtec,cable,1,0,a4s9,55.30359820089954,81.09269874296776,43.08040408990458,150
mvtec/cable/k4/s0,mvtec,cable,4,0,a0,84.35157421289355,97.67904564728104,76.8417258841116,150
mvtec/cable/k4/s0,mvtec,cable,4,0,a2,85.26986506746627,97.94106392048171,78.47715217426574,150
mvtec/cable/k4/s0,mvtec,cable,4,0,a3,74.3815592203898,83.28969607900318,42.32434674475504,150
mvtec/cable/k4/s0,mvtec,cable,4,0,a5,75.43103448275862,83.25999253955395,49.723297284876566,150
mvtec/cable/k4/s0,mvtec,cable,4,0,a4s0,73.21964017991004,82.7185308765093,41.34278276040648,150
mvtec/cable/k4/s0,mvtec,cable,4,0,a4s1,72.58245877061469,83.11573623507617,42.07409440779722,150
mvtec/cable/k4/s0,mvtec,cable,4,0,a4s2,72.3575712143928,82.63756410637887,41.60319750724246,150
mvtec/cable/k4/s0,mvtec,cable,4,0,a4s3,72.82608695652173,82.67594884265053,41.22013121697889,150
mvtec/cable/k4/s0,mvtec,cable,4,0,a4s4,72.43253373313343,82.67353527636035,43.22715594077377,150
mvtec/cable/k4/s0,mvtec,cable,4,0,a4s5,73.05097451274362,82.94925819907513,41.798189438620945,150
mvtec/cable/k4/s0,mvtec,cable,4,0,a4s6,73.40704647676162,82.9781788063388,44.04484928054706,150
mvtec/cable/k4/s0,mvtec,cable,4,0,a4s7,73.12593703148426,82.81889304448032,45.37991825342181,150
mvtec/cable/k4/s0,mvtec,cable,4,0,a4s8,72.95727136431785,82.85984663687837,42.95852955022973,150
mvtec/cable/k4/s0,mvtec,cable,4,0,a4s9,72.73238380809596,82.6999408404091,41.921987948107216,150
mvtec/capsule/k1/s0,mvtec,capsule,1,0,a0,80.89349820502592,97.93480235462053,85.18703481022544,132
mvtec/capsule/k1/s0,mvtec,capsule,1,0,a2,81.57159952134026,98.20526993751652,87.95406913406634,132
mvtec/capsule/k1/s0,mvtec,capsule,1,0,a3,64.22018348623854,83.71815598884551,27.24289126137783,132
mvtec/capsule/k1/s0,mvtec,capsule,1,0,a5,66.2544874351815,80.26692795919479,14.073600918174959,132
mvtec/capsule/k1/s0,mvtec,capsule,1,0,a4s0,63.30275229357798,82.54939714340395,21.358636137830402,132
mvtec/capsule/k1/s0,mvtec,capsule,1,0,a4s1,62.10610291184684,82.6722422011791,20.457154576265005,132
mvtec/capsule/k1/s0,mvtec,capsule,1,0,a4s2,63.74152373354607,83.26357668701797,22.85874611508976,132
mvtec/capsule/k1/s0,mvtec,capsule,1,0,a4s3,62.70442760271241,82.845119763113,20.36811126933447,132
mvtec/capsule/k1/s0,mvtec,capsule,1,0,a4s4,62.26565616274432,82.82441879598029,22.43811685751941,132
mvtec/capsule/k1/s0,mvtec,capsule,1,0,a4s5,63.382528919026726,82.89999250422254,21.953313430667365,132
mvtec/capsule/k1/s0,mvtec,capsule,1,0,a4s6,63.46230554447547,83.28264025198555,21.600617802134796,132
mvtec/capsule/k1/s0,mvtec,capsule,1,0,a4s7,63.183087355404865,83.71289329985933,21.899137490938685,132
mvtec/capsule/k1/s0,mvtec,capsule,1,0,a4s8,62.78420422816116,82.8914372139276,21.344964740360275,132
mvtec/capsule/k1/s0,mvtec,capsule,1,0,a4s9,62.8639808536099,83.01837251134828,22.487144372767805,132
mvtec/capsule/k4/s0,mvtec,capsule,4,0,a0,89.27004387714399,98.40347887227048,85.87462254497174,132
mvtec/capsule/k4/s0,mvtec,capsule,4,0,a2,88.95093737534903,98.59062311105761,88.18833307829573,132
mvtec/capsule/k4/s0,mvtec,capsule,4,0,a3,88.23294774631033,92.77276977292689,78.92462736172612,132
mvtec/capsule/k4/s0,mvtec,capsule,4,0,a5,88.63183087355405,90.39782305714614,78.12030380227934,132
mvtec/capsule/k4/s0,mvtec,capsule,4,0,a4s0,87.873952931791,92.74007208028546,78.94546746466727,132
mvtec/capsule/k4/s0,mvtec,capsule,4,0,a4s1,88.23294774631033,92.60195458933862,78.05879157760616,132
mvtec/capsule/k4/s0,mvtec,capsule,4,0,a4s2,88.07339449541284,92.36496938342536,77.78731552974261,132
mvtec/capsule/k4/s0,mvtec,capsule,4,0,a4s3,88.2728360590347,92.85664528096439,78.20171956094686,132
mvtec/capsule/k4/s0,mvtec,capsule,4,0,a4s4,88.23294774631033,93.84386061001912,78.57774354900924,132
mvtec/capsule/k4/s0,mvtec,capsule,4,0,a4s5,87.91384124451535,91.94326238175282,78.20081287861332,132
mvtec/capsule/k4/s0,mvtec,capsule,4,0,a4s6,88.31272437175907,92.17216910613476,77.98372168332405,132
mvtec/capsule/k4/s0,mvtec,capsule,4,0,a4s7,88.27283605903472,93.03422515495036,78.14246829525767,132
mvtec/capsule/k4/s0,mvtec,capsule,4,0,a4s8,88.47227762265656,92.20377317509907,78.84342392097355,132
mvtec/capsule/k4/s0,mvtec,capsule,4,0,a4s9,88.59194256082968,93.61585941348729,78.9702773464456,132
mvtec/carpet/k1/s0,mvtec,carpet,1,0,a0,90.48956661316211,99.48653643821476,93.56374089595141,117
mvtec/carpet/k1/s0,mvtec,carpet,1,0,a2,75.76243980738363,98.8553611073083,92.11949416959305,117
mvtec/carpet/k1/s0,mvtec,carpet,1,0,a3,83.42696629213484,91.25387100435697,82.70130544188115,117
mvtec/carpet/k1/s0,mvtec,carpet,1,0,a5,84.06902086677368,90.68766865652225,81.84092510030706,117
mvtec/carpet/k1/s0,mvtec,carpet,1,0,a4s0,82.42375601926163,91.50125358215848,82.45940059018992,117
mvtec/carpet/k1/s0,mvtec,carpet,1,0,a4s1,83.94863563402889,93.24340394384285,83.40302521868882,117
mvtec/carpet/k1/s0,mvtec,carpet,1,0,a4s2,82.10272873194221,91.67481407471773,82.18252600890038,117
mvtec/carpet/k1/s0,mvtec,carpet,1,0,a4s3,82.14285714285714,91.685996341777,82.51211299365197,117
mvtec/carpet/k1/s0,mvtec,carpet,1,0,a4s4,82.46388443017656,93.0816227252693,82.95949573062751,117
mvtec/carpet/k1/s0,mvtec,carpet,1,0,a4s5,82.94542536115569,92.03388474345446,81.84471166121611,117
mvtec/carpet/k1/s0,mvtec,carpet,1,0,a4s6,82.54414125200643,91.28150811160727,81.8554281168877,117
mvtec/carpet/k1/s0,mvtec,carpet,1,0,a4s7,82.62439807383628,91.52930615635083,82.05173469307687,117
mvtec/carpet/k1/s0,mvtec,carpet,1,0,a4s8,82.30337078651685,91.46157476434749,82.52364883823549,117
mvtec/carpet/k1/s0,mvtec,carpet,1,0,a4s9,82.54414125200643,91.70939999877844,82.2420956283316,117
mvtec/carpet/k4/s0,mvtec,carpet,4,0,a0,94.42215088282504,99.52183259868596,93.70662571152069,117
mvtec/carpet/k4/s0,mvtec,carpet,4,0,a2,80.01605136436596,99.17159259191767,92.94274411502319,117
mvtec/carpet/k4/s0,mvtec,carpet,4,0,a3,81.90208667736758,85.91718479743616,76.04985378961238,117
mvtec/carpet/k4/s0,mvtec,carpet,4,0,a5,83.30658105939004,85.14952721765627,74.08365855707973,117
mvtec/carpet/k4/s0,mvtec,carpet,4,0,a4s0,80.89887640449437,86.6503715613493,74.89115203119168,117
mvtec/carpet/k4/s0,mvtec,carpet,4,0,a4s1,80.73836276083466,88.20676603359384,75.52644287808855,117
mvtec/carpet/k4/s0,mvtec,carpet,4,0,a4s2,80.73836276083468,88.74759412567357,75.84455113449617,117
mvtec/carpet/k4/s0,mvtec,carpet,4,0,a4s3,81.34028892455858,88.32104381857738,75.31199261289287,117
mvtec/carpet/k4/s0,mvtec,carpet,4,0,a4s4,80.81861958266452,88.67728617291782,76.93548416770732,117
mvtec/carpet/k4/s0,mvtec,carpet,4,0,a4s5,80.69823434991974,88.50846158469604,76.0705766623401,117
mvtec/carpet/k4/s0,mvtec,carpet,4,0,a4s6,80.53772070626003,87.36132001167165,75.2441511760762,117
mvtec/carpet/k4/s0,mvtec,carpet,4,0,a4s7,80.97913322632424,87.77237568970871,75.41148765280046,117
mvtec/carpet/k4/s0,mvtec,carpet,4,0,a4s8,80.9390048154093,87.08286958045099,75.37866268652787,117
mvtec/carpet/k4/s0,mvtec,carpet,4,0,a4s9,81.54093097913322,88.9506725372256,76.26406019183719,117
mvtec/grid/k1/s0,mvtec,grid,1,0,a0,66.58312447786132,99.37151462662919,87.43224734063678,78
mvtec/grid/k1/s0,mvtec,grid,1,0,a2,63.49206349206349,99.55405207141477,90.69921851302864,78
mvtec/grid/k1/s0,mvtec,grid,1,0,a3,66.58312447786132,99.371514627563,87.4322473181618,78
mvtec/grid/k1/s0,mvtec,grid,1,0,a5,66.58312447786132,99.371514627563,87.4322473181618,78
mvtec/grid/k1/s0,mvtec,grid,1,0,a4s0,66.58312447786132,99.371514627563,87.4322473181618,78
mvtec/grid/k1/s0,mvtec,grid,1,0,a4s1,66.58312447786132,99.371514627563,87.4322473181618,78
mvtec/grid/k1/s0,mvtec,grid,1,0,a4s2,66.58312447786132,99.371514627563,87.4322473181618,78
mvtec/grid/k1/s0,mvtec,grid,1,0,a4s3,66.58312447786132,99.371514627563,87.4322473181618,78
mvtec/grid/k1/s0,mvtec,grid,1,0,a4s4,66.58312447786132,99.371514627563,87.4322473181618,78
mvtec/grid/k1/s0,mvtec,grid,1,0,a4s5,66.58312447786132,99.371514627563,87.4322473181618,78
mvtec/grid/k1/s0,mvtec,grid,1,0,a4s6,66.58312447786132,99.371514627563,87.4322473181618,78
mvtec/grid/k1/s0,mvtec,grid,1,0,a4s7,66.58312447786132,99.371514627563,87.4322473181618,78
mvtec/grid/k1/s0,mvtec,grid,1,0,a4s8,66.58312447786132,99.371514627563,87.4322473181618,78
mvtec/grid/k1/s0,mvtec,grid,1,0,a4s9,66.58312447786132,99.371514627563,87.4322473181618,78
mvtec/grid/k4/s0,mvtec,grid,4,0,a0,51.461988304093566,99.39639447428905,87.69865933922236,78
mvtec/grid/k4/s0,mvtec,grid,4,0,a2,48.03675856307436,99.55021274632661,90.58304127694485,78
mvtec/grid/k4/s0,mvtec,grid,4,0,a3,46.53299916457811,99.1909688925228,84.31194711833535,78
mvtec/grid/k4/s0,mvtec,grid,4,0,a5,47.284878863826236,99.16602594022552,84.24226188581146,78
mvtec/grid/k4/s0,mvtec,grid,4,0,a4s0,46.115288220551385,99.10020870135119,83.80890028453089,78
mvtec/grid/k4/s0,mvtec,grid,4,0,a4s1,46.70008354218881,99.21199010812404,84.91100462410236,78
mvtec/grid/k4/s0,mvtec,grid,4,0,a4s2,47.368421052631575,99.15776843077965,83.91105525723864,78
mvtec/grid/k4/s0,mvtec,grid,4,0,a4s3,46.36591478696742,99.16500716988452,84.4328237490633,78
mvtec/grid/k4/s0,mvtec,grid,4,0,a4s4,46.115288220551385,99.15180187720067,84.25112665698299,78
mvtec/grid/k4/s0,mvtec,grid,4,0,a4s5,45.69757727652465,99.13414658960006,83.90002927829262,78
mvtec/grid/k4/s0,mvtec,grid,4,0,a4s6,47.20133667502089,99.17975415014271,84.00830441361263,78
mvtec/grid/k4/s0,mvtec,grid,4,0,a4s7,45.86466165413534,99.11236605200534,83.57810561902606,78
mvtec/grid/k4/s0,mvtec,grid,4,0,a4s8,46.8671679197995,99.16060573892341,84.39553431053996,78
mvtec/grid/k4/s0,mvtec,grid,4,0,a4s9,46.03174603174603,99.15695618511123,84.21900379136675,78
mvtec/hazelnut/k1/s0,mvtec,hazelnut,1,0,a0,67.67857142857142,98.84625632795007,65.81235880492233,110
mvtec/hazelnut/k1/s0,mvtec,hazelnut,1,0,a2,68.85714285714285,98.64054596353239,69.91116538574596,110
mvtec/hazelnut/k1/s0,mvtec,hazelnut,1,0,a3,67.57142857142858,98.62536299950749,63.75695038329283,110
mvtec/hazelnut/k1/s0,mvtec,hazelnut,1,0,a5,67.57142857142858,98.62536299950749,63.75695038329283,110
mvtec/hazelnut/k1/s0,mvtec,hazelnut,1,0,a4s0,67.57142857142858,98.62536299950749,63.75695038329283,110
mvtec/hazelnut/k1/s0,mvtec,hazelnut,1,0,a4s1,67.57142857142858,98.62536299950749,63.75695038329283,110
mvtec/hazelnut/k1/s0,mvtec,hazelnut,1,0,a4s2,67.57142857142858,98.62253977729897,63.756905140135224,110
mvtec/hazelnut/k1/s0,mvtec,hazelnut,1,0,a4s3,67.57142857142858,98.6237214913749,63.756905140135224,110
mvtec/hazelnut/k1/s0,mvtec,hazelnut,1,0,a4s4,67.57142857142858,98.62705342468385,63.756905140135224,110
mvtec/hazelnut/k1/s0,mvtec,hazelnut,1,0,a4s5,67.57142857142858,98.62705342468385,63.756905140135224,110
mvtec/hazelnut/k1/s0,mvtec,hazelnut,1,0,a4s6,67.57142857142858,98.62253977729897,63.756905140135224,110
mvtec/hazelnut/k1/s0,mvtec,hazelnut,1,0,a4s7,67.57142857142858,98.63003517685938,63.75306342508236,110
mvtec/hazelnut/k1/s0,mvtec,hazelnut,1,0,a4s8,67.57142857142858,98.62253977729897,63.756905140135224,110
mvtec/hazelnut/k1/s0,mvtec,hazelnut,1,0,a4s9,67.57142857142858,98.62864915197434,63.76089991936801,110
mvtec/hazelnut/k4/s0,mvtec,hazelnut,4,0,a0,77.03571428571429,99.23020069021817,81.16209851686557,110
mvtec/hazelnut/k4/s0,mvtec,hazelnut,4,0,a2,75.32142857142857,99.14213781634159,83.56279877328737,110
mvtec/hazelnut/k4/s0,mvtec,hazelnut,4,0,a3,71.67857142857143,94.86357618042567,68.25374415599859,110
mvtec/hazelnut/k4/s0,mvtec,hazelnut,4,0,a5,71.67857142857143,94.8408329742898,68.36936983726513,110
mvtec/hazelnut/k4/s0,mvtec,hazelnut,4,0,a4s0,71.17857142857143,94.92592960244893,68.47824633579721,110
mvtec/hazelnut/k4/s0,mvtec,hazelnut,4,0,a4s1,71.24999999999999,94.92072031955938,67.51529122989656,110
mvtec/hazelnut/k4/s0,mvtec,hazelnut,4,0,a4s2,71.17857142857143,94.90205095222422,67.74404875081547,110
mvtec/hazelnut/k4/s0,mvtec,hazelnut,4,0,a4s3,71.25,94.87039989909327,67.47788013312356,110
mvtec/hazelnut/k4/s0,mvtec,hazelnut,4,0,a4s4,71.28571428571428,94.88738480628705,68.54660853591554,110
mvtec/hazelnut/k4/s0,mvtec,hazelnut,4,0,a4s5,71.42857142857143,94.89390117632443,67.72124311188091,110
mvtec/hazelnut/k4/s0,mvtec,hazelnut,4,0,a4s6,71.21428571428572,94.92473159770533,67.33512872747379,110
mvtec/hazelnut/k4/s0,mvtec,hazelnut,4,0,a4s7,71.32142857142857,94.90984380865139,67.9539663269034,110
mvtec/hazelnut/k4/s0,mvtec,hazelnut,4,0,a4s8,71.46428571428571,94.8967957390678,68.89388267150679,110
mvtec/hazelnut/k4/s0,mvtec,hazelnut,4,0,a4s9,71.17857142857143,94.91217639160551,67.30319223382061,110
mvtec/leather/k1/s0,mvtec,leather,1,0,a0,99.4225543478261,99.59618405576245,95.64809765972659,124
mvtec/leather/k1/s0,mvtec,leather,1,0,a2,97.11277173913044,99.62279147364062,96.19931530170682,124
mvtec/leather/k1/s0,mvtec,leather,1,0,a3,99.38858695652173,96.57014704158561,88.71757509513152,124
mvtec/leather/k1/s0,mvtec,leather,1,0,a5,98.26766304347827,96.71300222852311,86.07963626084609,124
mvtec/leather/k1/s0,mvtec,leather,1,0,a4s0,98.60733695652173,97.52161924865082,87.19507728010413,124
mvtec/leather/k1/s0,mvtec,leather,1,0,a4s1,98.67527173913044,97.50920144137923,87.15268205160464,124
mvtec/leather/k1/s0,mvtec,leather,1,0,a4s2,98.74320652173914,97.30500505820831,86.7945088636644,124
mvtec/leather/k1/s0,mvtec,leather,1,0,a4s3,98.60733695652173,97.58793436215221,87.25730672867752,124
mvtec/leather/k1/s0,mvtec,leather,1,0,a4s4,98.70923913043478,97.51830374305518,87.5014702444764,124
mvtec/leather/k1/s0,mvtec,leather,1,0,a4s5,98.7092391304348,97.2684737752545,86.8593630196138,124
mvtec/leather/k1/s0,mvtec,leather,1,0,a4s6,98.81114130434783,97.91666596128998,87.96905518287556,124
mvtec/leather/k1/s0,mvtec,leather,1,0,a4s7,98.7092391304348,97.59135145424837,87.58506880170044,124
mvtec/leather/k1/s0,mvtec,leather,1,0,a4s8,98.57336956521738,97.32767168835437,87.06161885742375,124
mvtec/leather/k1/s0,mvtec,leather,1,0,a4s9,98.57336956521738,97.25038717928065,87.41977354624278,124
mvtec/leather/k4/s0,mvtec,leather,4,0,a0,99.86413043478261,99.60041622024931,95.2086213254918,124
mvtec/leather/k4/s0,mvtec,leather,4,0,a2,98.02989130434783,99.63119398565719,96.05108400355692,124
mvtec/leather/k4/s0,mvtec,leather,4,0,a3,99.76222826086956,95.67971561266828,88.53282072767854,124
mvtec/leather/k4/s0,mvtec,leather,4,0,a5,99.7961956521739,95.76918180066596,87.60958375439245,124
mvtec/leather/k4/s0,mvtec,leather,4,0,a4s0,99.76222826086956,96.56655966458328,88.82745586215124,124
mvtec/leather/k4/s0,mvtec,leather,4,0,a4s1,99.76222826086956,96.34664856906822,88.74806776465603,124
mvtec/leather/k4/s0,mvtec,leather,4,0,a4s2,99.72826086956522,96.53488693290976,88.8238283327833,124
mvtec/leather/k4/s0,mvtec,leather,4,0,a4s3,99.72826086956522,96.48270383290836,88.60206946441757,124
mvtec/leather/k4/s0,mvtec,leather,4,0,a4s4,99.76222826086956,96.61243173758743,88.85171846190978,124
mvtec/leather/k4/s0,mvtec,leather,4,0,a4s5,99.76222826086956,96.43322709395208,88.73715228365516,124
mvtec/leather/k4/s0,mvtec,leather,4,0,a4s6,99.76222826086956,96.44390486827125,88.80171318003008,124
mvtec/leather/k4/s0,mvtec,leather,4,0,a4s7,99.76222826086956,96.44846941793503,88.53404951314351,124
mvtec/leather/k4/s0,mvtec,leather,4,0,a4s8,99.72826086956522,96.51118998710363,88.87598818440912,124
mvtec/leather/k4/s0,mvtec,leather,4,0,a4s9,99.76222826086956,96.70350601934308,88.74606880010472,124
mvtec/metal_nut/k1/s0,mvtec,metal_nut,1,0,a0,63.73411534701858,92.79561929354469,67.82554384444643,115
mvtec/metal_nut/k1/s0,mvtec,metal_nut,1,0,a2,64.51612903225806,93.19833493786079,68.76629061002627,115
mvtec/metal_nut/k1/s0,mvtec,metal_nut,1,0,a3,62.17008797653959,92.70760010930479,57.18571883130855,115
mvtec/metal_nut/k1/s0,mvtec,metal_nut,1,0,a5,61.97458455522972,92.696359090998,57.32623359122015,115
mvtec/metal_nut/k1/s0,mvtec,metal_nut,1,0,a4s0,61.92570869990225,92.71805866433067,57.45518308584441,115
mvtec/metal_nut/k1/s0,mvtec,metal_nut,1,0,a4s1,62.07233626588465,92.72367685641726,57.361217572747925,115
mvtec/metal_nut/k1/s0,mvtec,metal_nut,1,0,a4s2,62.023460410557185,92.7180244918796,57.40775082495922,115
mvtec/metal_nut/k1/s0,mvtec,metal_nut,1,0,a4s3,62.07233626588465,92.71881555594267,57.52419584396762,115
mvtec/metal_nut/k1/s0,mvtec,metal_nut,1,0,a4s4,62.07233626588465,92.7206831672407,57.31589962031114,115
mvtec/metal_nut/k1/s0,mvtec,metal_nut,1,0,a4s5,62.17008797653959,92.72331137038358,57.428672548911905,115
mvtec/metal_nut/k1/s0,mvtec,metal_nut,1,0,a4s6,62.121212121212125,92.72706085560588,57.38777696791717,115
mvtec/metal_nut/k1/s0,mvtec,metal_nut,1,0,a4s7,62.023460410557185,92.71075778590269,57.47305004406306,115
mvtec/metal_nut/k1/s0,mvtec,metal_nut,1,0,a4s8,61.87683284457478,92.73012770285864,57.263933773337904,115
mvtec/metal_nut/k1/s0,mvtec,metal_nut,1,0,a4s9,61.87683284457478,92.71760874936217,57.352971923774895,115
mvtec/metal_nut/k4/s0,mvtec,metal_nut,4,0,a0,83.47996089931573,96.44760758979464,80.4863948331624,115
mvtec/metal_nut/k4/s0,mvtec,metal_nut,4,0,a2,82.9423264907136,96.94990003237504,81.83424782097929,115
mvtec/metal_nut/k4/s0,mvtec,metal_nut,4,0,a3,65.78690127077223,88.89799155672478,32.195376953767095,115
mvtec/metal_nut/k4/s0,mvtec,metal_nut,4,0,a5,66.32453567937439,90.17184943470038,32.41933792527736,115
mvtec/metal_nut/k4/s0,mvtec,metal_nut,4,0,a4s0,65.68914956011731,89.95984766292237,32.36120400535532,115
mvtec/metal_nut/k4/s0,mvtec,metal_nut,4,0,a4s1,64.51612903225808,89.0592368968603,29.605485493809745,115
mvtec/metal_nut/k4/s0,mvtec,metal_nut,4,0,a4s2,63.78299120234604,89.33532736771618,28.767238299551188,115
mvtec/metal_nut/k4/s0,mvtec,metal_nut,4,0,a4s3,64.85826001955034,88.85250327148756,30.41014640495988,115
mvtec/metal_nut/k4/s0,mvtec,metal_nut,4,0,a4s4,63.58748778103617,89.06894600711581,28.29936049986191,115
mvtec/metal_nut/k4/s0,mvtec,metal_nut,4,0,a4s5,64.22287390029325,89.19817498777624,28.322903337926903,115
mvtec/metal_nut/k4/s0,mvtec,metal_nut,4,0,a4s6,66.12903225806453,89.19928159257296,30.89052365200166,115
mvtec/metal_nut/k4/s0,mvtec,metal_nut,4,0,a4s7,63.929618768328446,89.28277286575414,28.647821993231236,115
mvtec/metal_nut/k4/s0,mvtec,metal_nut,4,0,a4s8,64.51612903225806,89.08936426653376,29.65022434367831,115
mvtec/metal_nut/k4/s0,mvtec,metal_nut,4,0,a4s9,65.24926686217009,89.52893318531795,31.83430263321549,115
mvtec/pill/k1/s0,mvtec,pill,1,0,a0,75.58647026732133,94.61866596423909,84.6409694238929,167
mvtec/pill/k1/s0,mvtec,pill,1,0,a2,77.27768685215493,93.36122678517509,87.60318208810406,167
mvtec/pill/k1/s0,mvtec,pill,1,0,a3,59.76541189307147,82.49958810619809,36.28320196908664,167
mvtec/pill/k1/s0,mvtec,pill,1,0,a5,64.04800872885978,82.55538696134573,32.839522643486966,167
mvtec/pill/k1/s0,mvtec,pill,1,0,a4s0,58.5379159847245,80.38555831588641,29.071369893292065,167
mvtec/pill/k1/s0,mvtec,pill,1,0,a4s1,59.19258046917621,81.4267996740223,35.03998337933567,167
mvtec/pill/k1/s0,mvtec,pill,1,0,a4s2,58.18330605564647,79.9718848860916,28.643626478772973,167
mvtec/pill/k1/s0,mvtec,pill,1,0,a4s3,58.61974904528097,80.26086784867985,28.828759646548896,167
mvtec/pill/k1/s0,mvtec,pill,1,0,a4s4,58.89252591380251,80.12424951364883,27.945840938491123,167
mvtec/pill/k1/s0,mvtec,pill,1,0,a4s5,58.48336061102019,80.74173849049765,28.506171687838698,167
mvtec/pill/k1/s0,mvtec,pill,1,0,a4s6,58.12875068194218,80.46010348704552,28.3451318170694,167
mvtec/pill/k1/s0,mvtec,pill,1,0,a4s7,57.719585379159845,79.92097776525992,28.23195256678484,167
mvtec/pill/k1/s0,mvtec,pill,1,0,a4s8,58.674304418985265,80.57187824305075,27.391618082812542,167
mvtec/pill/k1/s0,mvtec,pill,1,0,a4s9,58.319694489907256,80.37814432997412,27.730131121165698,167
mvtec/pill/k4/s0,mvtec,pill,4,0,a0,79.26895799236225,95.30797393139193,86.90086621201159,167
mvtec/pill/k4/s0,mvtec,pill,4,0,a2,81.66939443535189,94.737244423014,89.12538449661736,167
mvtec/pill/k4/s0,mvtec,pill,4,0,a3,63.96617566830333,85.4657620805908,41.0188351030037,167
mvtec/pill/k4/s0,mvtec,pill,4,0,a5,66.06655755591926,85.00625040398478,42.64661340351647,167
mvtec/pill/k4/s0,mvtec,pill,4,0,a4s0,63.693398799781775,84.69775524811287,39.29863099175247,167
mvtec/pill/k4/s0,mvtec,pill,4,0,a4s1,63.44789961811239,84.63363520312063,39.08755248954896,167
mvtec/pill/k4/s0,mvtec,pill,4,0,a4s2,63.47517730496455,84.4159203844167,39.32440056530272,167
mvtec/pill/k4/s0,mvtec,pill,4,0,a4s3,64.40261865793781,84.76637022060609,40.66547177144497,167
mvtec/pill/k4/s0,mvtec,pill,4,0,a4s4,63.693398799781775,84.41021356704346,39.40327684416249,167
mvtec/pill/k4/s0,mvtec,pill,4,0,a4s5,63.99345335515548,84.42378169325424,38.597127007932905,167
mvtec/pill/k4/s0,mvtec,pill,4,0,a4s6,64.51172940534644,84.42107469347557,39.321749910091356,167
mvtec/pill/k4/s0,mvtec,pill,4,0,a4s7,64.0480087288598,84.46763621104888,39.08717390804548,167
mvtec/pill/k4/s0,mvtec,pill,4,0,a4s8,63.829787234042556,84.37123964907639,39.62563550692983,167
mvtec/pill/k4/s0,mvtec,pill,4,0,a4s9,64.1571194762684,84.08174354957448,39.00269061667131,167
mvtec/screw/k1/s0,mvtec,screw,1,0,a0,49.68231194916991,92.75116151041362,42.37727494615739,160
mvtec/screw/k1/s0,mvtec,screw,1,0,a2,49.35437589670014,92.54073150758428,38.14185262939969,160
mvtec/screw/k1/s0,mvtec,screw,1,0,a3,49.68231194916991,92.75116151155628,42.37727489663613,160
mvtec/screw/k1/s0,mvtec,screw,1,0,a5,49.68231194916991,92.75116151155628,42.37727489663613,160
mvtec/screw/k1/s0,mvtec,screw,1,0,a4s0,49.68231194916991,92.75116151155628,42.37727489663613,160
mvtec/screw/k1/s0,mvtec,screw,1,0,a4s1,49.68231194916991,92.75116151155628,42.37727489663613,160
mvtec/screw/k1/s0,mvtec,screw,1,0,a4s2,49.68231194916991,92.75116151155628,42.37727489663613,160
mvtec/screw/k1/s0,mvtec,screw,1,0,a4s3,49.68231194916991,92.75116151155628,42.37727489663613,160
mvtec/screw/k1/s0,mvtec,screw,1,0,a4s4,49.68231194916991,92.75116151155628,42.37727489663613,160
mvtec/screw/k1/s0,mvtec,screw,1,0,a4s5,49.68231194916991,92.75116151155628,42.37727489663613,160
mvtec/screw/k1/s0,mvtec,screw,1,0,a4s6,49.68231194916991,92.75116151155628,42.37727489663613,160
mvtec/screw/k1/s0,mvtec,screw,1,0,a4s7,49.68231194916991,92.75116151155628,42.37727489663613,160
mvtec/screw/k1/s0,mvtec,screw,1,0,a4s8,49.68231194916991,92.75116151155628,42.37727489663613,160
mvtec/screw/k1/s0,mvtec,screw,1,0,a4s9,49.68231194916991,92.75116151155628,42.37727489663613,160
mvtec/screw/k4/s0,mvtec,screw,4,0,a0,59.868825579012096,93.74579248345495,48.5508991422192,160
mvtec/screw/k4/s0,mvtec,screw,4,0,a2,58.33162533306005,94.35617141239753,46.96070222394631,160
mvtec/screw/k4/s0,mvtec,screw,4,0,a3,59.74584955933593,93.72574117866638,47.941341734646805,160
mvtec/screw/k4/s0,mvtec,screw,4,0,a5,59.72535355605657,93.73567540332445,48.08783283973687,160
mvtec/screw/k4/s0,mvtec,screw,4,0,a4s0,59.74584955933593,93.73163974059325,48.112212187225154,160
mvtec/screw/k4/s0,mvtec,screw,4,0,a4s1,59.74584955933593,93.72241116118246,48.03493281630279,160
mvtec/screw/k4/s0,mvtec,screw,4,0,a4s2,59.74584955933593,93.73191207130597,48.01630343910463,160
mvtec/screw/k4/s0,mvtec,screw,4,0,a4s3,59.74584955933593,93.72573003439261,48.06335816020476,160
mvtec/screw/k4/s0,mvtec,screw,4,0,a4s4,59.74584955933593,93.7277273704958,48.01258657548762,160
mvtec/screw/k4/s0,mvtec,screw,4,0,a4s5,59.74584955933593,93.72696631962906,48.11124477940738,160
mvtec/screw/k4/s0,mvtec,screw,4,0,a4s6,59.74584955933593,93.7259040833384,48.02635864023437,160
mvtec/screw/k4/s0,mvtec,screw,4,0,a4s7,59.74584955933593,93.72438311251315,48.04552656632452,160
mvtec/screw/k4/s0,mvtec,screw,4,0,a4s8,59.74584955933593,93.72303197871614,48.0262746968561,160
mvtec/screw/k4/s0,mvtec,screw,4,0,a4s9,59.74584955933593,93.72052483816161,47.99506878561156,160
mvtec/tile/k1/s0,mvtec,tile,1,0,a0,97.54689754689755,96.88547651869762,63.85628744114948,117
mvtec/tile/k1/s0,mvtec,tile,1,0,a2,97.18614718614718,97.01644729542306,68.57615362862897,117
mvtec/tile/k1/s0,mvtec,tile,1,0,a3,96.42857142857143,90.39092890115774,51.862898241194,117
mvtec/tile/k1/s0,mvtec,tile,1,0,a5,96.42857142857143,89.06485981246274,46.9953389260855,117
mvtec/tile/k1/s0,mvtec,tile,1,0,a4s0,96.42857142857143,90.61184764786935,54.23122380314729,117
mvtec/tile/k1/s0,mvtec,tile,1,0,a4s1,96.75324675324674,90.60109116068539,53.5688825258422,117
mvtec/tile/k1/s0,mvtec,tile,1,0,a4s2,96.35642135642135,90.58913494080338,53.76042461018218,117
mvtec/tile/k1/s0,mvtec,tile,1,0,a4s3,96.3924963924964,90.53998798305656,53.4180170819292,117
mvtec/tile/k1/s0,mvtec,tile,1,0,a4s4,96.35642135642135,90.58378369305515,53.403383180539585,117
mvtec/tile/k1/s0,mvtec,tile,1,0,a4s5,96.42857142857143,90.58405510440967,53.9547696074998,117
mvtec/tile/k1/s0,mvtec,tile,1,0,a4s6,96.42857142857143,90.76200449804625,53.78677745758601,117
mvtec/tile/k1/s0,mvtec,tile,1,0,a4s7,96.39249639249638,90.50811006186005,53.59046265343345,117
mvtec/tile/k1/s0,mvtec,tile,1,0,a4s8,96.39249639249638,90.43659949993467,53.36353271115851,117
mvtec/tile/k1/s0,mvtec,tile,1,0,a4s9,96.46464646464646,90.35140316622305,53.58926691107116,117
mvtec/tile/k4/s0,mvtec,tile,4,0,a0,99.78354978354977,97.23246497738617,64.04084238526472,117
mvtec/tile/k4/s0,mvtec,tile,4,0,a2,99.78354978354979,97.3841994023638,68.72331971310236,117
mvtec/tile/k4/s0,mvtec,tile,4,0,a3,99.71139971139971,95.99746302012481,63.99530081817021,117
mvtec/tile/k4/s0,mvtec,tile,4,0,a5,99.71139971139971,95.4433585559594,63.328604781741994,117
mvtec/tile/k4/s0,mvtec,tile,4,0,a4s0,99.71139971139971,96.09074050141498,64.72925054773607,117
mvtec/tile/k4/s0,mvtec,tile,4,0,a4s1,99.78354978354977,96.02363191068753,63.817476420105855,117
mvtec/tile/k4/s0,mvtec,tile,4,0,a4s2,99.71139971139971,95.64389950099226,64.37783725393398,117
mvtec/tile/k4/s0,mvtec,tile,4,0,a4s3,99.71139971139971,95.98662826919839,65.40435572934726,117
mvtec/tile/k4/s0,mvtec,tile,4,0,a4s4,99.71139971139971,95.69766556067236,63.883468718848015,117
mvtec/tile/k4/s0,mvtec,tile,4,0,a4s5,99.71139971139971,96.09356994728631,65.56036128097018,117
mvtec/tile/k4/s0,mvtec,tile,4,0,a4s6,99.71139971139971,95.94857623329274,64.03618051778918,117
mvtec/tile/k4/s0,mvtec,tile,4,0,a4s7,99.71139971139971,95.5647811088456,63.771426293173846,117
mvtec/tile/k4/s0,mvtec,tile,4,0,a4s8,99.78354978354977,95.5259158920588,64.1053217688421,117
mvtec/tile/k4/s0,mvtec,tile,4,0,a4s9,99.67532467532467,96.11718504636177,65.32747887398486,117
mvtec/toothbrush/k1/s0,mvtec,toothbrush,1,0,a0,75.27777777777777,98.61212294779517,65.75541590327558,42
mvtec/toothbrush/k1/s0,mvtec,toothbrush,1,0,a2,73.88888888888889,98.52040760174464,66.97567067670923,42
mvtec/toothbrush/k1/s0,mvtec,toothbrush,1,0,a3,58.33333333333333,81.28005457283916,11.591207342053881,42
mvtec/toothbrush/k1/s0,mvtec,toothbrush,1,0,a5,60.00000000000001,79.53997052444336,9.664254021886435,42
mvtec/toothbrush/k1/s0,mvtec,toothbrush,1,0,a4s0,57.22222222222222,81.2134677080345,7.703203119606382,42
mvtec/toothbrush/k1/s0,mvtec,toothbrush,1,0,a4s1,56.666666666666664,81.7341590663377,8.384281572665014,42
mvtec/toothbrush/k1/s0,mvtec,toothbrush,1,0,a4s2,57.22222222222222,81.70359929448838,8.107335968472276,42
mvtec/toothbrush/k1/s0,mvtec,toothbrush,1,0,a4s3,57.22222222222223,81.50725873534736,7.113435071116184,42
mvtec/toothbrush/k1/s0,mvtec,toothbrush,1,0,a4s4,57.22222222222222,81.83858259902021,7.947320550646876,42
mvtec/toothbrush/k1/s0,mvtec,toothbrush,1,0,a4s5,56.666666666666664,81.77688660351433,7.198379264512288,42
mvtec/toothbrush/k1/s0,mvtec,toothbrush,1,0,a4s6,57.777777777777786,81.84554214356392,7.810613196431262,42
mvtec/toothbrush/k1/s0,mvtec,toothbrush,1,0,a4s7,57.22222222222223,81.49507649207419,7.729932543244736,42
mvtec/toothbrush/k1/s0,mvtec,toothbrush,1,0,a4s8,57.22222222222223,81.57637189414842,7.536127096046949,42
mvtec/toothbrush/k1/s0,mvtec,toothbrush,1,0,a4s9,57.50000000000001,82.33841731140423,7.231734179975789,42
mvtec/toothbrush/k4/s0,mvtec,toothbrush,4,0,a0,91.3888888888889,99.25424114291451,76.80718568891767,42
mvtec/toothbrush/k4/s0,mvtec,toothbrush,4,0,a2,88.61111111111111,99.33335261200209,80.60022125612964,42
mvtec/toothbrush/k4/s0,mvtec,toothbrush,4,0,a3,81.38888888888889,89.79035575905931,60.063228793770726,42
mvtec/toothbrush/k4/s0,mvtec,toothbrush,4,0,a5,82.22222222222223,87.83645657755706,59.05508659284069,42
mvtec/toothbrush/k4/s0,mvtec,toothbrush,4,0,a4s0,80.27777777777779,91.78346004752306,58.135698146327655,42
mvtec/toothbrush/k4/s0,mvtec,toothbrush,4,0,a4s1,79.16666666666666,91.58365599451048,57.06193542709964,42
mvtec/toothbrush/k4/s0,mvtec,toothbrush,4,0,a4s2,78.61111111111111,91.95547545428364,57.875053869658146,42
mvtec/toothbrush/k4/s0,mvtec,toothbrush,4,0,a4s3,81.94444444444446,92.99984320276556,59.05241798289044,42
mvtec/toothbrush/k4/s0,mvtec,toothbrush,4,0,a4s4,79.72222222222221,91.96970071904462,63.09285192249454,42
mvtec/toothbrush/k4/s0,mvtec,toothbrush,4,0,a4s5,80.27777777777777,91.40621265573293,58.070231565425665,42
mvtec/toothbrush/k4/s0,mvtec,toothbrush,4,0,a4s6,79.72222222222221,91.4963871829962,60.388482730979185,42
mvtec/toothbrush/k4/s0,mvtec,toothbrush,4,0,a4s7,81.38888888888889,93.04958777186152,59.95913709435835,42
mvtec/toothbrush/k4/s0,mvtec,toothbrush,4,0,a4s8,79.72222222222221,91.78449566300051,60.31800785496889,42
mvtec/toothbrush/k4/s0,mvtec,toothbrush,4,0,a4s9,80.27777777777779,92.42523080773613,59.323277952824974,42
mvtec/transistor/k1/s0,mvtec,transistor,1,0,a0,76.04166666666666,93.12923536564149,54.35620666827066,100
mvtec/transistor/k1/s0,mvtec,transistor,1,0,a2,79.08333333333333,93.8951265266464,57.093857853685094,100
mvtec/transistor/k1/s0,mvtec,transistor,1,0,a3,67.25,81.64758990559746,21.194585680144414,100
mvtec/transistor/k1/s0,mvtec,transistor,1,0,a5,65.95833333333333,83.85697402429454,24.709632390005,100
mvtec/transistor/k1/s0,mvtec,transistor,1,0,a4s0,66.45833333333333,77.8559844364876,19.136258147766743,100
mvtec/transistor/k1/s0,mvtec,transistor,1,0,a4s1,65.12499999999999,77.55795802793156,19.13655282877147,100
mvtec/transistor/k1/s0,mvtec,transistor,1,0,a4s2,65.45833333333334,77.63808832523146,18.801529976261396,100
mvtec/transistor/k1/s0,mvtec,transistor,1,0,a4s3,65.70833333333333,77.3343338135935,19.20220415838764,100
mvtec/transistor/k1/s0,mvtec,transistor,1,0,a4s4,66.875,78.1345555134047,19.220723175969876,100
mvtec/transistor/k1/s0,mvtec,transistor,1,0,a4s5,66.25,77.84735773068739,19.52349956549843,100
mvtec/transistor/k1/s0,mvtec,transistor,1,0,a4s6,66.33333333333333,78.9132235973929,19.180384850418207,100
mvtec/transistor/k1/s0,mvtec,transistor,1,0,a4s7,65.5,78.56600248653407,19.817436593951673,100
mvtec/transistor/k1/s0,mvtec,transistor,1,0,a4s8,65.58333333333334,77.58404450929969,19.19417782507126,100
mvtec/transistor/k1/s0,mvtec,transistor,1,0,a4s9,65.95833333333333,77.51745537183783,19.35204789975701,100
mvtec/transistor/k4/s0,mvtec,transistor,4,0,a0,93.29166666666666,95.50827289003792,62.427376397179316,100
mvtec/transistor/k4/s0,mvtec,transistor,4,0,a2,95.33333333333333,95.9133026516113,64.2630661865503,100
mvtec/transistor/k4/s0,mvtec,transistor,4,0,a3,87.75,88.55204172755526,29.824626844241394,100
mvtec/transistor/k4/s0,mvtec,transistor,4,0,a5,88.50000000000001,88.3936865682988,28.358951176950363,100
mvtec/transistor/k4/s0,mvtec,transistor,4,0,a4s0,87.29166666666667,84.80538330646965,24.691931718559587,100
mvtec/transistor/k4/s0,mvtec,transistor,4,0,a4s1,87.625,84.5376953943339,26.236466969290785,100
mvtec/transistor/k4/s0,mvtec,transistor,4,0,a4s2,87.45833333333333,83.96790835119184,23.502415283679717,100
mvtec/transistor/k4/s0,mvtec,transistor,4,0,a4s3,87.75,84.83057688441788,24.75421398933741,100
mvtec/transistor/k4/s0,mvtec,transistor,4,0,a4s4,87.29166666666667,84.51645968200508,24.350995661710964,100
mvtec/transistor/k4/s0,mvtec,transistor,4,0,a4s5,87.66666666666667,84.02782539209788,25.703231020063328,100
mvtec/transistor/k4/s0,mvtec,transistor,4,0,a4s6,87.29166666666667,84.58744496253594,24.604188694456283,100
mvtec/transistor/k4/s0,mvtec,transistor,4,0,a4s7,87.5,84.96459422836806,24.56307938376168,100
mvtec/transistor/k4/s0,mvtec,transistor,4,0,a4s8,87.29166666666667,83.9678787236516,24.499985311754973,100
mvtec/transistor/k4/s0,mvtec,transistor,4,0,a4s9,87.45833333333334,84.02057319000093,24.739051913312696,100
mvtec/wood/k1/s0,mvtec,wood,1,0,a0,83.85964912280703,95.52772692238052,83.62157232311742,79
mvtec/wood/k1/s0,mvtec,wood,1,0,a2,83.85964912280701,95.22761478616046,85.42971099842042,79
mvtec/wood/k1/s0,mvtec,wood,1,0,a3,83.85964912280703,95.52772692045723,83.6215723291738,79
mvtec/wood/k1/s0,mvtec,wood,1,0,a5,83.85964912280703,95.52772692045723,83.6215723291738,79
mvtec/wood/k1/s0,mvtec,wood,1,0,a4s0,83.85964912280703,95.52772692045723,83.6215723291738,79
mvtec/wood/k1/s0,mvtec,wood,1,0,a4s1,83.85964912280703,95.52772692045723,83.6215723291738,79
mvtec/wood/k1/s0,mvtec,wood,1,0,a4s2,83.85964912280703,95.52772692045723,83.6215723291738,79
mvtec/wood/k1/s0,mvtec,wood,1,0,a4s3,83.85964912280703,95.52772692045723,83.6215723291738,79
mvtec/wood/k1/s0,mvtec,wood,1,0,a4s4,83.85964912280703,95.52772692045723,83.6215723291738,79
mvtec/wood/k1/s0,mvtec,wood,1,0,a4s5,83.85964912280703,95.52772692045723,83.6215723291738,79
mvtec/wood/k1/s0,mvtec,wood,1,0,a4s6,83.85964912280703,95.52772692045723,83.6215723291738,79
mvtec/wood/k1/s0,mvtec,wood,1,0,a4s7,83.85964912280703,95.52772692045723,83.6215723291738,79
mvtec/wood/k1/s0,mvtec,wood,1,0,a4s8,83.85964912280703,95.52772692045723,83.6215723291738,79
mvtec/wood/k1/s0,mvtec,wood,1,0,a4s9,83.85964912280703,95.52772692045723,83.6215723291738,79
mvtec/wood/k4/s0,mvtec,wood,4,0,a0,84.12280701754386,95.878405177294,83.07469381694612,79
mvtec/wood/k4/s0,mvtec,wood,4,0,a2,84.91228070175438,95.5918339753178,85.35168421183282,79
mvtec/wood/k4/s0,mvtec,wood,4,0,a3,77.98245614035089,84.87454565643652,63.62455361359881,79
mvtec/wood/k4/s0,mvtec,wood,4,0,a5,78.15789473684211,84.42062462707095,63.43739390723483,79
mvtec/wood/k4/s0,mvtec,wood,4,0,a4s0,77.98245614035088,86.30664256045995,64.00360015608166,79
mvtec/wood/k4/s0,mvtec,wood,4,0,a4s1,77.89473684210526,86.29032108305499,64.436320959703,79
mvtec/wood/k4/s0,mvtec,wood,4,0,a4s2,77.89473684210526,86.27660629504452,64.77077686589666,79
mvtec/wood/k4/s0,mvtec,wood,4,0,a4s3,77.89473684210526,86.17232859106821,64.13200658772365,79
mvtec/wood/k4/s0,mvtec,wood,4,0,a4s4,78.0701754385965,86.52227446797856,63.81066851318957,79
mvtec/wood/k4/s0,mvtec,wood,4,0,a4s5,77.63157894736842,86.35401194661951,63.9304353415003,79
mvtec/wood/k4/s0,mvtec,wood,4,0,a4s6,77.54385964912281,86.30177500480889,63.97456290086701,79
mvtec/wood/k4/s0,mvtec,wood,4,0,a4s7,78.0701754385965,86.30495962571342,63.87872333062803,79
mvtec/wood/k4/s0,mvtec,wood,4,0,a4s8,77.80701754385964,86.3803600548677,64.24490091872073,79
mvtec/wood/k4/s0,mvtec,wood,4,0,a4s9,77.71929824561403,86.27512511926089,64.34354566222811,79
mvtec/zipper/k1/s0,mvtec,zipper,1,0,a0,94.24894957983193,94.75496872881325,69.19086506166033,151
mvtec/zipper/k1/s0,mvtec,zipper,1,0,a2,95.16806722689076,96.92024605595064,72.95590755773638,151
mvtec/zipper/k1/s0,mvtec,zipper,1,0,a3,79.46428571428572,83.19287486594213,35.54292053461196,151
mvtec/zipper/k1/s0,mvtec,zipper,1,0,a5,81.95903361344538,74.84026810873996,29.716728988604146,151
mvtec/zipper/k1/s0,mvtec,zipper,1,0,a4s0,78.49264705882354,81.42355584241473,32.424639133017905,151
mvtec/zipper/k1/s0,mvtec,zipper,1,0,a4s1,79.59558823529412,81.02614791031627,33.52358849577498,151
mvtec/zipper/k1/s0,mvtec,zipper,1,0,a4s2,80.01575630252101,81.34260867811072,32.495068240298366,151
mvtec/zipper/k1/s0,mvtec,zipper,1,0,a4s3,78.93907563025209,80.95929130803977,32.38308056790539,151
mvtec/zipper/k1/s0,mvtec,zipper,1,0,a4s4,80.3046218487395,81.25112771251023,33.26397947226379,151
mvtec/zipper/k1/s0,mvtec,zipper,1,0,a4s5,79.14915966386555,81.03099444076605,33.37618552189009,151
mvtec/zipper/k1/s0,mvtec,zipper,1,0,a4s6,78.23004201680672,81.63057547543514,33.22685179807039,151
mvtec/zipper/k1/s0,mvtec,zipper,1,0,a4s7,78.17752100840336,81.36471776075804,32.804520441643206,151
mvtec/zipper/k1/s0,mvtec,zipper,1,0,a4s8,79.28046218487395,81.22505359316828,32.236383597834845,151
mvtec/zipper/k1/s0,mvtec,zipper,1,0,a4s9,77.88865546218487,81.59237633997802,33.159595207413226,151
mvtec/zipper/k4/s0,mvtec,zipper,4,0,a0,98.60819327731092,95.47622271272738,68.66044161553113,151
mvtec/zipper/k4/s0,mvtec,zipper,4,0,a2,99.23844537815127,98.18583727058909,76.92907956037753,151
mvtec/zipper/k4/s0,mvtec,zipper,4,0,a3,90.65126050420169,92.38678650686882,60.31203610619721,151
mvtec/zipper/k4/s0,mvtec,zipper,4,0,a5,90.99264705882352,82.3893430377039,48.569645277145604,151
mvtec/zipper/k4/s0,mvtec,zipper,4,0,a4s0,88.5766806722689,88.64155054623744,53.13912292662106,151
mvtec/zipper/k4/s0,mvtec,zipper,4,0,a4s1,87.2373949579832,89.58676806124191,53.92286269398872,151
mvtec/zipper/k4/s0,mvtec,zipper,4,0,a4s2,88.07773109243698,89.41061318348858,53.84990690723684,151
mvtec/zipper/k4/s0,mvtec,zipper,4,0,a4s3,87.18487394957984,88.78564122150466,52.48648988759649,151
mvtec/zipper/k4/s0,mvtec,zipper,4,0,a4s4,88.81302521008404,88.5990117063272,54.69232681597427,151
mvtec/zipper/k4/s0,mvtec,zipper,4,0,a4s5,87.94642857142857,88.93924553633661,53.36566774983036,151
mvtec/zipper/k4/s0,mvtec,zipper,4,0,a4s6,88.15651260504201,88.73746145383078,53.92401435290361,151
mvtec/zipper/k4/s0,mvtec,zipper,4,0,a4s7,89.65336134453781,88.82883743632843,53.542134239536445,151
mvtec/zipper/k4/s0,mvtec,zipper,4,0,a4s8,88.68172268907563,88.97483726812206,52.84607740603104,151
mvtec/zipper/k4/s0,mvtec,zipper,4,0,a4s9,88.60294117647058,89.28752337280088,54.72473088278977,151
